station_id,timestamp,temperature_c,ph,turbidity_ntu,conductivity_uscm,flow_rate_lpm,free_chlorine_mgL
STN001,01/08/2024 00:00,18.264024221894832,6.863383911905134,2.9535922057113977,465.1417190250247,0.5,0.2990141716902212
STN001,01/08/2024 00:15,10.078146876299659,6.970292665123941,2.2470432737717427,438.531246337928,0.5,0.2191556465856751
STN001,01/08/2024 00:30,14.933027805594019,7.214342865193302,2.865926652620776,489.0464630830882,0.5,0.8120672038959809
STN001,01/08/2024 00:45,14.27312449980864,7.035853481700426,6.71776019097644,550.2386414182034,1.0,0.2240266496956243
STN001,01/08/2024 01:00,3.0774569538798335,7.129740672306017,0.8163450993083683,402.432726818912,2.0,0.292570381171761
STN001,01/08/2024 01:15,0.15822953918202654,6.746156474258626,5.90439480771969,490.2786943166878,0.5,0.0432194982706588
STN001,01/08/2024 01:30,16.16359640720686,7.0113653557666415,2.667673262757965,459.2495933792733,2.0,0.4874569423691426
STN001,01/08/2024 01:45,3.1982729242729424,6.746971189084473,6.188116629873699,498.2552853664283,0.5,0.2020324949614332
STN001,01/08/2024 02:00,18.82295852905497,7.070898703892456,2.681200706619388,498.79390740364335,0.2,0.1576370845136388
STN001,01/08/2024 02:15,3.429702181751191,6.5745159655629335,2.730565675753069,401.03824845471047,0.0,0.4676177910994838
STN001,01/08/2024 02:30,6.895602146091564,6.874433091746004,3.3046180710163693,460.35997746611616,0.0,0.0181085330741148
STN001,01/08/2024 02:45,7.228208058431738,6.740543221196801,7.93601771949784,546.5660754018736,0.5,0.1678804656204043
STN001,01/08/2024 03:00,14.381889756764979,6.704460765753905,2.956399234029467,454.3710906784462,0.5,0.2853893334790189
STN001,01/08/2024 03:15,0.24233339771335682,6.69410918586483,3.69818272474798,440.9562149314471,1.0,0.2642412919038341
STN001,01/08/2024 03:30,6.909937523202614,6.747683719531642,6.724923296900325,493.6728428531824,1.0,0.2782739680322044
STN001,01/08/2024 03:45,2.4128631354648977,6.5,4.780878758089939,501.62401358247865,0.0,0.342263707432135
STN001,01/08/2024 04:00,16.455157165547845,6.733721098124496,2.713603396453882,464.9144319435949,0.2,0.0787633556012499
STN001,01/08/2024 04:15,2.451005973145497,6.877804916810351,5.221357823196199,563.8882963188292,0.2,0.0125446584698026
STN001,01/08/2024 04:30,0.939614129824502,6.880752983504814,4.033136757584841,468.5659530342385,0.5,1.1257569544176245
STN001,01/08/2024 04:45,19.61348873735688,6.5,6.342831119647825,545.1986188041009,0.2,0.3252024234130905
STN001,01/08/2024 05:00,13.163988387851848,6.839371117027109,5.477266095339529,503.6851195285333,0.2,0.1287675908348075
STN001,01/08/2024 05:15,12.350903087773606,6.5,2.976495140008216,502.80245420326094,2.0,0.2905030111904158
STN001,01/08/2024 05:30,8.643095179803195,7.263131821808437,1.4718132946872602,399.8521982794927,2.0,0.2067931097893182
STN001,01/08/2024 05:45,3.6090010133522155,7.450775684967171,7.147311725563422,578.992432810996,0.2,0.4615624823380594
STN001,01/08/2024 06:00,4.063696714000827,7.393898941056264,4.851041919743018,501.0470465048611,0.5,0.9576974595242662
STN001,01/08/2024 06:15,14.55481562698038,6.694284134024545,5.257517128787457,492.48542310926734,0.5,0.4761276216835076
STN001,01/08/2024 06:30,14.191468188884642,6.930377457635743,7.510305276886556,556.1228915975796,1.0,0.1639847090191654
STN001,01/08/2024 06:45,16.821087008584254,6.806601600170322,5.20511509411911,487.6269924538017,0.5,0.8292302867281027
STN001,01/08/2024 07:00,19.459131483972566,6.5,5.676559681686821,521.8122580843265,0.2,0.9182251002833496
STN001,01/08/2024 07:15,16.43558419840521,6.973045373170705,6.690267528162892,546.5770254990297,1.0,0.9608953588503162
STN001,01/08/2024 07:30,2.6880481838519055,6.764585917777277,6.786513558928655,459.9196262273827,0.5,0.1471227827580536
STN001,01/08/2024 07:45,5.420784541745871,6.5,2.923835985409082,405.0727052246827,0.2,0.0304359853598146
STN001,01/08/2024 08:00,9.16006920082516,6.63648416666398,4.231038714909502,510.0939837658845,0.5,0.2126955256605448
STN001,01/08/2024 08:15,14.863482535199157,6.5,2.169083061958835,470.5538596968371,0.5,0.3015821423823431
STN001,01/08/2024 08:30,12.862447559017543,7.0608399004282765,5.408770342332334,516.7611821034665,0.5,0.4340704085550693
STN001,01/08/2024 08:45,8.362474748321096,7.432339103072035,5.884563969647291,530.0574574476518,0.2,0.2918718109224924
STN001,01/08/2024 09:00,6.427385431399575,7.249479279195405,6.992469817995699,539.248318813055,0.5,0.4821670590984434
STN001,01/08/2024 09:15,4.135399747026183,7.206735970480746,5.922103202152225,508.94341828256046,0.0,0.3846285924450063
STN001,01/08/2024 09:30,8.188793921494817,6.955386297876604,3.8625123797575096,408.9939127663142,1.0,1.0558113625568364
STN001,01/08/2024 09:45,6.897771472597142,6.5998899725608,2.827588542431438,447.7852499162537,0.2,0.4291489219301489
STN001,01/08/2024 10:00,3.426079006354932,6.792869434710671,3.415289242676157,446.2501198834169,0.0,0.4943371286155191
STN001,01/08/2024 10:15,15.13551029113502,6.770728602108961,5.685976594041486,508.7939660232285,1.0,1.2368108097258306
STN001,01/08/2024 10:30,13.744037850753612,6.5,5.6032769966603775,499.23543347720926,1.0,0.2997010203397067
STN001,01/08/2024 10:45,14.35975311968799,6.918722856495226,1.1115925822886736,408.34771566646896,2.0,0.0659453752080918
STN001,01/08/2024 11:00,7.479508407194507,7.144512563105396,3.5683494007477528,473.25664769053327,0.5,0.8948695145614682
STN001,01/08/2024 11:15,19.079364845825683,6.905590630446493,7.944982029140386,576.0007074384573,0.2,0.4135815315826471
STN001,01/08/2024 11:30,17.3394609544714,7.348549840993038,4.71310377299349,492.6127054545159,1.0,1.09887769234279
STN001,01/08/2024 11:45,14.789572686189665,6.900712534577713,4.004044184801654,465.113579990275,1.0,0.4791711060371234
STN001,01/08/2024 12:00,7.149796747165635,6.5,3.729305672100326,417.872426614544,0.2,0.2170959225109882
STN001,01/08/2024 12:15,4.58210022296525,7.654604860730642,2.304479556686948,452.9908147603688,2.0,0.6102340064926777
STN001,01/08/2024 12:30,17.64523478509522,6.933663385436439,5.557940071272061,507.7554941212431,0.2,0.256372532281849
STN001,01/08/2024 12:45,0.6842930305247652,7.139344497680703,2.526091235438055,465.6424160851136,2.0,0.141104168904782
STN001,01/08/2024 13:00,12.89729422366354,6.5,1.4309688304339363,471.5303990160962,2.0,0.5167450320795175
STN001,01/08/2024 13:15,11.568593804613474,6.96258947276206,2.6504776622018404,500.1417190834822,1.0,0.9743160699048372
STN001,01/08/2024 13:30,0.6997078436505433,6.5,0.7798099917820314,428.0837463376448,2.0,1.388915891570725
STN001,01/08/2024 13:45,11.264474430657854,6.7510077171462965,3.807969514044837,507.1379342277893,1.0,0.3087542136459652
STN001,01/08/2024 14:00,13.403629778486435,6.810497944995447,5.78620487613982,551.0930551745234,0.2,0.0850087028942306
STN001,01/08/2024 14:15,19.772253795913745,6.696081527485438,7.753027449232466,549.7859077873055,0.5,0.4513594372079203
STN001,01/08/2024 14:30,19.791316168010297,7.114541298146758,6.252502139686644,544.1230019464851,0.0,0.4532568539487366
STN001,01/08/2024 14:45,12.194425904347117,6.520898173377762,3.036658295813325,436.605718625458,0.5,0.3394146154615336
STN001,01/08/2024 15:00,15.571021705589228,6.988572373992803,6.156602102767201,518.6408604887474,1.0,0.2664126743624906
STN001,01/08/2024 15:15,15.253253809005681,7.417322324407179,2.7353427466003217,445.8527519634155,0.5,0.1646934295382275
STN001,01/08/2024 15:30,10.922525471101956,6.719870182320974,2.367732350967275,478.46407454259446,0.5,0.4968637957188602
STN001,01/08/2024 15:45,7.791012390096721,6.97719701664852,3.2823801957143344,466.6857786561688,0.5,0.2691545998139256
STN001,01/08/2024 16:00,12.944533953332495,6.854424734125068,0.9347997117715034,422.65533161319627,2.0,0.0403422175196027
STN001,01/08/2024 16:15,3.2989461725108615,7.029061164047988,3.7967882628006735,482.2253765907512,0.0,0.0740564885803313
STN001,01/08/2024 16:30,9.345975304305243,7.701356381059473,2.2201834890909327,432.3747504711753,0.5,0.4976732801497542
STN001,01/08/2024 16:45,4.022822708787615,6.619505471322831,5.591179533785602,522.5252537330375,0.2,0.3540771867214961
STN001,01/08/2024 17:00,5.5144123237807445,6.722511840837617,7.951034281808902,533.1576928291759,1.0,0.3199364467348379
STN001,01/08/2024 17:15,4.771976972019479,6.885033145032739,6.424365177946691,518.4029870647735,0.2,0.3631268488669235
STN001,01/08/2024 17:30,9.678818197903462,6.664407982047666,7.093684495079616,558.0457781256932,1.0,0.0664097402158642
STN001,01/08/2024 17:45,12.268105246377885,6.898940816518728,5.142090098056931,545.0326798811288,0.2,0.4045314432289904
STN001,01/08/2024 18:00,0.5362713892352788,6.809440518061422,5.224709569516952,509.5139941495564,0.2,0.0066450305526896
STN001,01/08/2024 18:15,19.515920535116212,6.719805121707861,0.3687223246868018,425.4907168787736,2.0,0.4648243736475782
STN001,01/08/2024 18:30,9.449957584802018,7.12816007256312,7.506352841019146,582.9652475569698,0.0,0.5971070913299402
STN001,01/08/2024 18:45,6.989339443691653,7.060410204700297,5.576345733880161,531.862555915684,0.5,0.3185967099107741
STN001,01/08/2024 19:00,3.4004231665873896,6.621273595874726,4.978558100345764,471.1770637283751,0.0,1.4342580620422762
STN001,01/08/2024 19:15,4.77175629608519,6.68595321087142,5.9697073080396255,498.62234432227007,0.5,0.3300078933251162
STN001,01/08/2024 19:30,10.519393660104235,7.340110617318962,7.48620705562133,599.3333538659361,0.5,0.3196504234569151
STN001,01/08/2024 19:45,13.82824613286942,7.32050274641241,3.148326937976628,435.048845032798,0.5,0.0518095883096957
STN001,01/08/2024 20:00,7.940957550992933,7.013056758208674,7.703167744589299,525.5278128103719,0.2,0.1637215862338848
STN001,01/08/2024 20:15,11.017886820840994,6.669326638592353,3.4485644239788,477.31753558959616,0.5,1.0260603346481707
STN001,01/08/2024 20:30,16.594477806206196,7.25995556422172,5.897589296279312,528.1703337048979,1.0,0.6558038625530644
STN001,01/08/2024 20:45,17.63717619939479,6.747618735925941,3.2175274050274103,528.9452935363016,1.0,0.4620012381494096
STN001,01/08/2024 21:00,9.812211417982828,7.276649670319197,5.612813106156999,476.3031195226269,0.5,0.276512962661477
STN001,01/08/2024 21:15,8.559161381183989,6.9380175603714855,5.638267584402182,525.9972903784405,0.5,0.7454540883364542
STN001,01/08/2024 21:30,16.995734406402672,6.899446304871768,4.227548811731881,460.6951063197429,0.2,0.0429219473267643
STN001,01/08/2024 21:45,8.802912702792632,6.914417676624563,6.532415540701207,510.8479571761637,0.2,0.9197766055833532
STN001,01/08/2024 22:00,18.134489157386774,6.872034890798559,5.428287871277602,534.0712801377327,0.2,0.3635038329690254
STN001,01/08/2024 22:15,9.17353648943392,6.980341244129626,7.41470172327475,557.6080365118174,0.2,0.3423681751358542
STN001,01/08/2024 22:30,19.891789113974696,6.932988130894551,3.628400685744102,474.061898684101,0.2,0.2966260463927797
STN001,01/08/2024 22:45,0.7729792719390383,6.953894499653159,7.033120519107118,533.5488600200692,0.5,0.3285277919254962
STN001,01/08/2024 23:00,5.3235824390735464,6.900995920243737,6.782943387367076,565.8281663404972,0.5,1.2857486086278835
STN001,01/08/2024 23:15,5.344794731525424,7.291585831340438,2.6765281475974496,528.0814917456388,2.0,1.415418451426066
STN001,01/08/2024 23:30,3.6376993803743263,6.756761964222095,5.5626368167859495,504.8458695077704,0.2,1.202076344508535
STN001,01/08/2024 23:45,14.350018497003692,6.891255512160083,2.30856014926867,442.39915996905694,1.0,1.4083655107625386
STN001,02/08/2024 00:00,2.321647990101978,6.612235803343589,2.063778619748983,440.8091284807258,2.0,0.3905002432442144
STN001,02/08/2024 00:15,4.783348068655502,6.5,2.777463517968246,414.85747805438746,0.5,0.710859764442382
STN001,02/08/2024 00:30,1.0361641612886419,7.325727824808915,5.344355241086449,506.287689227874,0.2,0.2114708433739423
STN001,02/08/2024 00:45,13.502834480027152,7.008618995502119,2.498362274551912,399.1028127935793,0.2,0.4791267391105292
STN001,02/08/2024 01:00,0.7608473977181607,6.5,3.822673761148098,446.5232408845894,0.0,0.3018000282509042
STN001,02/08/2024 01:15,7.183506937726982,7.253078453417498,6.527744041662466,565.8390992998332,0.5,0.3695984172897979
STN001,02/08/2024 01:30,10.921984468189862,6.5,7.818496104618848,510.1078852841531,1.0,0.0575413878590756
STN001,02/08/2024 01:45,3.6918404589577736,6.5,3.977975640251544,511.0567709832538,0.0,0.0307504871319969
STN001,02/08/2024 02:00,4.573590487515238,6.5,4.674321895648027,487.2082297344527,0.2,0.3650709603202147
STN001,02/08/2024 02:15,11.046108184364593,6.5,5.210069220456852,524.4787060604218,1.0,0.2627917511803981
STN001,02/08/2024 02:30,5.900481321641784,7.014177766467877,6.556765124433407,523.3622745065649,1.0,0.455238930411015
STN001,02/08/2024 02:45,3.0616458846006855,6.933771653973162,7.101501328902168,531.0391787489467,0.5,1.3509097567307613
STN001,02/08/2024 03:00,4.325370204711714,6.930813040745679,3.757286659149733,499.50570819267386,1.0,0.2061095196834229
STN001,02/08/2024 03:15,19.517950647719566,6.5,2.9409117489091727,505.15997056354985,0.5,0.2753515188204817
STN001,02/08/2024 03:30,9.29105630378448,6.506995014624178,5.202668515357571,524.3087843314938,0.2,1.4742074535083165
STN001,02/08/2024 03:45,16.574002020494227,6.715778216679104,7.667697112206099,538.5572392688993,0.5,0.1790180655021694
STN001,02/08/2024 04:00,10.263154086972817,6.608594353574526,7.71759877981836,541.0674021384991,0.5,0.1288466758421257
STN001,02/08/2024 04:15,13.686323732788608,6.773216965960978,0.2095306860503651,423.59198318021726,2.0,0.3347434723733433
STN001,02/08/2024 04:30,15.97834838277257,6.844135923668781,7.955997056976673,569.3593042767196,0.0,1.4806095135374924
STN001,02/08/2024 04:45,14.471240768885956,6.823964724695164,7.5644730426342734,559.8634253000002,0.5,0.2134370623008774
STN001,02/08/2024 05:00,7.291252876629153,6.956635789741551,7.668256687669473,617.8975300599493,0.5,0.1553160837458283
STN001,02/08/2024 05:15,15.625219771063303,7.233478969868363,3.087529596715465,441.5953735901718,0.5,0.3526218180550311
STN001,02/08/2024 05:30,17.548244931146773,6.790416603280767,3.8329395752965016,515.0166998622268,0.0,0.4557795329743676
STN001,02/08/2024 05:45,12.076868690713916,7.20431339718193,3.1764174399848213,451.3008628770369,0.5,0.748887941874657
STN001,02/08/2024 06:00,19.161636952488493,6.815760727592063,2.091445615568124,432.841513608063,2.0,0.2760555395970361
STN001,02/08/2024 06:15,0.5115290371472136,7.392073987517462,7.63274277654641,566.8551038037598,0.5,0.9784397811888744
STN001,02/08/2024 06:30,2.793456463342907,6.914581035527688,7.392293945835802,533.3723152917277,0.5,0.2671461349482751
STN001,02/08/2024 06:45,6.036118508359261,6.732857474754877,3.425026725805531,440.8630219316807,0.2,0.2519066431517712
STN001,02/08/2024 07:00,14.925056050315852,6.985476874099663,7.228069650137314,519.5085266252329,0.2,0.6402773952388343
STN001,02/08/2024 07:15,1.748326859345728,7.558659506425951,3.872463257952639,433.2852589179848,0.5,0.4647514456972321
STN001,02/08/2024 07:30,3.423252581012022,6.955873825307586,1.4292840558528637,430.6200886789096,2.0,0.2819775195927992
STN001,02/08/2024 07:45,13.41691119174942,7.338244880904487,2.885034704418321,460.3135064721592,2.0,0.1739933697778966
STN001,02/08/2024 08:00,11.084767210076159,6.5,3.684964776096482,503.0579313764839,0.5,0.4222391222710551
STN001,02/08/2024 08:15,8.474401472118927,6.896337344507517,3.4660994716184748,515.3418914901455,0.5,0.4746456610863642
STN001,02/08/2024 08:30,19.686288009863603,6.796508065168183,1.990529382585884,463.74793263765366,2.0,0.2166749624943972
STN001,02/08/2024 08:45,2.708430963533881,6.725239011881257,6.243209202752088,495.54457211100106,0.5,0.3889505013838024
STN001,02/08/2024 09:00,16.345359786248604,6.865310759028815,2.192197674996898,402.231042066547,0.5,0.0184026623970589
STN001,02/08/2024 09:15,3.325675732263569,7.593016583389786,4.136376725239733,523.2051082192103,0.2,0.87044692977412
STN001,02/08/2024 09:30,9.318944656886753,6.909756589179675,4.291257799178313,493.3078315682783,1.0,1.2082005591459728
STN001,02/08/2024 09:45,18.673201592884684,6.803588376732917,4.026157501565951,498.8019838822916,0.5,0.1913303717967422
STN001,02/08/2024 10:00,12.148001933558428,6.524593379908138,0.3929285134913117,407.1916328632084,2.0,0.0237367012815194
STN001,02/08/2024 10:15,0.6059694256311254,6.805129236795626,2.720933080161561,435.9512891113916,1.0,0.3059097540921813
STN001,02/08/2024 10:30,9.11776494276334,7.402451487731628,3.8216463348542526,472.7461934652823,0.2,0.4879579596241509
STN001,02/08/2024 10:45,19.058075206074022,7.381348316126606,5.2164433452449055,511.6802188644601,1.0,1.08378371804351
STN001,02/08/2024 11:00,1.8945057850995695,7.582432049367743,0.6115542246400433,408.74764286083007,2.0,0.4592754569110442
STN001,02/08/2024 11:15,1.6530300561284994,6.53662093577054,4.74986369800188,411.0065521973834,0.5,0.8910299373721258
STN001,02/08/2024 11:30,6.740329589570826,6.602341200959254,7.635423274842322,534.2983981665362,0.2,0.0966147940157992
STN001,02/08/2024 11:45,4.215496385337447,7.066951923689784,5.032447077335317,477.3901780896308,0.0,0.3224605550868786
STN001,02/08/2024 12:00,5.742945440081275,6.640731349765069,5.997783496331991,536.3558095510614,0.5,0.3270738676067152
STN001,02/08/2024 12:15,13.026139461336903,6.659114529166282,7.086138780715617,529.3650366398608,0.5,0.1725669869426646
STN001,02/08/2024 12:30,6.482643827068264,7.016469955880982,4.726143498487169,453.4524963300548,0.5,0.0395123681381284
STN001,02/08/2024 12:45,14.545724156881064,7.538500141438164,3.518471235737108,455.795583131845,0.2,0.8910811434929682
STN001,02/08/2024 13:00,0.930363441188129,7.156434458034927,1.4035608687472816,436.4850774469351,2.0,0.4708458923073726
STN001,02/08/2024 13:15,7.512467137231484,7.027305794178055,2.3489828746369303,464.59910877223433,0.2,0.6309614582202805
STN001,02/08/2024 13:30,15.75152630151214,6.982563322227551,5.182085346887968,460.604406119973,0.2,1.275838122619389
STN001,02/08/2024 13:45,1.293800901123765,7.032270754287451,4.705282865252137,511.2766856787109,0.5,0.3216959374132148
STN001,02/08/2024 14:00,10.876666536097066,7.150664140350285,4.835771875029909,468.74472787526975,0.5,0.4799865399643996
STN001,02/08/2024 14:15,8.794641496831828,6.638365833336665,5.878435391155422,464.3449872230742,0.2,0.2276721536120183
STN001,02/08/2024 14:30,7.851226310381523,7.247906453975524,7.667259078861287,632.1811554243752,0.2,1.2135566009984036
STN001,02/08/2024 14:45,9.067624137569329,6.749767191197799,4.814126747103003,468.11743368719664,0.2,0.0047692802870371
STN001,02/08/2024 15:00,8.55251819049326,6.7879825681837085,3.4292054414385014,464.6014973187287,1.0,0.3618967266023616
STN001,02/08/2024 15:15,6.442722471436562,7.529462765071071,5.763180077374243,543.9630516778408,1.0,0.1193918945813449
STN001,02/08/2024 15:30,11.782751961286095,7.176230817102757,5.268444598335863,508.9539174670728,0.5,0.4623911889846407
STN001,02/08/2024 15:45,16.787873308623304,6.793872422334405,3.2564875953893964,445.1423995641955,1.0,0.714456449019339
STN001,02/08/2024 16:00,16.29104803167148,7.15001316209063,4.461216964474582,458.2418035815112,1.0,1.3109356947960908
STN001,02/08/2024 16:15,19.441520335067068,6.863454383855636,7.492332508826819,547.3125879902957,0.2,0.0358496782100394
STN001,02/08/2024 16:30,9.804809604113453,6.921118955687573,1.5963759611988544,442.0212647740732,2.0,0.0935942251686488
STN001,02/08/2024 16:45,11.680696446550485,6.5,1.6992569106833242,443.390389350863,2.0,0.3308558810042888
STN001,02/08/2024 17:00,14.424562259590461,6.839407478196397,2.4047988419172928,487.8018563561902,0.2,0.2020146520600981
STN001,02/08/2024 17:15,6.414460801409616,6.515756287256373,6.498072396889135,522.9326678719065,0.2,0.3056580640781943
STN001,02/08/2024 17:30,2.8810760841343397,6.818988647931881,3.84173820458603,467.1913592666462,0.2,0.3286003664458339
STN001,02/08/2024 17:45,16.214316934971954,6.574596931772432,7.2932892938356115,553.2467426150262,0.2,0.3922588936368281
STN001,02/08/2024 18:00,8.35118391348233,6.768323597876661,3.544577842107437,444.9071684096009,1.0,0.1745981861783021
STN001,02/08/2024 18:15,2.9950201232786244,6.830994771379357,3.921221901837496,490.65361416406006,0.5,1.3205243164508251
STN001,02/08/2024 18:30,10.176177876917649,6.5,6.7389862915102405,583.7655971816041,1.0,0.156634866652677
STN001,02/08/2024 18:45,9.622076048078895,7.177768466736607,6.775454153185207,520.2256339835699,1.0,0.4638720534741861
STN001,02/08/2024 19:00,0.20002843552332505,6.681706175995519,3.008641956045556,442.6008727372294,1.0,0.4544024580610902
STN001,02/08/2024 19:15,6.7776278289719,6.798512907794907,6.671789471842153,554.9693003478507,1.0,0.0714521358953859
STN001,02/08/2024 19:30,8.733535507762976,7.17190574777214,2.8569708894935006,450.0270745870455,0.0,1.3511569570697468
STN001,02/08/2024 19:45,14.442967865309079,7.440828701029723,2.565691540593335,493.6269986838321,0.5,0.4728302065613633
STN001,02/08/2024 20:00,18.864849656184454,7.279833488133399,3.2773965611949247,452.7072416143178,1.0,0.1472270174132456
STN001,02/08/2024 20:15,17.997996028722554,6.5,3.722110817416087,445.69137406859016,0.0,0.3977503719018023
STN001,02/08/2024 20:30,7.189707452500009,7.453904045296634,5.949945141277434,549.3932410526767,0.0,0.9881291728305373
STN001,02/08/2024 20:45,0.12942113568577884,6.788431402112471,2.38092650330178,445.84514157025967,2.0,0.0200458891442347
STN001,02/08/2024 21:00,1.949187447850227,7.1708346460076,5.217156415832305,486.6868720204276,1.0,0.0079005414349982
STN001,02/08/2024 21:15,18.332134940155093,6.5,6.387816927677077,505.44417769809183,0.2,0.4152288582882986
STN001,02/08/2024 21:30,12.164896208916794,6.5801941234021495,6.620014322761216,548.9936205985091,1.0,0.3797187545444489
STN001,02/08/2024 21:45,7.203661878601761,7.146713091422521,6.972770261231213,613.3091964565342,1.0,0.7226897712218676
STN001,02/08/2024 22:00,10.421035389296646,7.035178756038541,2.6324472848142864,431.8266443204704,0.5,1.2246903647275629
STN001,02/08/2024 22:15,10.09294344021033,6.592446093643941,3.67310235917552,445.7837237922268,0.0,0.3517300643425968
STN001,02/08/2024 22:30,18.6697029017554,6.781829993192478,0.2058551060630492,394.303526207342,2.0,1.0926315283866517
STN001,02/08/2024 22:45,10.477949095860977,6.5,6.8569059153725735,512.6524696501838,0.5,0.1855262529346483
STN001,02/08/2024 23:00,2.940377965473011,6.500017909023854,6.483877890478991,557.2448086027404,0.2,0.1703511630549293
STN001,02/08/2024 23:15,13.116985604589964,6.650618563193917,6.950530064739289,536.1983891042782,0.5,1.4598556035428478
STN001,02/08/2024 23:30,14.291681019795924,6.943029935516401,5.50466772048547,529.6087147065758,1.0,1.287819861233823
STN001,02/08/2024 23:45,10.534507042060056,7.436588591030558,3.1059645884405933,491.0852566730736,0.2,0.399467352226266
STN001,03/08/2024 00:00,4.522970599853037,7.365300057918008,5.217362205088395,450.2669166567547,0.2,0.3583343338589174
STN001,03/08/2024 00:15,19.3348425228197,6.879027016309661,5.313604365028368,522.4994556561107,0.2,0.4766688878027057
STN001,03/08/2024 00:30,15.200844724964668,7.224749065787087,1.7326514707560527,491.27063076348514,2.0,0.4598248060945863
STN001,03/08/2024 00:45,13.227057704055959,6.765569356790334,3.435317164692414,394.2593832205037,0.2,0.0172403010790767
STN001,03/08/2024 01:00,2.133520910552653,6.794553754668704,2.5367015261828323,466.1703369312679,0.5,0.2832527050786199
STN001,03/08/2024 01:15,1.7293102641291647,6.9473140622223015,1.5995507338400072,375.8173746131602,2.0,0.1424509736657985
STN001,03/08/2024 01:30,11.72850255301215,7.097402631569561,3.00034609439307,444.9524954412486,0.2,0.2307050406200211
STN001,03/08/2024 01:45,7.242525494500047,7.04871262403352,0.7704266646906692,379.9384493541402,2.0,0.6400810622450872
STN001,03/08/2024 02:00,10.002628022162085,6.931786548967303,1.0107347970423262,418.7801371326803,2.0,1.3660760921531443
STN001,03/08/2024 02:15,7.69551280900842,6.957878464929874,1.7185806275806674,430.4632659053824,2.0,0.4883335852537545
STN001,03/08/2024 02:30,1.1200745575749305,6.902170253877063,2.636515556681833,469.85711537336505,0.2,0.4480793533476446
STN001,03/08/2024 02:45,2.125405789908832,6.786293427947574,4.152461186904124,491.3977292642808,1.0,0.4051557114922118
STN001,03/08/2024 03:00,7.210195740170233,6.5,5.11319463920892,548.0361629271807,1.0,0.3792461847618197
STN001,03/08/2024 03:15,7.835269629892359,7.034928992920771,2.657934833281752,406.288415193437,2.0,0.4999883337307786
STN001,03/08/2024 03:30,12.89121759172378,7.5507500881867315,5.968417018394976,512.9885652237023,0.2,0.3259192394229938
STN001,03/08/2024 03:45,16.351683637670376,6.5784744090379546,4.654987183515893,524.997231005888,1.0,0.1528860700703392
STN001,03/08/2024 04:00,18.071661774070243,7.194580624679552,6.496278424075253,567.3572125552421,0.5,0.9179484165656152
STN001,03/08/2024 04:15,8.973027598515706,6.744403575784892,2.815409507404643,400.3808278744048,0.2,0.0326636670086422
STN001,03/08/2024 04:30,0.4930385918790958,7.014366437855094,5.349678682365649,537.5913958992871,0.5,0.3572899326550772
STN001,03/08/2024 04:45,7.4582939538856685,6.5441191103281415,7.691088038345446,551.2337320480658,1.0,0.1638276245015624
STN001,03/08/2024 05:00,14.326579001841083,6.993610838781159,7.834223269593336,585.4030178175361,0.5,0.5603802553207524
STN001,03/08/2024 05:15,1.9460905181909016,7.199797763754969,2.8402691223259504,428.28598621022303,0.5,0.7618099609235228
STN001,03/08/2024 05:30,5.270537292588145,6.539158251940499,1.066708898751265,410.9118045997934,2.0,0.1859342755959507
STN001,03/08/2024 05:45,7.642182983949128,6.512731859772857,7.296739930640723,604.1840245462292,0.5,0.1868203387404775
STN001,03/08/2024 06:00,19.799485419818698,6.751005737599283,5.033686227079332,473.027478455388,1.0,1.0117551265404383
STN001,03/08/2024 06:15,5.612511652227226,7.242405898979136,6.489180287208881,533.8799153041606,0.5,0.8278572236785895
STN001,03/08/2024 06:30,18.834919151381886,6.7691462979536245,5.552233067831196,465.790746415234,0.5,0.3225185981396642
STN001,03/08/2024 06:45,17.97081198847451,6.890647723506316,2.3035952236299484,420.9836758768222,1.0,1.3424521764550854
STN001,03/08/2024 07:00,10.105471995699649,6.818237952183571,2.8082834876183225,397.94698249304577,2.0,0.1682423787522863
STN001,03/08/2024 07:15,13.469817490413307,6.5,5.151754059278011,514.5400094904987,0.5,0.2650563526653519
STN001,03/08/2024 07:30,2.5619304910717444,7.404721409322772,4.078286987679251,481.8995377362072,1.0,1.1542655083674995
STN001,03/08/2024 07:45,11.818199675747852,6.617815895850172,5.446748588326393,513.8232451957039,0.0,0.3623316851327783
STN001,03/08/2024 08:00,15.738648756286702,6.803986432444959,4.674685648092306,529.033267544826,0.2,1.486267760920242
STN001,03/08/2024 08:15,11.365214256883148,6.977435872653945,2.194866018582205,473.8969220051432,0.5,0.3955981435869657
STN001,03/08/2024 08:30,3.3333244527821204,7.176884337605221,7.832596122476095,565.3559640571658,0.0,0.3779997007119295
STN001,03/08/2024 08:45,3.0035799793026996,6.5,2.439006075528651,438.8714501311324,0.2,0.0786048848941355
STN001,03/08/2024 09:00,4.457295627436045,7.412638639507712,2.183851656501206,477.2715954818475,0.5,0.4554669431364361
STN001,03/08/2024 09:15,1.3238322352078802,7.000053471584106,2.160998529549903,460.4802505431637,0.0,1.494516567293124
STN001,03/08/2024 09:30,4.805573882457326,7.726547325078435,2.8044774001730186,496.89447145080055,0.2,0.673977151241396
STN001,03/08/2024 09:45,16.88597259262992,7.239384027381066,6.095841616692932,542.5188905251559,0.5,0.9836432482972716
STN001,03/08/2024 10:00,19.85208084179486,6.698045281163453,5.856646106558999,546.5766864407137,0.5,0.3463518204541808
STN001,03/08/2024 10:15,7.809217755603242,6.921880829821014,0.3780163014695905,405.1326459366654,2.0,0.0551517195206912
STN001,03/08/2024 10:30,16.396629333896534,7.160940211553596,5.038352034116203,456.8872095566143,1.0,0.126053257150903
STN001,03/08/2024 10:45,7.833702524841506,6.954810438298564,6.9486726053166565,590.2017114507594,0.5,0.1576536048800156
STN001,03/08/2024 11:00,4.072340755985227,7.1099140778194565,2.630260624523593,464.1591553590949,2.0,0.5706956814896202
STN001,03/08/2024 11:15,7.026984187206593,7.256223679187227,2.85915959941728,473.14661112600345,1.0,0.4695641860339076
STN001,03/08/2024 11:30,5.0263489813263895,6.5,4.132787622909453,483.71022457545007,0.2,1.3065392470495223
STN001,03/08/2024 11:45,18.621492178442985,6.634596534339502,4.516398756558107,453.63710098722566,0.2,0.1710381845475015
STN001,03/08/2024 12:00,3.040105205155692,6.561000429369165,4.9522038909775326,490.5698629349032,1.0,0.0583017187813788
STN001,03/08/2024 12:15,19.423537093715108,6.528423541015644,6.7825843930811045,532.5609448964767,0.5,0.3767732795990237
STN001,03/08/2024 12:30,9.066916337074405,6.684605715795639,3.4973541207937693,468.7122313883683,1.0,0.3048584959575884
STN001,03/08/2024 12:45,13.00452617205671,6.640555520695019,2.312777224894673,441.2747652796453,1.0,1.3927587721669097
STN001,03/08/2024 13:00,9.192378506799626,7.260517649601719,6.336547334634709,514.4970432423726,1.0,0.4231978347062491
STN001,03/08/2024 13:15,19.868348446957036,6.884182752171555,1.3814636439097985,402.2384349786473,2.0,0.1147787573072462
STN001,03/08/2024 13:30,18.46429929746313,6.912978054286218,5.227522699002764,528.1278917336892,0.5,0.1192453112611818
STN001,03/08/2024 13:45,2.2936787549616944,6.664533429188987,5.709730887855576,457.0854266713097,0.2,0.2251065004108901
STN001,03/08/2024 14:00,12.067617081593518,6.5,0.250549559214873,380.6261388269604,2.0,0.1115848740805372
STN001,03/08/2024 14:15,16.84772395520088,6.93346665008976,2.4251271310379545,429.82614086649096,0.2,0.6335489330009656
STN001,03/08/2024 14:30,16.69978059337886,7.289358278779595,6.7228048554995095,531.8438682350609,1.0,0.4042098488348686
STN001,03/08/2024 14:45,17.704514563036774,6.852301435290888,2.879450663264553,482.1918204137564,2.0,0.2229027445786783
STN001,03/08/2024 15:00,17.52712203882853,7.242698476141429,7.822787249764167,544.1212848231341,1.0,0.4437449911663494
STN001,03/08/2024 15:15,9.734547362582582,7.061875823639495,5.586113901643212,468.8815664122922,0.5,0.2777998930292762
STN001,03/08/2024 15:30,8.606041834330718,7.430397567732823,7.118868098446045,534.1053331666894,0.5,0.016317836074393
STN001,03/08/2024 15:45,13.740441348983214,6.5,4.589873211107502,485.17460618333433,0.5,0.2603104614768797
STN001,03/08/2024 16:00,6.985634498565274,6.645823076762514,4.989455875624976,520.3823185555444,0.5,0.0834813321633063
STN001,03/08/2024 16:15,0.7870259799382429,6.619921241603894,2.9461015127893835,492.8288851880582,1.0,0.2340971177838517
STN001,03/08/2024 16:30,5.834095672776655,6.8763223631431245,5.139151319967999,524.7721033047158,1.0,0.3297351692949049
STN001,03/08/2024 16:45,19.654952823086326,7.027513185246977,3.3089304092146863,456.1847362203165,1.0,0.0027975255315279
STN001,03/08/2024 17:00,13.480185598020478,6.5,5.14899766155926,538.3179428705675,0.2,0.1909084988329618
STN001,03/08/2024 17:15,7.872218722020749,6.923111020999733,6.990702008665316,547.1330430393728,0.5,0.1584182463859493
STN001,03/08/2024 17:30,10.53839547703346,6.55819202078611,2.244395904881247,470.31368558485184,1.0,0.3323681044223444
STN001,03/08/2024 17:45,4.55963333300951,6.5,4.428970486498092,467.7010603341066,0.5,0.3849235497993323
STN001,03/08/2024 18:00,13.908868077060873,6.722804117089863,5.115451619204257,478.4896475020877,0.5,1.1700645056658907
STN001,03/08/2024 18:15,12.173930738360895,7.827724051961173,3.167369684079055,498.6298638527002,1.0,0.4209791034121923
STN001,03/08/2024 18:30,11.8542917941907,6.5,2.6130488720797453,500.2651166105279,1.0,0.2584777002882028
STN001,03/08/2024 18:45,11.881151600077782,6.926596280718077,2.1946421618186576,488.73412273737256,0.5,0.0305959917462907
STN001,03/08/2024 19:00,13.399791076176193,6.897086347612105,1.567593872305979,471.1085325647954,2.0,0.2496109793087746
STN001,03/08/2024 19:15,15.382053526351422,6.941222261571656,2.248261589599271,419.60836329765294,0.2,0.3322207706485695
STN001,03/08/2024 19:30,19.651876353525527,7.59395393321827,1.8761573711876616,441.50006233950376,2.0,1.4129270085027583
STN001,03/08/2024 19:45,5.937264027415676,6.785897086178876,4.745942312162178,461.5885650696242,0.2,0.3751242812771556
STN001,03/08/2024 20:00,16.07413548285433,7.088521420950436,3.191743026499342,447.9197606999672,0.0,0.6873489372180868
STN001,03/08/2024 20:15,4.481642943960478,6.690395261819308,1.9428471806639585,414.5905376944209,2.0,0.4134507123480406
STN001,03/08/2024 20:30,0.9023532523518241,6.737560740789834,6.214266717707462,513.4478707095698,0.2,0.3371714028335541
STN001,03/08/2024 20:45,9.349187625757276,6.686960200500401,7.2140642301403055,495.8487957660868,1.0,0.5637144075876652
STN001,03/08/2024 21:00,11.11266988671499,6.5,1.469638828055626,485.8676154227644,2.0,0.2961627113300734
STN001,03/08/2024 21:15,3.4835068015249315,6.681041010736513,2.198852728450944,408.354205045714,2.0,0.3025492243422172
STN001,03/08/2024 21:30,14.948476873600418,7.117142390784928,0.8514972370881932,423.2469165895607,2.0,0.1661502455170033
STN001,03/08/2024 21:45,9.056749255278042,7.133973527589835,5.436923358980639,525.7257360595329,0.2,0.0867646414580515
STN001,03/08/2024 22:00,18.39299682713914,6.572608438104845,6.004990609260258,560.0828325090885,1.0,0.2336641010605561
STN001,03/08/2024 22:15,10.788686735865717,7.129523098785516,2.2233350577817204,401.7347152382743,0.2,1.394691590870435
STN001,03/08/2024 22:30,14.263138803651874,6.738657756493131,2.1755609879716333,410.3160834397653,0.5,0.1805814746303952
STN001,03/08/2024 22:45,7.253622633166373,7.214520310150318,1.1002384918972823,386.7494297274365,2.0,0.4104325318066241
STN001,03/08/2024 23:00,5.2479987344077355,6.6070094082594455,2.198226938390555,435.7300956092435,0.5,0.4670986194303314
STN001,03/08/2024 23:15,4.381227000580081,7.066702690527426,3.5533850833160265,480.40715940650114,0.5,1.1619128339272276
STN001,03/08/2024 23:30,18.226532885213736,6.650569738230211,5.911124507721602,547.0128553769525,0.5,0.1596712439898357
STN001,03/08/2024 23:45,14.494830481531174,6.861231556130227,4.860403719437137,453.25122872993165,1.0,0.3591771900882298
STN001,04/08/2024 00:00,15.398818851704629,6.510142771668913,0.4412837113930723,374.2490307018068,2.0,0.3774799525778893
STN001,04/08/2024 00:15,3.2113540741893543,7.113488749115368,3.273191738894618,434.1122469306639,0.0,0.033444134217272
STN001,04/08/2024 00:30,12.438867915064119,6.990971134822699,5.361993228900865,499.5775701254876,0.5,0.3960288812101589
STN001,04/08/2024 00:45,2.413707173209707,7.207036420164507,1.69827315248115,481.2778700052893,2.0,0.4677400740314369
STN001,04/08/2024 01:00,9.922356496582715,6.624100743888019,2.984154593772649,515.4848515205524,0.5,0.1341924774560597
STN001,04/08/2024 01:15,9.43980456769808,6.591503565696408,4.945852086370403,481.9048872984352,0.0,0.1579069951389133
STN001,04/08/2024 01:30,17.110420148876454,6.752643228166495,7.401814285627827,597.6066097647258,0.5,0.2700442737357941
STN001,04/08/2024 01:45,1.6776263816185577,7.32990938610563,3.797245773547015,449.7783305005408,0.5,0.380141143308007
STN001,04/08/2024 02:00,12.83479647823498,7.049167333239666,2.0377720126718395,385.7746948529712,0.2,0.143633179729118
STN001,04/08/2024 02:15,19.758741654357518,6.589278450739569,2.686704074931668,417.93728793208817,2.0,0.3539820806944346
STN001,04/08/2024 02:30,2.2288430853724983,6.509435147447384,6.970911729713419,561.5246450247422,0.5,0.1856371223917847
STN001,04/08/2024 02:45,6.21306564612264,7.613656248357553,1.3025927563794069,442.7164960760592,2.0,0.2257285926268764
STN001,04/08/2024 03:00,18.585245093377246,7.300417801199817,0.5980968777779092,417.3578648334257,2.0,0.977473004721298
STN001,04/08/2024 03:15,1.8058320568912412,6.707117400516507,5.718623190313652,525.2976145408956,1.0,0.2313092973112894
STN001,04/08/2024 03:30,13.892473890742625,6.5,2.68138658205112,460.38979911159294,0.0,0.331726181059954
STN001,04/08/2024 03:45,3.128912278756313,6.5,2.1626945023568,465.8593705027343,0.5,0.3944513092840955
STN001,04/08/2024 04:00,10.165359247736696,6.799361226595368,5.640243742583789,507.658895226417,0.2,0.3294120622212961
STN001,04/08/2024 04:15,6.9214467800526425,7.1659078944865255,2.7842717313244987,480.73053189555816,2.0,0.02416638379002
STN001,04/08/2024 04:30,7.309633514340743,6.5,4.469280914705988,511.39493960432463,0.2,0.2094860515902774
STN001,04/08/2024 04:45,11.442826445006638,7.071981578253577,3.1090292587039903,525.8854999911637,0.2,1.3742351691717711
STN001,04/08/2024 05:00,5.757945521642616,7.149462176790242,6.63952844400332,511.37299737820393,0.5,0.402549341047015
STN001,04/08/2024 05:15,6.340547111908714,6.776237770483762,4.886081122897556,514.786639736083,0.2,0.3025064128571642
STN001,04/08/2024 05:30,7.1964269156409255,6.970538814231572,7.802517569817137,586.2137942313132,0.2,1.247756404716167
STN001,04/08/2024 05:45,15.054620994709438,7.056607931875783,5.697998223874662,533.9059297222193,0.5,0.7260231456647672
STN001,04/08/2024 06:00,18.345573146044288,7.20369594342517,3.552694977345258,443.3868544417264,0.0,0.1958131568573351
STN001,04/08/2024 06:15,1.1705124906254571,6.809088720253347,5.860911424254082,498.32744367847954,0.0,0.3446103243404154
STN001,04/08/2024 06:30,9.811337500939574,6.626359085960602,7.934435076604948,596.2215100346884,0.5,0.1701557122319623
STN001,04/08/2024 06:45,18.025834375470843,6.755677917874985,7.836494887280001,578.396901327068,1.0,0.2691217489859127
STN001,04/08/2024 07:00,19.533414430467012,7.360440035887726,5.807227788250157,543.2008753751362,0.5,0.0396537722483592
STN001,04/08/2024 07:15,0.6386302176586445,6.77584425994552,6.160213677224398,586.7025327569605,0.5,0.0299381407987432
STN001,04/08/2024 07:30,19.9292615946884,6.594087974546059,3.677931502128815,462.0415459817339,0.5,0.094169647540585
STN001,04/08/2024 07:45,7.95858423833719,7.585839178844351,5.297501467003345,538.7719574261178,0.5,0.4150407261991766
STN001,04/08/2024 08:00,19.62605990536771,6.979108320549747,0.8039792677065902,414.78245266611407,2.0,1.1398597606006196
STN001,04/08/2024 08:15,6.7099268606721285,7.454940218362874,6.403060018861731,495.8170809674027,0.0,0.4821524588401516
STN001,04/08/2024 08:30,19.96101840254847,6.740688038951057,7.831690734419723,531.3276571562208,1.0,0.1322595498747155
STN001,04/08/2024 08:45,9.522684497996078,6.5,2.850892134499791,453.76003743289897,2.0,0.4174511859909519
STN001,04/08/2024 09:00,11.596456543160949,7.036881697406154,1.2807754851102875,439.09938729059513,2.0,0.3559031604416265
STN001,04/08/2024 09:15,18.431327285599806,6.868157606454908,4.373932514976508,486.3674652568541,0.2,0.2723363458143416
STN001,04/08/2024 09:30,4.343886688394337,7.303032988610609,4.871208404070725,511.06124047628265,0.2,0.2713307722465494
STN001,04/08/2024 09:45,16.87261619712811,7.371812501120214,4.584281708280196,491.4173502599935,1.0,0.2284524055398418
STN001,04/08/2024 10:00,5.817428192963163,6.891679803241061,3.046683282750336,426.835676420978,0.0,0.041088662289576
STN001,04/08/2024 10:15,13.636489149824493,7.648939355374629,1.3359310070282144,453.7149179098727,2.0,0.0352498382259228
STN001,04/08/2024 10:30,4.1792925921854085,6.889347972864893,7.695037468506819,592.7745515196751,1.0,0.2134563339834342
STN001,04/08/2024 10:45,3.069592649551356,7.260042479101177,2.522494169170284,484.136855306298,1.0,1.1482836992208485
STN001,04/08/2024 11:00,6.47581465495904,7.194956602191514,4.921615585970055,528.9191364980857,0.2,0.0225872758503871
STN001,04/08/2024 11:15,14.75605416765411,6.5,5.0840888415570005,491.5463135241617,1.0,0.0521739051143745
STN001,04/08/2024 11:30,17.55498372072675,7.372252474710523,6.836245452614333,519.6279835929031,1.0,0.9948781653004866
STN001,04/08/2024 11:45,18.44341285257335,7.242031584367531,1.7735864453105528,443.3811390458725,2.0,0.6617025426350065
STN001,04/08/2024 12:00,17.662080488848076,6.9977704969567895,3.6017819776094115,473.69337855576487,0.0,0.0109891570685778
STN001,04/08/2024 12:15,11.409769207549974,6.775496609055043,5.664277367124101,586.9520373162484,0.0,0.1937907502079199
STN001,04/08/2024 12:30,1.7807176194416763,6.78119143783415,5.208650932530744,505.9777908207093,0.5,0.3428480995061541
STN001,04/08/2024 12:45,13.40075579290728,7.1250276615802335,2.225451587284651,482.2353057800816,0.2,1.1030393572163455
STN001,04/08/2024 13:00,11.998266117526162,7.071340510397276,3.817240500438615,426.7425970551852,0.5,0.2837856357430991
STN001,04/08/2024 13:15,6.705193056894925,6.8973219647865385,1.5609838294735765,418.0960779154254,2.0,1.131664823522902
STN001,04/08/2024 13:30,5.643390169896804,7.1073752447503935,3.029106310900941,478.4569618676658,0.5,0.2323416710894503
STN001,04/08/2024 13:45,16.486628617425517,6.854641490357695,1.9351363532513517,461.5180473495056,2.0,0.4480716943809801
STN001,04/08/2024 14:00,6.690920146029389,7.159291457074376,6.328113109324381,525.9924750154272,0.0,0.0464307032775204
STN001,04/08/2024 14:15,13.594860519163877,7.151409332101678,6.309609785525026,558.3302766026829,0.2,0.7849688677898568
STN001,04/08/2024 14:30,0.7447904273338857,6.5,7.470745896346824,551.9793114283476,0.0,0.3509102141246475
STN001,04/08/2024 14:45,17.62831119690127,6.73331388968879,3.836138922200441,470.2915737150642,0.5,0.0140093715902654
STN001,04/08/2024 15:00,3.7828374637381845,6.587224205685772,1.989303874730171,423.1918823989314,2.0,0.9236485145732818
STN001,04/08/2024 15:15,2.6588944095886857,6.847983705245736,2.216777019416237,399.5924799338783,0.0,0.2419509290992096
STN001,04/08/2024 15:30,1.8171606442535726,6.898242969921715,3.8161939215357914,462.03778954592445,1.0,0.112232087552012
STN001,04/08/2024 15:45,8.146901903786055,7.543490486104926,5.888692504216039,496.8029249602482,0.5,0.7596906717743358
STN001,04/08/2024 16:00,17.91009784084943,7.33756831727777,1.120416699132368,447.2773762600804,2.0,0.1320262638058592
STN001,04/08/2024 16:15,14.35066031396519,6.961209582829059,5.189310647211133,545.5638730640203,0.2,0.0029309258804245
STN001,04/08/2024 16:30,5.400497133604811,6.846062875071681,3.9759667778072743,480.6544303335957,0.2,0.060728934528399
STN001,04/08/2024 16:45,15.32919332694421,6.612116106942249,2.7627184640876354,419.7342233299185,0.0,0.2512535923544093
STN001,04/08/2024 17:00,14.340349892094357,7.010566927607684,2.035026318918738,445.35472446533805,0.5,0.4465988473741932
STN001,04/08/2024 17:15,6.309437633717878,6.544262388037546,4.918296075825034,446.2383341068763,0.2,0.0118531532969713
STN001,04/08/2024 17:30,14.423650178987074,6.626865856344503,1.0525839913047066,418.76315975752266,2.0,0.3328466847672249
STN001,04/08/2024 17:45,16.900561675090856,6.957711715662359,2.767271219465287,360.08295270492744,1.0,0.0587800981798156
STN001,04/08/2024 18:00,15.310227898356741,7.035737718521864,5.677564196749927,506.1594583154968,1.0,0.0157389087733656
STN001,04/08/2024 18:15,0.7954037042654849,7.225709782296405,7.429266476207259,582.305922978203,0.5,0.0305557129068494
STN001,04/08/2024 18:30,8.365834060363175,6.688009695138819,3.219974664584244,422.2704774020647,0.0,0.4355940792006666
STN001,04/08/2024 18:45,8.970180698287093,6.5,2.0588594633273303,419.6226344531832,0.5,0.2886686640170559
STN001,04/08/2024 19:00,13.675098805998026,7.599546950186385,2.4201006701136567,477.6774835845657,2.0,1.0440950802523168
STN001,04/08/2024 19:15,15.231072647204106,7.112683634778854,2.8092254285815312,456.0542735316953,2.0,0.653405197635412
STN001,04/08/2024 19:30,4.761138767386588,6.6448534714374325,1.9718131625979989,433.8513250282916,2.0,1.0824503325091874
STN001,04/08/2024 19:45,1.5807002987942287,6.597210813917913,0.864009164326347,410.5118909405512,2.0,0.1849471256734799
STN001,04/08/2024 20:00,6.470368778040814,6.5,5.830179594610991,515.7436090221246,0.2,0.2261223167001924
STN001,04/08/2024 20:15,11.400012715654086,7.026934468161511,6.804349703788265,513.0015121994702,0.2,0.2557169225240975
STN001,04/08/2024 20:30,2.866393008044983,6.5274183317924965,4.920184330296767,482.0215646268864,0.0,0.2068330893694647
STN001,04/08/2024 20:45,13.625014126453774,7.026954153877031,2.1190545071573137,483.6301557190783,0.5,0.2810986631491861
STN001,04/08/2024 21:00,4.8914129593673366,7.02848702618336,4.649790758569829,426.156620459412,0.2,1.1334044340281426
STN001,04/08/2024 21:15,13.488328605871342,6.790491978633767,3.0279410023649707,516.0342361112089,0.5,0.3364194736496433
STN001,04/08/2024 21:30,6.637625668164198,6.5,6.329658443664293,534.1642620137118,1.0,0.2620139084671766
STN001,04/08/2024 21:45,7.677855527295236,6.671953805542126,1.4056538441931787,463.7012905714056,2.0,0.9318632858081346
STN001,04/08/2024 22:00,3.3967247555591906,6.9388392228988,2.914890964300219,433.962990215324,1.0,0.4259304554609722
STN001,04/08/2024 22:15,18.256318665561405,7.0782826222321455,1.2033694449420815,351.60527575665645,2.0,0.2699297177978442
STN001,04/08/2024 22:30,16.53867503970924,6.759167120715258,4.152469411837671,499.5842573723379,0.0,0.201660844933135
STN001,04/08/2024 22:45,10.817571915377986,7.252780631288383,4.388716257583955,439.3727263743798,0.0,0.0389856525627055
STN001,04/08/2024 23:00,1.8938714566957526,7.113769101778906,4.256932852398308,549.2059792653913,1.0,0.174463880956173
STN001,04/08/2024 23:15,15.65006613870091,7.1140607703697,2.7625557655324293,439.1771675342882,0.2,0.1412800653439753
STN001,04/08/2024 23:30,7.466169417467167,6.749900965971219,5.634653953197681,490.9175409046295,0.2,0.4561884369178652
STN001,04/08/2024 23:45,3.5313232726254484,7.1541974286533065,4.010811522417558,445.33352456290726,0.5,0.3686067928002645
STN001,05/08/2024 00:00,8.177201505480145,7.12232718913806,2.7187700193674798,443.5004309547444,0.2,0.476960292917119
STN001,05/08/2024 00:15,14.94290184482388,7.014316726835064,7.043697625239656,527.057977748851,0.5,0.6340073556812187
STN001,05/08/2024 00:30,10.345560851494684,6.705112104733473,3.488594026799811,441.1573176560779,0.5,0.4156533669617945
STN001,05/08/2024 00:45,10.709357181763142,6.683669246522135,6.827546587968042,555.8511567311336,0.5,0.2847943802067808
STN001,05/08/2024 01:00,15.615492228824383,6.748945074833761,4.54827099844481,549.1667199045371,1.0,0.3008192371150591
STN001,05/08/2024 01:15,19.81071241945915,6.698650933281754,5.531904453375232,523.7049783015407,0.5,0.4771180462754567
STN001,05/08/2024 01:30,19.62090226120014,6.62868436201415,5.185366953079535,514.1166372648905,0.2,0.1880872975479299
STN001,05/08/2024 01:45,10.62541387913651,6.817240540594683,3.18054002730235,406.55733812067456,0.2,0.9790959046446336
STN001,05/08/2024 02:00,10.983483248945383,6.5652418356724365,6.6027867622710295,548.496761398732,0.5,0.046332391597832
STN001,05/08/2024 02:15,2.367438478570645,6.734567509165999,5.3199754927874,560.7107450955917,1.0,0.1357445904030531
STN001,05/08/2024 02:30,7.63637434465513,7.088257738796247,7.337200234476162,536.1322676697197,1.0,0.1660549812825876
STN001,05/08/2024 02:45,6.521653364777742,7.207275854111336,6.626794039053301,592.4773134893352,1.0,0.4727923369522749
STN001,05/08/2024 03:00,9.813648587804813,6.567911167767512,3.954414027671464,430.1152858358002,0.2,1.1259063456149645
STN001,05/08/2024 03:15,12.310904225355046,6.5711318777805685,3.87313972263837,431.4886460671272,0.5,0.3865646319102488
STN001,05/08/2024 03:30,6.865701577203165,6.786558650063958,7.978424254356089,568.6438938807938,0.5,0.2483052908741795
STN001,05/08/2024 03:45,0.761812006708531,6.859797006712361,6.879172072517521,480.2136216341279,0.5,0.2373673112636604
STN001,05/08/2024 04:00,15.10060782521853,6.809408657985308,4.566865319299744,466.1269313570217,0.5,0.1020521756792421
STN001,05/08/2024 04:15,17.561744579816587,7.173070914893535,6.354633176316741,537.7219676457422,0.5,0.2522215700949936
STN001,05/08/2024 04:30,17.803318363747348,6.60450100390352,5.223859332626859,483.4034646970708,0.5,0.3456394562339985
STN001,05/08/2024 04:45,8.228510862434648,7.22992728507512,6.943554356513418,586.6265147644618,1.0,0.2046423143702918
STN001,05/08/2024 05:00,10.703419597042922,6.5,4.381626093023129,512.479394254216,0.2,0.0618637668036805
STN001,05/08/2024 05:15,1.982787321009316,6.747699229208651,6.155862799541251,503.8961429473584,1.0,0.1000030249125666
STN001,05/08/2024 05:30,1.6546406022520932,7.326412436640751,7.077791393393511,493.1956175658692,0.2,0.3518439436041943
STN001,05/08/2024 05:45,2.822544323547629,6.830950305711485,4.556684110086677,482.6605654689597,0.0,0.3598378105756423
STN001,05/08/2024 06:00,13.357380662894144,6.681396242037597,0.5001999831067672,366.303487611552,2.0,0.4278403608016516
STN001,05/08/2024 06:15,7.818989214255369,6.5,0.8845169640765136,428.9308578119323,2.0,1.1399158342507616
STN001,05/08/2024 06:30,14.625132642037848,6.559271478376822,3.937838815442708,457.7661079215504,0.0,0.0495273878538509
STN001,05/08/2024 06:45,6.5567827562989445,6.722473984293916,6.968037830761668,549.2295625512777,0.5,0.0920995823354263
STN001,05/08/2024 07:00,13.784514482484461,6.662900850618383,4.051665706155451,474.5992867905222,0.2,0.1333978695370989
STN001,05/08/2024 07:15,13.607312879188868,6.78859334146252,5.212263957709101,528.1266085975092,0.5,0.1157423682147598
STN001,05/08/2024 07:30,8.408308096617352,6.5,2.6134656941446663,493.69081015732223,2.0,0.0402864956806552
STN001,05/08/2024 07:45,7.481629074445144,6.880138574633473,2.3984614321317017,430.10764028177607,2.0,0.0364903889272161
STN001,05/08/2024 08:00,9.806677794743255,6.959705461609716,2.68215043401714,454.2548192549923,1.0,0.3354044585666327
STN001,05/08/2024 08:15,12.002492102822922,6.5,5.241353992517069,482.7204964141104,0.5,0.0326454981271511
STN001,05/08/2024 08:30,12.371085098746457,6.5,2.345633697079963,456.29862051876177,1.0,1.0613804052396612
STN001,05/08/2024 08:45,9.98446705807796,6.979946353080356,7.815637551264704,538.1408553073694,0.5,0.2780971243397554
STN001,05/08/2024 09:00,17.06747503411326,6.899298541299841,2.519499230352797,450.70904384180136,2.0,0.1884133889089577
STN001,05/08/2024 09:15,15.435825115358853,7.420793031960819,1.367202030919182,450.3547839837505,2.0,0.381813614672465
STN001,05/08/2024 09:30,6.880907497384216,7.211475948426284,6.886642207448088,583.491023049842,0.5,0.4491422332890633
STN001,05/08/2024 09:45,1.696748288176877,6.945201230341712,2.1866010442774515,455.2581132571536,0.5,0.4624974157562774
STN001,05/08/2024 10:00,10.418542137242833,7.431152042661887,6.062588752429515,537.0241228122228,0.2,0.4881607080260253
STN001,05/08/2024 10:15,14.505394691346623,6.699120869538198,5.322756702438673,535.6781607346671,0.0,0.4252191374902125
STN001,05/08/2024 10:30,4.496922369193827,6.652794968175288,2.860446604912012,399.78250374654544,2.0,0.2442985686924346
STN001,05/08/2024 10:45,2.3143016612486345,7.35628869595415,3.4786212303778594,500.35048992150274,0.5,0.2737152238730685
STN001,05/08/2024 11:00,4.740025283705878,6.784459025947626,3.189994957831602,439.7136892959426,0.5,0.3128198439709589
STN001,05/08/2024 11:15,4.406203500825525,7.205249957696272,6.472331958815277,560.7543293475611,0.5,0.4029237526775077
STN001,05/08/2024 11:30,4.304450891316591,6.5,2.191045562346361,452.9849288492627,2.0,0.3162446530520755
STN001,05/08/2024 11:45,8.142709753342398,7.078081877529244,2.714679184983654,455.2874511533791,0.2,0.4984007634871898
STN001,05/08/2024 12:00,0.7654342899361133,6.523937807333237,0.5986726278976966,402.1841479190565,2.0,0.3817007126497697
STN001,05/08/2024 12:15,15.755619927251255,6.650928432305957,2.1868254702812324,448.3041930804973,2.0,0.208639563003059
STN001,05/08/2024 12:30,6.0715398361669966,6.9329337999099465,1.7724341036991442,466.5859365791251,2.0,0.2134873261727913
STN001,05/08/2024 12:45,11.951478157113604,7.682291287398394,7.65900994261261,570.3533109052635,0.5,0.0053196951100981
STN001,05/08/2024 13:00,17.858027992431683,6.5,4.23570723670683,492.7216046052693,0.2,0.4983447318347013
STN001,05/08/2024 13:15,15.304451982515479,7.24906310769119,5.3682271884684365,484.9865023804027,0.5,0.5358803745135954
STN001,05/08/2024 13:30,3.593242993707564,6.961506930007764,6.065014395254282,535.4883868508782,0.5,0.2679238889171271
STN001,05/08/2024 13:45,14.781202649462779,6.5,5.765563854353993,547.1071750766987,0.2,0.1818837554916652
STN001,05/08/2024 14:00,17.53502913991387,7.181377845721708,2.251516265547086,481.3988924590855,1.0,0.8251338081856892
STN001,05/08/2024 14:15,13.974355405180376,6.811165219029974,3.481461401064192,469.2599553655161,0.5,1.0202400400209055
STN001,05/08/2024 14:30,10.06350210119601,7.327672493001885,1.5929219041286449,411.88087930394494,2.0,1.453317455179989
STN001,05/08/2024 14:45,8.86823554059227,6.5,5.664617817479966,545.0199461315971,0.0,0.2428393230441103
STN001,05/08/2024 15:00,12.600301693505083,6.9519417786982025,7.272220315743206,558.3240653961878,1.0,0.2848579377245962
STN001,05/08/2024 15:15,0.7362860787311765,7.295227211038896,2.242847739363695,471.87186314507215,1.0,0.7400518969223491
STN001,05/08/2024 15:30,8.4744849143162,6.55797323991158,2.8617447359759813,505.07860591968335,1.0,0.3407630475118076
STN001,05/08/2024 15:45,14.069118280596463,7.05068417441087,0.8440795451037537,445.73107117848696,2.0,0.9325756353549856
STN001,05/08/2024 16:00,13.561511009475964,7.028860297704603,6.057214278345988,511.01785123859526,1.0,1.0340821373719404
STN001,05/08/2024 16:15,5.364566885812736,7.083576240881228,0.7143192473570372,404.22614965406734,2.0,0.1641532033020874
STN001,05/08/2024 16:30,5.106486651028835,7.254667715286171,7.754060454105142,572.8884528489571,0.5,0.2177242971406516
STN001,05/08/2024 16:45,9.286635790103617,6.84211464751557,5.576060386036431,480.8664262558804,0.5,0.6102832627463085
STN001,05/08/2024 17:00,7.092214708064375,6.790285396454735,5.244865103932714,475.20400922862217,0.0,0.43598763205195
STN001,05/08/2024 17:15,17.927570803080716,6.856093507849285,6.660771476111634,548.9685744496446,0.0,0.3417826086313832
STN001,05/08/2024 17:30,4.734574101362929,6.5,4.382223703856416,458.8718829885736,0.2,0.0515591679122621
STN001,05/08/2024 17:45,13.521573950196899,6.984445769678668,6.612991078902927,510.13474126959824,0.2,0.0664733314347784
STN001,05/08/2024 18:00,19.367309994919765,6.649504258072073,4.541625390771933,473.78784087629873,0.2,0.2242617245535293
STN001,05/08/2024 18:15,13.635444071611527,7.216741272830222,6.465937093197993,547.7588567198568,0.2,0.4030142361568891
STN001,05/08/2024 18:30,11.282061830600972,7.102831631560802,2.656528022125154,485.2142750102189,0.0,0.2457913412874661
STN001,05/08/2024 18:45,4.709764283016913,6.5,1.7590094313972475,408.9666987594147,2.0,0.3128739753994266
STN001,05/08/2024 19:00,7.264425122875961,7.082247788642262,2.600309585105361,473.9944012535305,0.0,0.5788403258843281
STN001,05/08/2024 19:15,1.5566187095766404,7.460295483557721,5.352402826782477,515.2774537327139,1.0,0.1731905417587492
STN001,05/08/2024 19:30,1.2378436765279588,6.5,2.308344223928411,449.5346682209637,0.2,0.2082031970237397
STN001,05/08/2024 19:45,18.5717842863382,6.746208043988254,0.5282679391024112,354.0492846248831,2.0,0.1034027042712322
STN001,05/08/2024 20:00,10.340648369073879,7.662326007974627,2.7877149536274306,419.5824192517378,2.0,0.7882149414163768
STN001,05/08/2024 20:15,4.514255675357079,6.63799830711563,6.733159032483096,538.713904764159,1.0,0.354645852739911
STN001,05/08/2024 20:30,13.536001773027639,6.944026009954517,2.692385045972588,416.1414442668424,1.0,0.2044611351424646
STN001,05/08/2024 20:45,2.1056802343133985,6.978223422554043,7.603413267493901,538.9961353330314,0.0,0.1229964521090179
STN001,05/08/2024 21:00,19.68066051752708,6.772033800168705,1.0334707476831917,408.9908325282668,2.0,0.0859106976425371
STN001,05/08/2024 21:15,5.958111852234835,7.258297770992351,0.5308901150717307,494.7316353636908,2.0,0.0907179878989317
STN001,05/08/2024 21:30,14.63465663809992,7.275508680652272,2.9917844846416344,494.762393317361,2.0,0.3735194024850698
STN001,05/08/2024 21:45,10.671393473066287,7.018554874663018,7.720421283080936,537.6575114650772,1.0,0.0413050994251236
STN001,05/08/2024 22:00,13.37679964377992,6.704464119786134,2.696257711137995,500.615456864088,0.5,0.3265750146504885
STN001,05/08/2024 22:15,2.9295763783464857,7.068173538254513,0.7652377146796392,460.37696055124695,2.0,0.491900240696329
STN001,05/08/2024 22:30,18.7455760276696,6.573985482488276,3.96440033746202,503.8599940904661,0.2,0.3937429020754921
STN001,05/08/2024 22:45,6.958987357753115,6.773210289027047,4.538005223663518,476.3547967874938,0.5,0.3020658883454844
STN001,05/08/2024 23:00,17.768023293714144,6.941478670307128,6.05059178458632,487.089380993498,0.0,0.1689844160501022
STN001,05/08/2024 23:15,12.633532103916936,7.364933290602231,2.5957867058201414,450.7174041469283,2.0,0.3887693048953037
STN001,05/08/2024 23:30,15.95638283512228,7.210995002062251,4.65176662926124,501.8105946768541,0.2,0.3694898545989407
STN001,05/08/2024 23:45,5.005669987334008,6.5,4.3593747070655215,499.5919824668816,0.2,0.3195337947743746
STN001,06/08/2024 00:00,18.09186596166,6.696769391787947,2.3311683603023097,449.865756675848,0.5,0.3627535109900447
STN001,06/08/2024 00:15,13.383835534872354,7.306717244905616,6.328084794112687,541.2140407195096,1.0,0.6396050536659743
STN001,06/08/2024 00:30,14.329142015616355,6.907871423277306,3.108285073013568,448.1939627966319,1.0,0.1627163381944031
STN001,06/08/2024 00:45,4.774565446134053,7.341384798941107,4.30027690702239,481.4063405255606,0.2,0.020450815565626
STN001,06/08/2024 01:00,10.788282000769986,6.569132137616941,7.630071168384945,504.2267367841084,0.0,0.3706824003218267
STN001,06/08/2024 01:15,14.407495739816039,7.007753852522416,3.7670667621605167,477.4104769632285,1.0,0.0790725791553143
STN001,06/08/2024 01:30,11.43630779204001,6.866814976593065,0.9248163807211784,410.770857645461,2.0,0.9605769583484538
STN001,06/08/2024 01:45,17.577946154469366,7.252384977721097,2.902355054899264,530.620755684334,2.0,1.3149179932440096
STN001,06/08/2024 02:00,18.10145780238139,6.950855927509138,7.266814378682231,585.4188490993747,0.5,0.5771778842880384
STN001,06/08/2024 02:15,4.507764151369848,6.54857007277726,1.8156039392784051,503.5376264859195,2.0,0.2640513091229325
STN001,06/08/2024 02:30,5.836185353371775,7.07153084498996,7.265957087001936,576.8387426023023,0.5,0.4232753007666787
STN001,06/08/2024 02:45,11.633926641760024,7.1663936192719655,4.7447789620454985,512.9240657897417,0.5,0.3928677718281667
STN001,06/08/2024 03:00,0.9360417708648927,6.988950298862317,2.922092708202567,476.778892982684,0.5,0.287175522255027
STN001,06/08/2024 03:15,14.065150810347644,7.052929009931281,6.208153744820931,572.8069179572369,0.5,1.4459573980830855
STN001,06/08/2024 03:30,19.005424913381617,7.058585814402509,2.870421190560648,446.4176691448527,1.0,0.3986959952960136
STN001,06/08/2024 03:45,13.159862958178527,6.530795895249982,2.7629238303129355,473.6372400143374,0.5,0.4642359929009256
STN001,06/08/2024 04:00,16.261664998000953,6.872479301119282,6.818944848024243,491.144816240793,0.5,0.1396950586055586
STN001,06/08/2024 04:15,3.9278736961718286,6.809573778783942,5.1165604487821135,468.0031460345844,0.2,0.4990824364289945
STN001,06/08/2024 04:30,18.19982414179218,6.92594350940645,7.56194965809437,585.6374175335299,0.0,1.231350156031317
STN001,06/08/2024 04:45,9.91782251544497,6.94302464946053,2.0721339079426797,417.4776924277341,0.5,0.0374063261675814
STN001,06/08/2024 05:00,3.390606703590755,6.934642971689786,7.612680882027467,564.7343516307932,0.2,0.9061265517027284
STN001,06/08/2024 05:15,16.644616378759732,6.982280254520619,7.646911012005709,596.2332697896294,0.2,0.4908443475463918
STN001,06/08/2024 05:30,12.927455888307364,6.543968300579834,2.775839847764402,453.3455627398061,1.0,0.3260364435396344
STN001,06/08/2024 05:45,12.228428981369534,6.866484855523383,3.462053100357318,429.9984417088012,1.0,0.3092015850151081
STN001,06/08/2024 06:00,3.7923956092357414,6.898965126258533,4.017354542276155,515.3943134646022,1.0,0.4363285357692976
STN001,06/08/2024 06:15,3.356539778220786,6.953563469075672,6.935487903902624,558.6207811197472,0.5,0.0094224295717066
STN001,06/08/2024 06:30,13.263900092363993,6.958056099517477,1.672977614846921,451.3651757778843,2.0,0.1291669459953134
STN001,06/08/2024 06:45,13.656621390814923,7.26766965846493,2.632717495540542,529.5041768789005,2.0,0.4706587324061191
STN001,06/08/2024 07:00,5.551424806235614,6.5,2.6511016797840137,446.1335964041092,2.0,0.2701788586784445
STN001,06/08/2024 07:15,10.748370667291713,6.679206977782274,4.567398600951024,571.7233212049236,1.0,0.1888580931336394
STN001,06/08/2024 07:30,3.984957550664736,6.771661896449282,6.238603461444465,524.8571544272836,0.5,0.4491625609265449
STN001,06/08/2024 07:45,12.234090931879123,7.196092666913884,1.6358726573633642,389.5519608841399,2.0,0.0518023776736457
STN001,06/08/2024 08:00,19.27132679236852,6.705456809356202,4.21929268665525,457.4257678011137,0.2,1.1238860118174157
STN001,06/08/2024 08:15,17.37188635782998,6.5,7.488500803789068,586.7794857479354,0.2,0.6055935348361058
STN001,06/08/2024 08:30,9.301546033360207,6.5,3.760583755127212,461.38437848062415,0.5,0.4437428341069304
STN001,06/08/2024 08:45,16.96326888659925,6.656592990510267,2.030317804590053,436.67491163826486,0.0,0.3013753434386927
STN001,06/08/2024 09:00,13.731863311075411,6.874592174700101,1.9523714928968776,420.4278830990893,2.0,1.4976442278318969
STN001,06/08/2024 09:15,7.247871908427981,7.059340620092552,2.080374072581896,489.48794231552006,0.5,0.0468042552912977
STN001,06/08/2024 09:30,2.8685658632359767,6.508442242001935,2.4197534877559272,474.98833596212177,0.5,0.1594627046674783
STN001,06/08/2024 09:45,12.25253252449843,6.746406965830317,6.616818057843877,543.4757033878877,1.0,0.0758935777933363
STN001,06/08/2024 10:00,15.603350054497913,6.7743971756720285,6.344356826060146,547.6679933986588,0.5,0.9788360332917152
STN001,06/08/2024 10:15,9.94727408245787,6.5,3.484465171971056,487.748685938715,0.0,0.1603499639978139
STN001,06/08/2024 10:30,6.388225330334882,7.212736083962543,3.4952348345290263,473.3962973517517,1.0,0.00175575160798
STN001,06/08/2024 10:45,17.576728296617407,6.524690946051531,3.412559430012021,502.6149082576664,1.0,0.2831140438928524
STN001,06/08/2024 11:00,18.651835837500514,6.5,3.125115169486529,481.7372743427819,0.5,0.2308794472480561
STN001,06/08/2024 11:15,13.159925473431453,6.831450826503216,7.289096171054417,558.4924544216209,1.0,0.0299706716037305
STN001,06/08/2024 11:30,18.399697812485986,6.923362282482901,5.246797174831672,532.3776767236732,0.2,0.1570200611620087
STN001,06/08/2024 11:45,1.2243043613406868,7.077575135010019,7.898549732601591,622.9012102986599,0.2,0.2000352034740157
STN001,06/08/2024 12:00,13.030275377013972,6.833428817320666,3.145165710929714,490.5981003426156,0.2,0.0918211123266204
STN001,06/08/2024 12:15,11.919759027384591,6.5,3.211765929135657,460.12760304088096,0.5,0.400849418168028
STN001,06/08/2024 12:30,0.8574217258284111,7.118007106070118,2.348054429896836,452.0895205284268,2.0,0.2912299511232226
STN001,06/08/2024 12:45,19.11316036776185,6.5,0.3302630833300192,463.9965801614898,2.0,0.3439942283833217
STN001,06/08/2024 13:00,15.6684297388257,6.794831237829499,7.6441864197954015,527.8234943172906,0.5,0.4037471002565646
STN001,06/08/2024 13:15,18.23276983864746,7.209475548358933,5.693685378864569,539.0829157298637,0.5,0.4584088073678051
STN001,06/08/2024 13:30,11.831123010480196,7.466252498969996,4.5996933471682455,493.9051873777865,1.0,0.3345391102920075
STN001,06/08/2024 13:45,11.592535243644416,6.5,4.576648451817744,464.33582452865846,0.2,0.4668111149151104
STN001,06/08/2024 14:00,5.2679887596154495,7.073852388156969,3.710196961559932,459.7514625504331,0.2,0.2762426961650704
STN001,06/08/2024 14:15,17.302296097693063,7.4216317769467155,1.5414958936781844,415.9633471038605,2.0,0.0183510705164638
STN001,06/08/2024 14:30,18.19361202918723,6.743602032312946,5.009518876734551,532.9997734158437,1.0,0.0749146393392383
STN001,06/08/2024 14:45,5.355592900768016,6.5,0.924297180533417,456.5150527013459,2.0,0.3451915839221453
STN001,06/08/2024 15:00,14.646119887293805,6.808776039471691,5.684086369727643,507.0176515786441,0.5,0.732284938566989
STN001,06/08/2024 15:15,3.75038938432376,6.855672904514764,4.015884229818628,493.5643302191792,1.0,0.1568989603777457
STN001,06/08/2024 15:30,17.901124888194133,6.5,2.145390205063162,488.8415750616752,0.2,0.0042979450144939
STN001,06/08/2024 15:45,18.59624308892076,6.730049000222408,2.5711537057843694,451.594738444289,0.2,0.43722237180045
STN001,06/08/2024 16:00,7.530879220183772,6.880373638487235,7.656219907721453,551.8030323080665,0.5,0.2956834554371914
STN001,06/08/2024 16:15,12.703125980646607,6.714387810505995,6.015653713691788,496.13290357820415,0.5,1.0903954398286066
STN001,06/08/2024 16:30,19.23084178381125,7.355148628348234,3.053431754829103,472.6512988449609,0.2,0.5237017642019433
STN001,06/08/2024 16:45,7.19202099189264,6.828787035384084,4.620899601330983,503.5767875683223,0.2,0.1181411893398151
STN001,06/08/2024 17:00,9.97740609512902,6.810708678132788,4.8581219902879145,524.2172661022474,0.0,0.3822385208114044
STN001,06/08/2024 17:15,15.104478728304416,6.885950145826225,6.594126740717599,526.0641374360663,1.0,0.4712092614124243
STN001,06/08/2024 17:30,6.28444731522932,6.954411005892625,6.819676029238813,536.3955866251442,0.5,0.3304068370838124
STN001,06/08/2024 17:45,17.399998577935754,7.097013151028752,2.416888349191713,431.3472825559143,0.0,0.1108975379671227
STN001,06/08/2024 18:00,10.492037726851372,7.550562878252666,7.489854795931896,536.1353762723802,0.2,0.8782888613601585
STN001,06/08/2024 18:15,11.067924044631834,6.832757866317803,4.943658961886932,566.3912847140737,0.2,0.0314761047660687
STN001,06/08/2024 18:30,1.169809722236248,6.5,2.3853277786120746,465.3963075087297,1.0,0.485470229468837
STN001,06/08/2024 18:45,14.351787220436968,7.387219862600788,4.356092137719761,493.3984270427676,0.0,0.0942159260955464
STN001,06/08/2024 19:00,18.444324277712532,6.970561156840957,2.15989466535445,444.277798996903,1.0,0.0644355172316525
STN001,06/08/2024 19:15,15.280210249887066,6.65560655142801,4.078583211224396,528.2424359190825,0.0,0.1747103744246887
STN001,06/08/2024 19:30,4.687929899942624,7.064220516298092,2.198953008007728,416.6150932088695,0.2,0.1882628365539645
STN001,06/08/2024 19:45,11.74104637964248,6.73374280733583,0.5693484601899323,411.6985708864109,2.0,0.2768047690966058
STN001,06/08/2024 20:00,13.278845404460927,6.70476701844972,6.335723354466524,506.4355177345178,1.0,0.1011876305789816
STN001,06/08/2024 20:15,8.777762171881946,6.5,2.851763781073539,493.52485962480125,0.0,0.3166487271596303
STN001,06/08/2024 20:30,9.424886513491487,6.64965798426335,0.9136386825037772,359.12978114818475,2.0,0.1862199456882196
STN001,06/08/2024 20:45,6.981324338959913,6.871472504410219,7.927455572540955,527.2355574901089,0.5,0.0788294315596286
STN001,06/08/2024 21:00,19.0602205893793,6.696549861590322,2.6607509181318667,437.5626419950751,2.0,1.3283131535115174
STN001,06/08/2024 21:15,18.494931895249728,7.36176329096314,7.47685434462252,532.9863975707674,1.0,0.4322886246523679
STN001,06/08/2024 21:30,4.027078871412398,6.660438207679371,2.1493701014664746,409.100581680165,1.0,0.4478829839700468
STN001,06/08/2024 21:45,16.607064184765555,6.5,0.2101105260025772,468.3701557124208,2.0,0.3934454053947965
STN001,06/08/2024 22:00,7.147888984953903,7.122681172133143,4.993548613210761,521.1960460783533,0.2,0.3728444537047022
STN001,06/08/2024 22:15,9.615581079729896,6.947432336129637,7.968871817087608,483.9824197960575,1.0,1.4501853779989766
STN001,06/08/2024 22:30,3.881055788198353,7.339648514073183,5.362787561032819,526.479947616669,0.5,0.1985178947588829
STN001,06/08/2024 22:45,17.45222206187938,7.066110105520738,3.0154508106469624,450.1748361904486,0.0,0.7525964700382637
STN001,06/08/2024 23:00,2.0802495613950978,6.795251466260137,2.2445339309779104,442.57222047283744,0.0,0.4329539219794375
STN001,06/08/2024 23:15,18.738014266319883,6.645156560079042,3.6199941165462186,481.75034623344817,0.2,0.360188910741209
STN001,06/08/2024 23:30,6.173076629514325,7.206800617735951,7.307076718069016,535.034659803293,1.0,0.319392049104377
STN001,06/08/2024 23:45,12.703252331010184,7.197788976635448,4.9868172124582735,502.3241592202218,0.5,0.0622983874740837
STN001,07/08/2024 00:00,19.71153903232644,7.334201042824907,6.363846383001845,531.9841809162577,0.5,0.4232794203936243
STN001,07/08/2024 00:15,7.51716172267307,7.378007337135602,5.014082983698674,426.38344467552406,0.0,1.4810584734133745
STN001,07/08/2024 00:30,6.174780652115084,6.761563530360131,4.475842312525213,479.1578262072133,0.5,1.311668197821561
STN001,07/08/2024 00:45,19.405379909288865,6.6390289068227215,1.0676874309085524,413.37852712062863,2.0,0.0273874759079835
STN001,07/08/2024 01:00,16.738902528650055,6.715075735836908,3.787282736098231,426.3525711569246,0.5,1.4959900059749325
STN001,07/08/2024 01:15,15.041664328850867,6.756295415561706,5.761497909354233,508.18858699218777,1.0,0.2852056434242805
STN001,07/08/2024 01:30,19.553258990985874,6.999224300230336,2.661243587096304,452.5329267286088,1.0,0.9662202229085992
STN001,07/08/2024 01:45,17.195249157517488,7.231238559434981,6.892231223167158,538.9195414316896,1.0,0.280744505131323
STN001,07/08/2024 02:00,8.286161010924985,7.143127465271021,5.497003467729785,510.4115836426578,0.5,1.291723180324215
STN001,07/08/2024 02:15,11.206320373765795,6.718402373348351,0.9826238979449652,424.67931040647386,2.0,0.3620897865131773
STN001,07/08/2024 02:30,11.042673943370339,7.330558052487449,6.459806455610774,533.1814669561069,0.5,0.2202298157204474
STN001,07/08/2024 02:45,18.76004449072844,6.5,0.4902923366276402,342.20766437772124,2.0,0.1332776315048786
STN001,07/08/2024 03:00,11.523196834879649,6.5,4.130664849150918,504.7834534146551,0.2,0.7682030935347479
STN001,07/08/2024 03:15,13.867130834971594,7.0031095320886045,5.510484682534947,560.5014812589311,0.2,0.4757605045945618
STN001,07/08/2024 03:30,10.041913857743266,6.553974217920033,2.321303956105836,404.74091142506416,0.0,0.3267840996659553
STN001,07/08/2024 03:45,11.822819269118822,6.835207828468228,5.377894984262239,505.2976585362334,1.0,0.1935534686973352
STN001,07/08/2024 04:00,5.611547679992577,7.140452488317801,4.402721697728738,453.4909175833275,0.5,0.8490779855169552
STN001,07/08/2024 04:15,3.84792497320976,7.246807548807253,3.2296563134475385,446.79835674656215,0.2,0.1009806805583233
STN001,07/08/2024 04:30,17.078319349789886,6.5,4.703353082852674,487.9396252303248,0.2,0.1808867404598811
STN001,07/08/2024 04:45,1.1399493287721696,6.882490439469959,1.9766851050426653,461.4633521813995,2.0,1.2687890789273186
STN001,07/08/2024 05:00,3.356550156150102,7.14310540168115,2.909473844238509,460.6678316787216,2.0,0.4886245516034749
STN001,07/08/2024 05:15,14.977413654967242,6.5,4.80618220351642,473.5705272013967,0.5,0.5349636412220822
STN001,07/08/2024 05:30,10.484573812290067,6.932912499022431,2.9498024776789906,437.68292225494207,1.0,0.3139307844139929
STN001,07/08/2024 05:45,6.908431269196196,6.5,7.601300766201302,567.0312839122583,0.5,1.017633652586501
STN001,07/08/2024 06:00,6.995745079958587,6.873427864736159,3.9492658209801697,490.4151167899988,0.5,1.047768904144807
STN001,07/08/2024 06:15,14.536804854327713,6.94865402168276,2.570557296654124,443.73502688568345,2.0,0.3718649985879231
STN001,07/08/2024 06:30,19.978780062165654,6.562316842955164,7.750201425361011,508.67099813989,0.2,0.3605334074882605
STN001,07/08/2024 06:45,18.977231935741298,6.703931903413126,6.866615667231503,531.2694133227843,0.5,0.3371504515099783
STN001,07/08/2024 07:00,13.694292219325312,6.6899067693278615,7.716445671040741,497.9930682798503,0.5,0.0433306556570877
STN001,07/08/2024 07:15,2.9167158510006663,6.829648482320904,7.027301885821041,575.7463175289156,0.5,0.3842475474097502
STN001,07/08/2024 07:30,2.494852143267805,6.5,4.745622161623605,494.4676978387124,0.5,0.4195552148583958
STN001,07/08/2024 07:45,3.6558492354134953,6.511280307501184,2.0323075018724257,405.6895908453508,0.5,0.2578289898781621
STN001,07/08/2024 08:00,2.981559737080355,6.743023351659693,2.5843421445402086,475.1712361994709,0.2,0.7619033879483481
STN001,07/08/2024 08:15,1.1854084203796256,6.865629837198359,3.662515956233287,469.5738863760069,0.5,1.0727889936794242
STN001,07/08/2024 08:30,11.170776686220767,6.531984442924568,3.458337788972491,487.2072404598295,0.2,0.491675373278945
STN001,07/08/2024 08:45,15.473480659383743,6.646411663387433,4.234888931108168,483.776067934892,0.2,0.1982488001717253
STN001,07/08/2024 09:00,1.4172561588765142,7.041272997199804,4.184510889299284,467.5106032410227,0.0,0.4903109315915056
STN001,07/08/2024 09:15,16.672111531985202,7.217153110974414,7.921689357620795,605.6810628313492,1.0,0.0609237955654922
STN001,07/08/2024 09:30,7.425384696689921,6.672735305466219,6.588161910677802,524.869801783483,0.5,0.4687246530945882
STN001,07/08/2024 09:45,18.023447731093423,6.767739077933764,6.954095480441012,516.3893738974076,1.0,0.1494349757910378
STN001,07/08/2024 10:00,14.322508714265057,7.572579371240282,2.171674416587983,451.0806147503762,1.0,0.2978017312495622
STN001,07/08/2024 10:15,5.452833309857725,6.87209716279868,4.668489708445256,491.2769058151956,1.0,0.6870439215685852
STN001,07/08/2024 10:30,6.583342863561232,6.5,4.420698453749743,547.0101139913204,0.5,0.3048609761383546
STN001,07/08/2024 10:45,17.566971867117893,6.5,3.897854641906851,458.73845636448505,0.5,0.2576099077372761
STN001,07/08/2024 11:00,12.486024098169297,6.5,5.583851581011201,521.5230424060198,0.5,0.9511165264454716
STN001,07/08/2024 11:15,5.924483080513607,6.989423060346253,3.061906399003933,486.4112215935484,1.0,1.0707471389524288
STN001,07/08/2024 11:30,10.065770310119293,6.952730299270566,6.680373052481942,526.981121353744,0.5,0.1073850685281853
STN001,07/08/2024 11:45,3.510421387166809,7.015801073546869,1.7469260456573044,438.0045491591998,2.0,0.8858515934325506
STN001,07/08/2024 12:00,14.479706608646495,6.810892553405212,0.4426760450821002,467.0726996098023,2.0,1.023433473486908
STN001,07/08/2024 12:15,9.062405380282517,7.21916132502099,4.437059982006996,500.7637304386701,0.2,0.8469558254123861
STN001,07/08/2024 12:30,15.561110984425452,6.792235461901233,7.07647732643014,521.8623530708575,0.2,0.7148912738466895
STN001,07/08/2024 12:45,15.180864909847083,6.865732908546812,2.859426065379272,451.2093163326589,1.0,0.7532950504016089
STN001,07/08/2024 13:00,10.109347749928009,6.75370839490768,4.660280615539032,477.6127359717564,0.5,0.4082438773403355
STN001,07/08/2024 13:15,6.300171591404045,6.542474886549531,5.24171431413614,539.5960355101251,0.0,0.1170721506049579
STN001,07/08/2024 13:30,10.126515503668884,6.5,2.3243872905582244,434.3049141962343,2.0,0.0962436074569015
STN001,07/08/2024 13:45,16.475187345875305,6.994902288161224,2.389582807240988,491.0800750104722,0.2,0.474048800459341
STN001,07/08/2024 14:00,13.305820576399167,7.202351343145913,1.3260209426176075,406.4143459114002,2.0,0.1104827794297806
STN001,07/08/2024 14:15,7.570376269409609,7.266748417672471,3.617517938288306,518.3098374353488,1.0,0.4764008736541305
STN001,07/08/2024 14:30,6.004324456534935,6.868217973583153,5.899412245890645,498.8513292761052,1.0,0.9306526293804924
STN001,07/08/2024 14:45,16.708929524818373,7.246151743456172,5.395341376464424,503.8828403138015,0.2,0.390705398144471
STN001,07/08/2024 15:00,6.743797174398809,7.173758113811255,4.175758039797058,456.4120316656088,0.2,0.4158910362133247
STN001,07/08/2024 15:15,10.463783812076153,6.6912539172347545,3.692942285745844,512.8335481821252,0.5,0.2806930157455966
STN001,07/08/2024 15:30,3.7371185629836434,6.599147706653601,4.233989734214757,496.64986009480793,0.2,1.1570393016056744
STN001,07/08/2024 15:45,3.0652403861706423,6.744948703052802,5.8772150311340505,505.6183027613641,0.5,0.1711388375388374
STN001,07/08/2024 16:00,16.548284343615464,6.752725356478852,7.880050007776712,609.9177542891105,0.5,0.2008651396876529
STN001,07/08/2024 16:15,19.43813161500817,6.568697591432783,7.538664821058391,517.7534629866412,0.2,0.4533302563783421
STN001,07/08/2024 16:30,17.953236122641425,7.151893912474946,2.2051089399817405,479.9071602816029,0.2,1.2205946482303685
STN001,07/08/2024 16:45,3.641431089790581,7.2951220406188835,3.75943511522536,469.0768835947763,1.0,1.1849920464898969
STN001,07/08/2024 17:00,12.606816361068153,6.886380015400744,5.069544417207077,485.0106487824589,0.2,0.3849903235903337
STN001,07/08/2024 17:15,17.443692542122374,6.650087141637136,7.878053925954817,524.5918228853251,0.0,0.2888317901659057
STN001,07/08/2024 17:30,6.6810256520303835,7.228873911853064,4.830283850235577,475.508883156399,1.0,0.4117242852159669
STN001,07/08/2024 17:45,13.758781573243583,6.539611439612869,0.7791924176677887,450.87854936584574,2.0,1.1731458430673811
STN001,07/08/2024 18:00,1.641731936225741,7.224226135768637,2.8213705460898044,436.1185958703512,0.5,1.0740684019543398
STN001,07/08/2024 18:15,7.06267510857076,6.601352779556841,4.226496646281436,504.3485923760688,0.2,0.0946193985613208
STN001,07/08/2024 18:30,15.555654064152701,6.930563378989414,4.76795309351171,531.1310021637555,0.5,0.8931307960125268
STN001,07/08/2024 18:45,2.9216653708331797,6.5,0.2121743408286504,360.0523637823382,2.0,0.1678854993735613
STN001,07/08/2024 19:00,10.165658721941996,6.5,7.75899631667782,534.2357022489052,1.0,0.2568642924260083
STN001,07/08/2024 19:15,14.064612511497831,6.554185177321729,5.68791977990127,528.1722629221073,1.0,0.3934681933257574
STN001,07/08/2024 19:30,4.841274713808632,7.03394578563457,2.755137108536438,402.2046978146173,0.5,0.4486138233951451
STN001,07/08/2024 19:45,13.289729262018334,6.5,6.853205231320261,606.5176086667626,0.5,0.6569691055780431
STN001,07/08/2024 20:00,7.903143540864088,6.827099095757074,6.358573766107078,491.04555611179137,0.0,0.3480870793172622
STN001,07/08/2024 20:15,12.944061455964386,6.5,3.3343474719432065,481.3590455358326,1.0,0.4135840270119042
STN001,07/08/2024 20:30,10.027372861679677,7.775840684910041,6.363213097051878,517.3603349872733,1.0,0.9574803951739724
STN001,07/08/2024 20:45,9.672451574548148,6.895200976339194,2.9781916105484565,460.8966679129825,2.0,0.3975612441812395
STN001,07/08/2024 21:00,18.618542983632082,6.910716584496777,2.299391824344725,467.1542900471218,0.2,0.3465377011223079
STN001,07/08/2024 21:15,11.460453816117264,6.61465764746361,6.140977432763849,521.1591753096856,0.0,0.0161594325606725
STN001,07/08/2024 21:30,19.23099773216223,6.629769941093537,7.681345446577025,531.4883589059903,0.5,0.3544821519205914
STN001,07/08/2024 21:45,7.696377218442394,6.644800507002917,7.38903502128787,584.5837241067029,1.0,0.3142523365199473
STN001,07/08/2024 22:00,7.599496661868963,6.722028214794905,7.837668064244372,566.8269816475641,1.0,0.3360509395963094
STN001,07/08/2024 22:15,3.7118861024517336,6.623351025866396,3.024306473037364,452.30341513174886,0.2,0.0694846444801762
STN001,07/08/2024 22:30,10.968349928631955,6.858956927745418,3.593813584318488,480.5613638697118,0.2,1.396508450521874
STN001,07/08/2024 22:45,4.031451432877198,7.165458172900295,4.031126821869596,506.84869844651297,0.5,0.4911778344703335
STN001,07/08/2024 23:00,1.5562549401356263,6.889338584790153,6.968496702632439,526.6482600394826,0.5,0.6444582255016731
STN001,07/08/2024 23:15,10.772293032157503,6.5,0.757383634862135,361.0820253869305,2.0,0.4527016251932122
STN001,07/08/2024 23:30,18.84500232464476,6.695125697247373,3.4965434372313613,497.6438763697196,0.5,0.396775675547639
STN001,07/08/2024 23:45,13.750144710934011,6.58589735757344,7.756316183513594,534.2976625428123,1.0,0.2339102813025596
STN001,08/08/2024 00:00,13.861428053230666,7.058974933752298,6.989998321435785,532.496283419156,0.5,0.4179428587926822
STN002,01/08/2024 00:00,86.00983392851195,7.225250078122776,3.568369533454022,405.3213879331545,0.5,0.2002416853767932
STN002,01/08/2024 00:15,38.902198029296756,7.1533303736552,3.3185170800526054,462.2793915030184,0.5,0.4587519613316683
STN002,01/08/2024 00:30,47.607509790642546,6.960638213476739,1.798233357780525,455.68957653381625,2.0,0.3931903365132744
STN002,01/08/2024 00:45,91.58167202568053,6.837728876626266,4.181184742244705,554.2086442181609,1.0,0.3551056693960077
STN002,01/08/2024 01:00,39.14127324824741,6.854544259027055,5.181233311747619,508.4066966441678,0.0,0.4851849802001327
STN002,01/08/2024 01:15,82.63827759926386,7.044849320950566,1.5575556393737602,413.5715915278675,2.0,0.0903363651610449
STN002,01/08/2024 01:30,21.649164161193156,7.241881592663541,7.702730728076892,607.1331548032849,0.5,0.2413304457178684
STN002,01/08/2024 01:45,47.976069202535896,6.770865045662,6.937327467087345,500.8034968002819,1.0,0.2606334860127982
STN002,01/08/2024 02:00,86.71902748146047,6.788137570499459,5.866727402303416,554.2094557556609,0.2,0.3597836217370791
STN002,01/08/2024 02:15,35.14354894971461,7.774142457975011,6.117993638792783,539.2411190016207,1.0,0.1388465448783369
STN002,01/08/2024 02:30,18.30826334836827,7.188621660086327,2.9705579831197126,419.2337932439408,0.2,0.8666554978456007
STN002,01/08/2024 02:45,55.351986580246624,6.5,6.898164911812468,570.5427431507532,0.5,0.1998783965382766
STN002,01/08/2024 03:00,41.088366487334405,7.058114088702149,5.8524485910541415,514.4015891601999,0.0,1.2127783064143998
STN002,01/08/2024 03:15,68.85786032265429,6.5,3.226114520677664,395.7404587673597,0.2,0.1615284036254515
STN002,01/08/2024 03:30,51.50079475959078,6.996934286088285,2.741781672834228,479.89577838074126,0.0,0.4934679535763346
STN002,01/08/2024 03:45,3.802663722198829,6.789127929641617,7.5351064930624,529.3524912830953,0.2,1.1891400183731946
STN002,01/08/2024 04:00,90.89164051554431,7.119181388241729,3.911671652452246,441.5618745320431,0.2,0.5840335302080912
STN002,01/08/2024 04:15,80.44550569637615,6.852519933397219,5.220155565950099,473.5743920280582,1.0,0.138300357941259
STN002,01/08/2024 04:30,33.18471072174985,7.296573018848938,7.870409649856349,523.2401135068548,0.0,0.3016430158102455
STN002,01/08/2024 04:45,56.00858855361095,7.412069047045271,4.834422337037367,529.6201391759552,1.0,0.1770119980112862
STN002,01/08/2024 05:00,90.80576381140669,6.754666456369405,6.011839314049077,539.346487630002,0.2,0.1948941854263897
STN002,01/08/2024 05:15,84.32325338523546,6.789750933330949,0.7376195826158971,397.5006115649617,2.0,0.3462615248996289
STN002,01/08/2024 05:30,66.50939867051389,7.023006014153766,0.8198745259350315,438.7126388868277,2.0,0.3034131473641591
STN002,01/08/2024 05:45,75.71350845629405,6.5,4.728300571725506,498.5661525874008,0.2,0.0566712723013821
STN002,01/08/2024 06:00,87.65748551363336,6.645934176803027,4.394871217123891,542.529246578543,1.0,1.054097641358697
STN002,01/08/2024 06:15,63.70407096351383,7.225913655550187,7.6077934718321565,603.8084002982308,0.0,0.4918026562387559
STN002,01/08/2024 06:30,54.871496669713515,7.288496394350314,0.8897062770703656,426.59594055634784,2.0,0.9877476501998768
STN002,01/08/2024 06:45,69.57786521162596,6.5,4.190533118268887,477.6062028763204,0.5,0.2720812687932464
STN002,01/08/2024 07:00,88.76227391282492,6.76771617015047,7.760640931507162,555.1015150573943,0.0,0.2358989770215208
STN002,01/08/2024 07:15,25.740995096598052,6.903985500580053,6.552784114511365,555.3969137936889,0.5,0.4968595438332493
STN002,01/08/2024 07:30,3.0242960345260417,6.763746272144756,2.25319444261556,458.1510473628405,0.0,0.3814947415894143
STN002,01/08/2024 07:45,6.259270726733757,7.284169085795711,5.007381097980241,508.9750688462816,0.5,0.4412261934469954
STN002,01/08/2024 08:00,37.63734941860222,7.332021057211785,6.085372594067415,550.3167993231684,1.0,0.3973383811571288
STN002,01/08/2024 08:15,56.232658644867186,6.7456635936401685,6.516570977006271,534.910793440944,0.5,0.4438991917156568
STN002,01/08/2024 08:30,6.93768797693588,6.84172381613898,6.927455950874168,545.9643651772976,0.5,0.3829515985117006
STN002,01/08/2024 08:45,95.26076109926433,6.595023968528852,4.077486023378591,411.3551517900215,0.2,0.0098952213120933
STN002,01/08/2024 09:00,16.493759936603325,7.260511561290768,6.932144247249184,512.2606527252466,0.2,0.8341600725616862
STN002,01/08/2024 09:15,91.93233098975243,6.662929430079627,5.846796131896549,528.9398435227786,0.2,0.947965841763596
STN002,01/08/2024 09:30,88.32919815770754,6.674145071079031,1.6742066962482889,445.08369557061934,2.0,0.3024573818049556
STN002,01/08/2024 09:45,38.927166254828634,6.670297591437422,7.759973207895952,564.1623267978314,0.2,0.3037830826838609
STN002,01/08/2024 10:00,77.08650122614952,6.754156920281989,5.420873212642371,532.7139351027955,0.5,0.150273316399063
STN002,01/08/2024 10:15,14.854935776318367,6.72382597750631,3.211038618138222,492.680054430865,0.5,0.2215789590609079
STN002,01/08/2024 10:30,53.3350994988883,6.864206283034984,2.397340754579324,450.7505110394957,0.2,0.3894425361498453
STN002,01/08/2024 10:45,0.5380814460883676,7.483777642933588,6.635620710038353,506.5589018289513,1.0,0.171297601422916
STN002,01/08/2024 11:00,84.7441333133928,7.223286849344063,5.985845088346504,537.0470948271962,0.5,0.7777134401910637
STN002,01/08/2024 11:15,83.34618058680383,7.144792886106482,6.132679520885283,492.6952316160916,0.5,0.0823843361693471
STN002,01/08/2024 11:30,98.88899064487617,6.782163665531909,4.863723580094066,513.0782993284834,0.5,0.119731038332903
STN002,01/08/2024 11:45,71.47759505190525,6.581139055467219,4.041033342160324,494.78392723589377,0.5,0.0009295811348137
STN002,01/08/2024 12:00,1.5553829796331353,7.040279455042094,6.553328866513965,532.3993738936592,0.5,0.1862669069972259
STN002,01/08/2024 12:15,3.1275478177225757,6.947747150101659,5.768979766949824,503.7374036279763,0.5,0.4748211878886164
STN002,01/08/2024 12:30,21.29486767091833,7.087080768088533,6.426432372172334,577.5551422439856,1.0,0.1975433413512319
STN002,01/08/2024 12:45,16.03908566458596,6.791381652423491,6.708738730801098,521.9437650492631,0.0,0.1973715251176508
STN002,01/08/2024 13:00,87.29450865115241,6.549093989705245,2.135928977772468,401.6706640939745,0.5,0.0391309978632185
STN002,01/08/2024 13:15,55.89145697636619,7.45901484718107,6.926351495929565,523.0788669808254,0.0,1.3762728519851395
STN002,01/08/2024 13:30,89.01271890482695,6.929623107310401,5.216989260687215,551.2404528599959,0.2,1.036476061262697
STN002,01/08/2024 13:45,79.41950108614411,7.416370831935038,2.8292619585527605,423.7487852565762,0.5,1.087823818890835
STN002,01/08/2024 14:00,28.725931657393524,6.571815804615183,2.5023236279654557,468.3836971415111,2.0,0.131832592128711
STN002,01/08/2024 14:15,11.007826944815157,7.089539312882547,2.35618110204001,511.9866061628954,2.0,0.0541199731930986
STN002,01/08/2024 14:30,99.81776691303153,7.018718871401408,6.130609665628482,518.5005023445567,0.0,0.4838897602579378
STN002,01/08/2024 14:45,13.284455321937417,6.924433390344934,2.006874927635552,477.8225509622253,0.5,0.2476266119849835
STN002,01/08/2024 15:00,73.38974034612583,7.1343713748757,2.110561611605032,497.5105146073277,0.5,0.4866703603722638
STN002,01/08/2024 15:15,12.285840240521818,6.800874865121637,4.704136173970573,510.93689655198096,0.2,0.0572209136074142
STN002,01/08/2024 15:30,81.137721776726,6.806352530417762,2.5890133121764483,420.73663006660695,1.0,0.339982721012647
STN002,01/08/2024 15:45,92.92116628180646,7.009106926729195,4.56679998305636,462.6071466954888,1.0,0.2419379776834545
STN002,01/08/2024 16:00,75.98466827584582,7.083510611655599,1.8766123070054137,415.1824304912431,2.0,0.1353393891880647
STN002,01/08/2024 16:15,36.834366984826474,7.207513308663758,6.935915311941217,509.3638719456018,0.0,0.1720083958995611
STN002,01/08/2024 16:30,34.984686416183976,6.997021732244232,7.340288363388319,576.722235716669,0.2,0.1739903632199678
STN002,01/08/2024 16:45,28.059958162833055,6.952182250044522,1.6307347461559172,467.3575008291108,2.0,0.4588904958171319
STN002,01/08/2024 17:00,93.45766196161317,6.653043292610358,2.7717362938028183,460.231855009096,1.0,0.2386000679930893
STN002,01/08/2024 17:15,30.286250977356154,6.9754691742248935,0.8732392395116411,423.5581652731736,2.0,0.2841120243665153
STN002,01/08/2024 17:30,19.73332344060634,7.119520614874956,6.204863253465739,478.3709169181557,0.0,1.311236213863118
STN002,01/08/2024 17:45,26.779171539996295,6.5,5.782042346167973,540.592701942254,0.5,0.3564422134721434
STN002,01/08/2024 18:00,69.50587432697164,7.196724957427336,6.637255187332517,543.9522504421177,0.5,1.2432240054464554
STN002,01/08/2024 18:15,61.75823602809219,6.5,2.012250346993217,404.1691108707349,0.0,0.2068843837190491
STN002,01/08/2024 18:30,86.91899509208663,7.079677143547582,2.277910209902762,416.35492623549686,0.5,0.0269022960198148
STN002,01/08/2024 18:45,35.46381537854468,7.104007344013495,4.245814798794617,502.239844084507,1.0,0.1230110103772261
STN002,01/08/2024 19:00,64.32673259847373,6.753730277055955,2.8407887153962568,512.1838119404886,0.2,0.3317478661814032
STN002,01/08/2024 19:15,26.022891145035164,6.783630976964706,2.282976057849857,454.346874581496,0.2,0.2005829025015659
STN002,01/08/2024 19:30,30.012392745535955,6.541587953915918,7.488788231231319,557.4140510376224,1.0,0.6236727228461865
STN002,01/08/2024 19:45,3.884624642700951,6.949224767203169,3.5495385581679626,446.0533383122852,0.5,0.4015273300264398
STN002,01/08/2024 20:00,86.96636734166563,7.123641991131967,1.3323976795136354,397.42380099548274,2.0,0.4479736393010465
STN002,01/08/2024 20:15,35.4365404194022,6.7384379945833714,4.621485211083486,498.7674236069555,0.5,0.2913038489796465
STN002,01/08/2024 20:30,59.15891083222746,7.35480375060887,6.046990913230272,540.4441128004244,0.2,0.4138165442798059
STN002,01/08/2024 20:45,72.48245455796129,7.025990466148976,0.7507859133287902,414.5294255339273,2.0,0.5282169614551133
STN002,01/08/2024 21:00,8.608075989038944,6.511374120287496,1.296191421687476,380.72153318613255,2.0,1.0720617423271002
STN002,01/08/2024 21:15,25.01142866224758,6.637077660955558,2.299697444623677,411.9926213900425,0.0,0.0424383190458905
STN002,01/08/2024 21:30,1.5954433906436027,6.656238688342453,7.187885374544811,490.7178440723016,1.0,0.1263315015240106
STN002,01/08/2024 21:45,63.631490910169255,6.992661540520935,7.86798306025781,520.76102982128,0.2,0.140384207406566
STN002,01/08/2024 22:00,5.887174494027048,6.5,4.112834475494513,530.2939449880862,0.0,0.478891574407738
STN002,01/08/2024 22:15,69.30558428794356,7.099088139520343,4.84317987056089,538.7149699181527,0.2,0.2872602174106539
STN002,01/08/2024 22:30,15.97334026502245,6.944331944157914,3.718192504832743,423.63111675780976,0.2,0.2157462737214373
STN002,01/08/2024 22:45,55.459772892257696,6.689662956198604,1.5565325794115954,409.9932148278984,2.0,0.0651899819805089
STN002,01/08/2024 23:00,59.2427001672462,6.824521126356155,5.873012110120127,537.2978971947038,1.0,0.0356915612149131
STN002,01/08/2024 23:15,43.931143837228326,7.204763086876748,0.2053736952353658,409.2680633811785,2.0,0.2791685974808514
STN002,01/08/2024 23:30,12.6820925036505,7.200532221168768,7.245158959785534,597.6373532038249,1.0,0.3272028206971755
STN002,01/08/2024 23:45,45.06735948246416,6.990800212701465,7.7139362919258225,580.3235232034376,0.5,0.4565587839639567
STN002,02/08/2024 00:00,7.6039407173306595,6.926810300326316,6.039630728551289,542.7371381459197,1.0,0.3950735944663975
STN002,02/08/2024 00:15,40.234836019661,6.5,1.4334441299360727,432.9143386894024,2.0,0.0734095383540997
STN002,02/08/2024 00:30,91.13080983153573,6.5,2.788793054934636,441.018648606847,1.0,0.4861080690868555
STN002,02/08/2024 00:45,94.51395614309055,6.759134976301829,6.104205543255162,503.5881102552754,1.0,0.4474931233278871
STN002,02/08/2024 01:00,23.598193795772314,7.182601493068193,0.5286634904398071,428.0204858150136,2.0,0.4079077703459726
STN002,02/08/2024 01:15,34.925155100495076,6.851101524295646,2.9652910033817035,500.7585732966526,0.2,0.475005804771437
STN002,02/08/2024 01:30,79.51820704901121,6.558657402145314,3.7756206069531055,482.66199305126895,1.0,0.1857404095922478
STN002,02/08/2024 01:45,63.64903527950169,6.63457750653071,2.298296671953004,446.1551067809791,2.0,0.5432926497308099
STN002,02/08/2024 02:00,3.5436788859877777,6.5,1.3596344588812408,432.6800404791063,2.0,0.3835625052128175
STN002,02/08/2024 02:15,3.192933533822928,6.905749678499095,3.83992622885222,458.7433990874048,0.2,0.4325071865573259
STN002,02/08/2024 02:30,1.8902404127581707,6.670323345940774,5.761164681753689,500.9357653361688,0.5,0.2642467349069985
STN002,02/08/2024 02:45,19.798858013305377,6.811253792873333,4.655869904958641,483.9131384853776,1.0,0.3545276796456019
STN002,02/08/2024 03:00,43.71179634042128,6.823039500897347,7.694212170422396,539.4632305696948,0.2,0.1240327712620159
STN002,02/08/2024 03:15,44.755468918939975,6.892851101178734,6.948192501818001,583.1821908330328,1.0,1.0202675447632152
STN002,02/08/2024 03:30,6.59763594720525,6.757326686658729,5.222429169184991,467.0513391572071,0.2,0.3924889619692268
STN002,02/08/2024 03:45,94.52662612683478,6.955829457198149,2.079181469801683,486.0799779626067,0.5,0.4210012312985666
STN002,02/08/2024 04:00,56.17016452491409,7.270181014401955,3.8868634114294345,485.7591823867756,0.5,0.6047840623984233
STN002,02/08/2024 04:15,99.31862641223259,6.729478234090114,6.548947440100351,547.5511797997495,0.5,0.6938308626037812
STN002,02/08/2024 04:30,20.100192382146442,6.624615754686976,4.536240650608899,525.4264295748847,0.5,0.4215194423999999
STN002,02/08/2024 04:45,48.92758398324132,6.5,2.011730231977405,441.7423919182334,0.5,0.2766974905979172
STN002,02/08/2024 05:00,88.30350257564456,6.752055622357425,5.293620776936481,544.3869553872082,0.2,0.3157107707476635
STN002,02/08/2024 05:15,14.760431127477569,6.787542457773685,6.788930733907433,542.4979149520831,0.2,0.1987847088480145
STN002,02/08/2024 05:30,63.63397622674222,6.549247936270296,7.843533560045664,535.2944937219395,0.0,0.2132959072473669
STN002,02/08/2024 05:45,37.58741464930525,6.9842964594972194,4.508665305303142,509.0700339276598,0.2,0.1406430092166962
STN002,02/08/2024 06:00,28.009560696050194,6.738856025110628,2.796357278348476,539.6511430995035,0.5,0.4718779253539564
STN002,02/08/2024 06:15,81.04564673850486,7.089550456660835,7.336031228787077,573.3454771782849,1.0,0.3296777635615452
STN002,02/08/2024 06:30,28.424404597242813,6.70971617877311,4.061043236211631,522.1247168253223,0.2,0.2898573530105294
STN002,02/08/2024 06:45,73.76584848150846,6.644258173556071,5.568788891450647,500.6849085487577,0.2,0.2806593728905733
STN002,02/08/2024 07:00,20.393693245970578,6.790011496316098,6.628043407727147,523.3391744070368,1.0,0.0385741741463157
STN002,02/08/2024 07:15,7.937779012327207,6.916925160926583,4.846382257005625,507.1632152944462,0.5,0.2587180911673741
STN002,02/08/2024 07:30,86.69839524526878,7.058217964866072,1.4823536312345686,358.4981189136988,2.0,0.1998319386037885
STN002,02/08/2024 07:45,89.6341127736467,6.5,3.1336054320386277,487.12761112523776,1.0,1.2615857595798292
STN002,02/08/2024 08:00,85.37565181128343,7.014509924466534,2.0749046370918283,489.2433042266258,0.5,0.1537542395845077
STN002,02/08/2024 08:15,69.45215090714323,7.287655734170644,2.4703030171013545,472.4257660010583,0.2,0.4445716410553568
STN002,02/08/2024 08:30,6.764309967290916,6.755256893780488,3.2315782352453284,469.2456043376549,0.5,0.0753004100295324
STN002,02/08/2024 08:45,23.570859419463154,6.924589309204428,6.360902787913324,537.1946407432482,0.0,0.4686990787300475
STN002,02/08/2024 09:00,58.80012621417173,7.061947121638785,3.397572509878401,500.5634435323229,0.2,0.0419594058317704
STN002,02/08/2024 09:15,26.545297363492214,6.743292291289969,6.957856554150478,539.9764063826502,0.2,0.0155891197585353
STN002,02/08/2024 09:30,72.640080754319,6.865890445151964,7.755949133391495,541.8096680322882,1.0,0.1652607764913961
STN002,02/08/2024 09:45,13.12366941675991,6.792405397767007,2.110489242007951,437.2787042259452,0.5,0.2090045719340209
STN002,02/08/2024 10:00,70.68647749526045,6.8010213427331365,6.831793062510358,509.18946614215184,0.0,0.0434910568245154
STN002,02/08/2024 10:15,25.03811032446428,6.642187235484874,2.982733164940284,496.2802683797845,1.0,0.8161020947446662
STN002,02/08/2024 10:30,56.20135419692057,6.740756457143927,3.77102962250766,451.5797135776536,0.5,0.0598303827235219
STN002,02/08/2024 10:45,19.72540122095703,6.680658470262311,6.179556548479825,544.6988728360947,0.5,0.0493832099066141
STN002,02/08/2024 11:00,52.965867478949,6.936249694547748,7.62036911461992,513.3658197397948,0.2,0.1511352079423807
STN002,02/08/2024 11:15,76.52952253077491,6.775789646726512,7.731044501501309,581.9356914990689,0.5,0.8158515685035592
STN002,02/08/2024 11:30,59.70670990793444,7.191137749470995,1.37611620672026,410.6938922589316,2.0,0.2643560988103109
STN002,02/08/2024 11:45,72.62858516943909,7.134731505978583,7.352608531636322,543.6608233587899,0.0,1.245794303927788
STN002,02/08/2024 12:00,15.426648943278154,6.76904147890966,5.198172532573019,549.5219363457221,0.2,1.384628196997958
STN002,02/08/2024 12:15,53.29322976970878,7.112517225424723,7.639955022873925,530.1773136428966,0.2,0.4159200110436554
STN002,02/08/2024 12:30,31.8874480856152,7.1677321806636565,5.588297682146523,501.5226016526996,0.2,0.4751106656936329
STN002,02/08/2024 12:45,75.50662813426197,7.114871640607978,6.080830129624521,569.8443952737761,0.5,1.3572692344285942
STN002,02/08/2024 13:00,42.6844127361671,6.980043421603029,1.470006197701297,415.7263693859597,2.0,0.8970880588255341
STN002,02/08/2024 13:15,19.7753801113874,7.028255338009644,2.7146044513282366,394.0720370559359,2.0,0.4900724932896066
STN002,02/08/2024 13:30,74.28382530307401,7.147332775440614,7.236157174178244,550.6529493144604,0.2,0.7811788389978258
STN002,02/08/2024 13:45,7.339487743198836,7.0976277481324965,2.198971912151824,453.152045467697,0.5,0.4934448763872924
STN002,02/08/2024 14:00,31.44984925834028,6.81794306050942,4.310945030927512,459.97279085559074,1.0,0.4092192949075148
STN002,02/08/2024 14:15,1.2121017225778963,6.874568203210244,7.411203608173095,588.4552468222,0.5,0.4844020276361553
STN002,02/08/2024 14:30,41.80245796541521,6.545659763233985,7.684098663186169,544.5809489080337,0.5,0.1914382440850372
STN002,02/08/2024 14:45,99.30740613403432,6.563607755925206,3.564077649050704,480.5520124583895,0.2,0.0926657465655027
STN002,02/08/2024 15:00,47.95328809771768,6.964425325959573,4.151996284584371,539.4375821540838,0.5,0.2207599430290001
STN002,02/08/2024 15:15,89.84814242948396,7.002777713076911,2.3875597322990085,476.7696665286165,0.5,0.386495270572382
STN002,02/08/2024 15:30,91.01997708009985,7.018559216483292,5.154980366093794,460.7945613788832,1.0,1.147497903012034
STN002,02/08/2024 15:45,31.968090075054466,6.95878561969477,3.8535255836700495,525.1382770589349,1.0,0.431227856764702
STN002,02/08/2024 16:00,36.217691369160846,6.507828633334445,5.291654498447744,474.5364898342033,0.2,0.002547885271187
STN002,02/08/2024 16:15,98.85778434274582,6.5593011626518445,6.421514730554208,518.2718492616593,0.0,0.4211614877720812
STN002,02/08/2024 16:30,45.86802374176299,6.666362000550261,1.6028871095921702,474.7682130263617,2.0,0.3227199532279693
STN002,02/08/2024 16:45,36.35306624029564,7.0517913556143785,2.719136863475239,441.8806207551603,0.5,0.349294528340293
STN002,02/08/2024 17:00,5.415170488003406,7.144247250472639,1.200876823980351,497.1042864989711,2.0,0.1716729388052006
STN002,02/08/2024 17:15,32.115662274967214,6.761349176707252,3.032587148260516,470.5061962655528,0.0,0.4750241148422929
STN002,02/08/2024 17:30,81.52054663606162,6.927718319615544,5.570185338476893,566.0796201856174,0.5,0.4748118172078285
STN002,02/08/2024 17:45,68.77774031415747,7.035893683639048,4.565620916188342,557.3740380947713,0.5,0.1857348248845065
STN002,02/08/2024 18:00,42.57725228925203,6.760860016738992,1.4741287545684498,390.188986031515,2.0,0.3583314442018707
STN002,02/08/2024 18:15,84.17107859964644,7.61819870656997,3.5695397543361707,475.5953111805435,0.0,0.6550720825150984
STN002,02/08/2024 18:30,75.79120148717699,6.597439811318195,3.174162481419647,450.8469354866111,0.2,0.8600429959735172
STN002,02/08/2024 18:45,22.237164784650577,7.344916647516435,2.081500223500399,415.0376588051912,0.5,0.4029846758378609
STN002,02/08/2024 19:00,13.085774850993193,6.928460510306086,0.2422429959982129,413.8332357629568,2.0,0.415318868505881
STN002,02/08/2024 19:15,28.663313704208313,6.8457525485688295,0.3257213072033359,397.2805127103036,2.0,0.4100768188084217
STN002,02/08/2024 19:30,1.5883624428559062,7.255827829173347,2.968679302041182,481.0538908760829,2.0,0.3775255429461273
STN002,02/08/2024 19:45,35.99464204558262,7.046112536739774,0.9901200455037558,442.6817636462515,2.0,1.3177169866006353
STN002,02/08/2024 20:00,56.42263945338832,6.909659921208596,6.460705526639278,518.7697212609817,0.0,0.4937004242067033
STN002,02/08/2024 20:15,11.113127512855359,6.980775332042259,6.113897379172469,496.88327231235735,0.0,0.2271316834604043
STN002,02/08/2024 20:30,33.54407233549258,6.58162112204253,5.69269221374123,538.4578600813372,0.2,0.4069771179989786
STN002,02/08/2024 20:45,49.978643512481426,6.5757651945717175,5.156783630168874,557.670830503309,0.5,0.0244975063752455
STN002,02/08/2024 21:00,28.08644071879981,6.759918944612364,1.9897298162751051,405.473183672344,2.0,0.9890560533356324
STN002,02/08/2024 21:15,31.131114277676186,6.996202593032032,2.8966802925552986,462.3597691937199,2.0,0.0578692546515389
STN002,02/08/2024 21:30,18.97827373418137,6.662323549817414,5.550512900765586,519.4840474653892,0.2,0.1219130795732539
STN002,02/08/2024 21:45,30.791331420676173,6.843256247033951,7.400701830233277,492.8481450872491,1.0,0.3305510369092048
STN002,02/08/2024 22:00,31.613440081686615,6.6109973221000855,2.1021535016518484,426.4237279403877,2.0,0.0534462377106396
STN002,02/08/2024 22:15,29.92008046798832,6.67528435542203,5.877443849418607,496.6555649518653,0.5,0.2361202241149648
STN002,02/08/2024 22:30,26.42082239771959,6.786449933068396,3.761079307232819,436.43167657317815,0.2,0.2678933656591153
STN002,02/08/2024 22:45,53.23488603997014,6.646106056541562,5.439380490004604,510.8170215724359,0.5,0.465042924893392
STN002,02/08/2024 23:00,34.365757469961686,6.705632638063018,2.4274039916871546,424.9342814466681,0.5,0.9521264886019976
STN002,02/08/2024 23:15,71.2709595210958,6.5,6.884685322310386,552.0641870117903,0.5,0.2565275044607126
STN002,02/08/2024 23:30,25.023150393616056,7.48890589209334,4.103672684139708,486.7941617369603,0.5,1.1453668812119808
STN002,02/08/2024 23:45,93.81295341086357,6.920672014103063,3.1263304272033534,437.0550902911321,0.0,1.0552335814562528
STN002,03/08/2024 00:00,78.46516793715178,6.579671571436173,2.623164992559595,501.39196479251547,2.0,0.2088853112707846
STN002,03/08/2024 00:15,93.99387720110037,7.1514298829241385,7.62404332636217,514.7720832489921,0.5,1.4291649353024312
STN002,03/08/2024 00:30,99.3884370146517,6.684497128917921,6.868997755578011,571.5725280235267,0.5,0.4619330214731353
STN002,03/08/2024 00:45,24.505655182194484,6.898035119051177,2.0588862316502903,490.0617677997127,2.0,0.462214575136257
STN002,03/08/2024 01:00,74.96083057288729,6.7306913034681255,6.621595999567457,523.5222887203736,0.2,0.7332121034842182
STN002,03/08/2024 01:15,25.761316311547322,7.3154382182107645,3.722119550927431,461.1683109966893,0.2,1.1007489600880611
STN002,03/08/2024 01:30,1.794480372357543,6.5,2.683682339185867,395.084733709137,2.0,0.2796979732788888
STN002,03/08/2024 01:45,44.74972159461491,6.5037049214171,5.010868109376615,501.8198547856562,0.2,0.0164445495167671
STN002,03/08/2024 02:00,88.80570383437681,6.5,4.770050601097695,485.5462989847852,1.0,0.4165812688340269
STN002,03/08/2024 02:15,78.98208999108421,6.96650194888995,6.729598923454966,546.8105043936145,0.2,0.4330173153606621
STN002,03/08/2024 02:30,99.04061714109919,6.995587985584092,4.407723939267353,544.6786864024424,0.0,0.4678273396256944
STN002,03/08/2024 02:45,5.86854759195623,6.668506986698576,4.100236612739241,564.0297385963752,0.5,0.1967163207106158
STN002,03/08/2024 03:00,60.833610630980175,6.974277851293524,2.668912536685972,426.7473109125182,0.2,0.3622344298735736
STN002,03/08/2024 03:15,75.88823108902238,6.943662233182533,5.002151261220471,516.207929188442,1.0,0.2928900530295373
STN002,03/08/2024 03:30,41.60702429727321,6.820111908945017,5.974917760550609,512.927779210571,1.0,1.4332342756184246
STN002,03/08/2024 03:45,47.46663033144522,6.599546168447048,1.3565065704354948,430.5253252926868,2.0,0.4283319831351126
STN002,03/08/2024 04:00,41.24243233068023,6.885411144277444,6.699841463820244,556.8215774854658,1.0,0.1841343274362528
STN002,03/08/2024 04:15,17.580092566682737,6.628053838877429,4.55881639736477,507.7577321852351,0.2,0.3202942352113313
STN002,03/08/2024 04:30,37.08981445776251,6.944313447357302,2.6440735230242547,463.7369146650601,2.0,0.1074560172625964
STN002,03/08/2024 04:45,38.08793249738064,6.720343688639094,2.991338366237308,473.91851670161657,1.0,0.372456201256365
STN002,03/08/2024 05:00,72.90459004003293,6.887176450152258,5.818914210614572,501.7558356731137,1.0,0.3028097138576174
STN002,03/08/2024 05:15,58.069493544659046,6.689478774256243,2.081461807430732,481.7355942522125,2.0,0.1888868797758955
STN002,03/08/2024 05:30,3.2216515228616904,6.649665921765273,2.639374095317776,437.7005789390946,0.5,0.8606463541510359
STN002,03/08/2024 05:45,96.39483772922372,6.711057014253729,7.506272741610134,543.5374902227697,0.5,0.3985526345036737
STN002,03/08/2024 06:00,7.7564580861403165,6.766799750889102,6.896532203842705,542.9094291039711,1.0,0.3544272602531795
STN002,03/08/2024 06:15,56.21316259864653,6.548305058854024,6.549819274898963,521.1710993539456,0.2,0.1767528890121984
STN002,03/08/2024 06:30,9.662142226454385,7.388866065981525,3.436248388899249,496.6364063459008,0.2,0.3154153787463008
STN002,03/08/2024 06:45,22.495890366548444,6.953724598435112,5.006271066384902,508.067561307743,1.0,0.0857579918069316
STN002,03/08/2024 07:00,92.32830187486762,7.116982293719634,3.0418773828047394,469.2137342269968,0.2,0.4984577658383926
STN002,03/08/2024 07:15,80.21193042745426,7.3211931269047055,5.987848433005107,582.8247519906092,0.0,0.4187482184430742
STN002,03/08/2024 07:30,16.103991772754267,7.597244439465332,5.570388020914038,526.714554792681,0.0,0.5078618258197423
STN002,03/08/2024 07:45,85.47823134078376,6.7953899416581,5.888419816204616,499.8553069087892,1.0,0.4320690012953558
STN002,03/08/2024 08:00,4.24705776290425,6.5,5.118729357319655,509.4955205525982,0.5,0.1320945800594818
STN002,03/08/2024 08:15,12.267364723670838,6.8204870546077,6.247707674089007,483.6022508434533,1.0,0.0517979824498588
STN002,03/08/2024 08:30,84.73154607047377,7.445630082395342,4.680921197376286,533.3782284783157,0.5,0.4570951771388413
STN002,03/08/2024 08:45,21.364203216185707,7.280310876593179,2.58987158834261,438.58774876093497,0.5,0.4085396721983811
STN002,03/08/2024 09:00,14.809287099841262,6.971824975809942,5.370910227720142,542.8705831997262,0.5,1.4406128838789638
STN002,03/08/2024 09:15,93.19937874610831,6.949107375309634,7.310578856751951,552.9832667445678,1.0,0.4351690783611127
STN002,03/08/2024 09:30,87.32431922046234,6.860926251394656,3.2856615542295757,482.2784837398699,0.5,0.1471363027077784
STN002,03/08/2024 09:45,54.21277608811707,6.710416830261037,1.3833419179319109,400.2117412749556,2.0,0.5036377775696961
STN002,03/08/2024 10:00,73.83037779194834,6.9894803066976605,2.702886613171952,463.2216699524034,2.0,0.467118924668581
STN002,03/08/2024 10:15,65.9432307621479,7.148136592050899,2.717732664720154,450.2551327914235,2.0,0.4452921247112902
STN002,03/08/2024 10:30,42.55602425814333,7.268920487759089,2.7569747763445727,446.6630419930357,2.0,0.8250712543035186
STN002,03/08/2024 10:45,53.87646492027491,7.4098240842699665,5.302828100719298,458.7294637170313,0.5,0.9447922527089434
STN002,03/08/2024 11:00,50.90608881948506,7.227417884397087,2.928321085761686,448.44675559873485,0.5,0.4452820620218022
STN002,03/08/2024 11:15,26.892614386805157,6.871933462593322,6.827933665890193,576.2538624377771,1.0,0.0017519178093056
STN002,03/08/2024 11:30,0.20870316899465058,7.0816929744699895,7.959932639144629,530.8854581826563,1.0,1.1125251928969546
STN002,03/08/2024 11:45,69.03575582105344,6.590508099417492,0.5714356787579082,374.20899208974765,2.0,0.4326565035062643
STN002,03/08/2024 12:00,49.16525008790471,7.202579917188047,7.610395067089263,558.7703420689257,1.0,0.3605286323577171
STN002,03/08/2024 12:15,42.83204745478271,7.120080104010747,0.7170990480978063,388.68600460255294,2.0,0.3040920065489392
STN002,03/08/2024 12:30,73.91615050975446,7.552673975932289,3.762767295830148,488.537293222951,0.5,0.3646993635195178
STN002,03/08/2024 12:45,87.0938778729773,6.734034219788112,2.635424796588246,522.1769528326643,2.0,0.1383368740898437
STN002,03/08/2024 13:00,98.84059308257139,6.9151216651491065,3.502979417108614,466.5362888272396,1.0,0.4374064197437506
STN002,03/08/2024 13:15,65.65020984762099,6.914800451287022,7.784139531443276,534.3246312654994,1.0,0.409380393571061
STN002,03/08/2024 13:30,73.29489779060309,6.943156049394177,3.604858085100828,443.6618502333704,0.5,1.007356076099364
STN002,03/08/2024 13:45,82.62413235689,6.901194502203754,7.77239913162599,557.3138220564891,1.0,0.1359213100851983
STN002,03/08/2024 14:00,9.72987213004144,6.5,2.494293651418494,461.7437438089109,2.0,0.1458828191118468
STN002,03/08/2024 14:15,97.08577793958736,6.808919509478695,3.0322762861279955,440.799171982446,0.2,0.3788531659683914
STN002,03/08/2024 14:30,30.168264302436686,6.601633549902943,2.6403088387404083,404.99812693192126,1.0,0.3332877677892698
STN002,03/08/2024 14:45,91.46546206231808,6.97141258499454,5.457541792217403,472.73331816134174,0.5,0.0696518918855255
STN002,03/08/2024 15:00,58.503321497699176,6.517978969346046,1.4742599538841623,465.2042231351574,2.0,0.1816078281689584
STN002,03/08/2024 15:15,28.829074550798637,6.508761880338336,4.421554458726153,503.40804920698736,0.5,0.3511801913001163
STN002,03/08/2024 15:30,68.60287280654677,6.581264682464765,6.179039195792663,526.3972436388248,0.2,0.9950115775098844
STN002,03/08/2024 15:45,88.70928101551928,6.5,3.808161162485676,470.9650113825791,0.5,0.0612978364871731
STN002,03/08/2024 16:00,48.50947283893423,7.043859920723768,3.852102002143085,503.1729095829498,1.0,0.002029779767062
STN002,03/08/2024 16:15,82.80028065660858,6.97051122466891,7.746157850410055,567.378535976294,0.0,0.1786427702247483
STN002,03/08/2024 16:30,84.53170954357594,6.505579478500766,5.916420777717333,536.628929195439,1.0,0.1798475222100106
STN002,03/08/2024 16:45,62.437744473197185,6.607914658113292,0.9427351327991792,410.8635674767152,2.0,0.3432968164484681
STN002,03/08/2024 17:00,83.9111817006118,6.979038196180102,0.574965362525454,418.78442541589175,2.0,1.4275226513954755
STN002,03/08/2024 17:15,5.096395516986963,6.975401573680722,6.577655767492507,551.418399588348,0.0,0.236269593642774
STN002,03/08/2024 17:30,12.988005713379403,6.5,1.8647989496579929,430.69388616529886,2.0,0.0735461139224223
STN002,03/08/2024 17:45,23.5466486438876,7.047553943579794,5.474740825128546,450.2258007963412,1.0,0.488844203105227
STN002,03/08/2024 18:00,55.292829115007216,6.5,5.31196263677416,482.7090362162956,0.2,0.0504292684967996
STN002,03/08/2024 18:15,20.178545347430944,7.375346196027096,4.991189510607958,500.9307942147764,0.0,0.7997302614420249
STN002,03/08/2024 18:30,1.8852010205413272,6.824104754791319,6.596614096946601,524.4609921411037,0.2,0.1900642628910838
STN002,03/08/2024 18:45,39.33249739517806,7.071537569787943,1.713884742847852,433.1081706912369,2.0,0.294753954324334
STN002,03/08/2024 19:00,84.08680759341456,6.716346152594321,7.978575038230171,575.0128595478106,0.0,0.0932243399260629
STN002,03/08/2024 19:15,25.209219005717532,6.634876511075959,4.142695704940596,463.9149393951073,0.2,0.4025841291481373
STN002,03/08/2024 19:30,21.36310951720003,7.530978559385621,7.769644634709381,512.0681042300528,1.0,0.9590017392331908
STN002,03/08/2024 19:45,79.19603352369636,7.085919214310465,2.2140879352704896,501.5090644258246,0.5,0.2246364072669096
STN002,03/08/2024 20:00,92.72277624611337,7.530824571825833,5.2661698520732045,532.5945328379007,1.0,0.4620381394041745
STN002,03/08/2024 20:15,3.9005346404893393,6.698957194469712,3.563095335914385,475.1981021430744,1.0,0.0627131167977823
STN002,03/08/2024 20:30,37.99969532220949,6.639357570816184,6.039855479276081,576.4396574123508,0.0,0.3138466063426035
STN002,03/08/2024 20:45,57.16609511703176,7.210215417194467,0.6523455549750721,355.8856314563204,2.0,0.4860280119547255
STN002,03/08/2024 21:00,40.08236459028556,7.608939657726581,3.86452872680672,504.6783458402702,0.2,1.2308634036967498
STN002,03/08/2024 21:15,33.34813130174366,6.706725790624337,4.310959270479541,447.6024470082887,0.5,0.2909506766142296
STN002,03/08/2024 21:30,68.57926631405431,7.025750414088241,4.978522489888835,528.7239023120103,1.0,0.474153163465895
STN002,03/08/2024 21:45,30.284392053855846,6.5,3.4298257954353666,458.840497455906,0.2,0.2625160962043973
STN002,03/08/2024 22:00,85.44128534465592,6.645559128972377,0.2737237853671453,382.0969409830181,2.0,0.1731477588650877
STN002,03/08/2024 22:15,73.75144221162645,6.872772654817975,6.630995396743345,522.9354468555019,0.5,0.0297970902444205
STN002,03/08/2024 22:30,29.512743444117017,7.112649435790816,4.106874277048343,470.1856200933465,0.0,0.3883373455365524
STN002,03/08/2024 22:45,61.502154863696376,6.837971117580415,1.7650849867518994,431.7373090131534,2.0,0.2241163910516858
STN002,03/08/2024 23:00,0.2463381264608766,6.869558530719138,2.026138941513219,489.7530954033385,0.5,0.2375757108352522
STN002,03/08/2024 23:15,28.666849894804912,6.764762700741145,4.097189168784038,496.16690856892905,1.0,0.3585087411310912
STN002,03/08/2024 23:30,12.922936970277732,7.740728387740819,6.777413029145136,534.1867558292707,0.5,0.7416564924067433
STN002,03/08/2024 23:45,39.35443417652819,7.125925120267427,2.212483255892274,443.0464660599664,2.0,0.1628538534970494
STN002,04/08/2024 00:00,7.856643268754404,7.146049546923799,6.190445570394353,487.2394682616455,0.0,0.4415100189767061
STN002,04/08/2024 00:15,84.9622156421591,6.874799265156311,5.895555413704022,474.4734006278063,0.2,0.1940519651252899
STN002,04/08/2024 00:30,41.274126367024465,6.5,2.552776224735538,471.0022310693006,0.5,0.3074216634507668
STN002,04/08/2024 00:45,27.52862918170281,6.746295639412672,3.4424111012900576,481.0056949800644,0.0,0.0561675358597577
STN002,04/08/2024 01:00,87.8057663760736,7.379162928756515,3.50605140438081,503.7820677383447,1.0,0.4665588100709845
STN002,04/08/2024 01:15,65.67769934034821,6.5,3.028084281821961,467.3907774303538,0.5,0.3175436926028814
STN002,04/08/2024 01:30,3.2372432695042086,7.429462906240963,4.617511469025197,492.1302715410054,0.2,0.1326554723784646
STN002,04/08/2024 01:45,16.774112360833506,6.660792782905148,6.282725754747725,518.308466934503,0.0,0.0945081743185649
STN002,04/08/2024 02:00,15.447830374940052,6.691723709651024,3.435299028039277,478.1321452405151,1.0,1.4795459088237422
STN002,04/08/2024 02:15,2.4618411952967434,7.048815413534773,2.54431048337626,361.7433886661042,2.0,0.3250869044079877
STN002,04/08/2024 02:30,9.491309167762441,6.975582501006394,2.637952334426367,509.19993910214095,0.5,0.4749532161358651
STN002,04/08/2024 02:45,63.20965965300685,6.5,2.490879190869409,463.8116486023166,0.5,0.2531403565465922
STN002,04/08/2024 03:00,8.285920484087816,6.961957170169514,5.824594476039316,516.7681131503344,0.2,0.1646589897848795
STN002,04/08/2024 03:15,71.35554366064402,6.738708475364208,3.3862575006945024,451.21764760472047,1.0,0.2114549127214715
STN002,04/08/2024 03:30,58.34283271503985,6.5031317723583655,5.243905328161295,541.998044664425,0.0,0.5054960705579691
STN002,04/08/2024 03:45,83.10153633807913,6.723611153893279,7.968819127020709,576.5242711501472,0.5,0.3281028990924459
STN002,04/08/2024 04:00,42.989644163083675,6.616887733692629,7.471309881441969,570.7025064603367,1.0,0.1179388544896564
STN002,04/08/2024 04:15,23.988712277859292,7.075069250744316,1.925700519945007,448.1913528670605,2.0,0.0115982078841424
STN002,04/08/2024 04:30,95.73626215663127,7.324518220056912,3.885820289525995,458.8085052480288,0.5,0.023495817163325
STN002,04/08/2024 04:45,78.71584581205936,6.665145645951888,3.2086264856371343,484.9836339056296,1.0,0.2778520584581718
STN002,04/08/2024 05:00,95.55177829238532,6.5,3.290246353363015,498.0355303038587,0.5,0.3866170743609493
STN002,04/08/2024 05:15,98.35213637240949,6.789933422452418,2.765761714822096,488.9285608987586,2.0,0.2543663263933638
STN002,04/08/2024 05:30,58.57164104205401,6.8355197605592295,5.355784745461033,473.4126360914129,0.5,0.1366119471797265
STN002,04/08/2024 05:45,37.18534440698353,6.927637957871841,7.643235553452101,623.295760322447,0.5,0.8182708199300883
STN002,04/08/2024 06:00,92.02521927629975,6.6712956532693735,1.4380029673781516,437.8586604499955,2.0,0.2650287184883972
STN002,04/08/2024 06:15,1.5661341467581913,6.9344953470686574,5.832752698112762,553.1587012988009,0.0,0.064016949889723
STN002,04/08/2024 06:30,60.658944912527446,6.754018195570558,4.254630568154672,437.0893608240106,0.2,0.3948773766438844
STN002,04/08/2024 06:45,84.51532186907785,6.967401493422714,3.512138412506686,543.4518969026445,0.0,0.0470944427018979
STN002,04/08/2024 07:00,56.37575418764859,6.864752993333288,0.4503671795505675,448.9055858734288,2.0,0.329346156658766
STN002,04/08/2024 07:15,3.5583528451193613,6.745404028769925,2.939574230581047,507.11109054469,0.0,0.101830226695779
STN002,04/08/2024 07:30,31.647844506552282,6.736808684112956,1.9478823817645532,381.4045906996719,2.0,0.1477436502650578
STN002,04/08/2024 07:45,17.04722560127555,6.687652590390845,6.954059375122929,531.3007897866321,0.5,0.1931548964350313
STN002,04/08/2024 08:00,13.050977060926227,7.10103701833533,6.522938920224501,561.431423646462,0.0,1.4342874056809078
STN002,04/08/2024 08:15,87.17803376952506,6.757752773549173,2.122058217491336,479.19466435956406,0.5,0.3065828534397443
STN002,04/08/2024 08:30,99.93879392953473,6.613853760522253,5.6016458960203686,519.1979426885893,0.2,0.1890635813637079
STN002,04/08/2024 08:45,35.3159063741182,6.6492431321752274,2.421080791264795,485.4761978426248,1.0,0.2825183887198005
STN002,04/08/2024 09:00,4.264858113909808,6.5,2.5477073355891653,473.8360783993309,1.0,0.2090838268819224
STN002,04/08/2024 09:15,15.32595346996317,6.79780639945758,4.936687390434074,471.2802629423629,0.5,1.2424710542580688
STN002,04/08/2024 09:30,49.08740521540048,6.5,3.784721650975349,491.28496703082624,0.0,0.3718871539669641
STN002,04/08/2024 09:45,70.54011702312081,7.382547049697959,3.601330891395939,491.797228105261,1.0,1.2453349460406784
STN002,04/08/2024 10:00,88.30871769640308,7.106287738361099,0.3447094865050489,443.7430806827764,2.0,1.331423843409154
STN002,04/08/2024 10:15,22.359421302756953,7.197238732132142,6.272621430732367,552.8816390222678,1.0,0.4543118935763445
STN002,04/08/2024 10:30,25.549852496398493,7.1044878366928055,1.3032477680031611,442.4925827214536,2.0,0.2929254456986727
STN002,04/08/2024 10:45,25.233060154519848,6.848012581241727,4.482062884868734,520.0321516350539,0.2,0.1601891415701858
STN002,04/08/2024 11:00,71.84045945920752,6.562084776905208,0.8525971664839525,419.0199985550995,2.0,0.3225502956510589
STN002,04/08/2024 11:15,52.10594636920184,6.940108596042485,3.1627002796865105,454.6768863772534,0.5,1.1409043763667823
STN002,04/08/2024 11:30,56.80522908223339,6.961246064809431,5.151446376813452,513.7809550706997,0.0,0.748178541030184
STN002,04/08/2024 11:45,77.21509934102487,7.415229613738945,1.7968398611544891,444.9173941269947,2.0,0.0322006018264534
STN002,04/08/2024 12:00,98.3708369875545,6.816021488350767,1.280555914626954,386.0381788384324,2.0,0.3783932627446157
STN002,04/08/2024 12:15,14.756151293683306,6.668865058872728,6.943455781385483,540.0028320886798,1.0,0.3963487805325366
STN002,04/08/2024 12:30,30.29990695371264,6.722213508989373,6.970444689658256,513.5748482205707,0.2,0.315358961933824
STN002,04/08/2024 12:45,68.47823019944873,6.699860882370272,2.141142723759555,403.36357882686855,0.2,0.4674384895020403
STN002,04/08/2024 13:00,44.37763990473499,6.516003442809813,2.261585142100178,448.1517512452316,0.5,0.0826675773545234
STN002,04/08/2024 13:15,34.03924520820374,7.170991897095739,1.326617984072897,427.62131755599125,2.0,1.240355839120039
STN002,04/08/2024 13:30,48.7777176971085,6.540151768278467,7.619020065877606,532.7886929990955,0.2,0.2371196920885981
STN002,04/08/2024 13:45,53.29549008434288,7.020935146522793,2.124720628179007,430.0873359675913,2.0,0.246055211273045
STN002,04/08/2024 14:00,53.588629166338094,6.907402367516917,6.705891717883525,532.5675951282093,0.2,0.045474036199016
STN002,04/08/2024 14:15,79.46819011386752,6.839051944109417,1.0809809158837953,452.7194320651584,2.0,0.2836272173043632
STN002,04/08/2024 14:30,79.2447621859766,6.915821888047533,1.2027695369885238,383.4943529513436,2.0,1.1333166183222847
STN002,04/08/2024 14:45,77.64292151317164,7.03743994215888,4.189680941564164,500.6621945006586,0.5,0.095403107783123
STN002,04/08/2024 15:00,80.66360365189111,6.972581964626815,2.013606369538873,406.5909225349183,0.5,0.161488119251102
STN002,04/08/2024 15:15,26.553178566785583,6.783973837993216,2.4630134256771115,474.3008712713601,2.0,1.0900615697781038
STN002,04/08/2024 15:30,34.69204352692512,7.177704015368432,4.119661947889908,447.0078733950914,0.5,0.7031998959523393
STN002,04/08/2024 15:45,90.3968667011208,7.054847743086512,7.125995016693116,613.6119877092185,1.0,0.4168804165684602
STN002,04/08/2024 16:00,97.048102626971,7.56569622055415,3.986540492078479,543.2390341615798,1.0,0.4490911566658918
STN002,04/08/2024 16:15,57.59162857971363,7.069701800122672,7.594632380357813,527.5326849586417,0.2,0.4420074592864295
STN002,04/08/2024 16:30,68.10702674449229,7.20247003524747,0.7329735358143132,422.0680198816449,2.0,1.0505591351740782
STN002,04/08/2024 16:45,27.82539270693438,6.5,3.268774949891562,458.04969039734016,0.2,0.3980194095695405
STN002,04/08/2024 17:00,5.427460546634122,6.5467558929669405,2.640001153432049,452.8307574721372,2.0,0.3499744456356375
STN002,04/08/2024 17:15,73.97927180379601,6.651756319610449,5.028277892161459,490.0799914474011,0.2,0.3606375366771363
STN002,04/08/2024 17:30,71.42580843897147,6.658010523574049,5.678561921186317,569.8689849202917,1.0,0.6816195574062401
STN002,04/08/2024 17:45,87.33541730573916,7.343624761683471,6.875085295321372,534.0996144561999,0.2,0.3029139328580538
STN002,04/08/2024 18:00,25.862193066111118,6.897267931979619,4.228157497837331,528.0167468525435,0.5,0.8050587376987903
STN002,04/08/2024 18:15,14.325905679486105,6.986648572844979,4.260402851594833,476.7455524080834,0.5,0.451254482913084
STN002,04/08/2024 18:30,39.991900148065106,6.669665328392632,4.3076290617746364,484.82977553242586,1.0,0.4174742267544477
STN002,04/08/2024 18:45,16.06681745305173,7.011169036667448,7.850912248986859,563.5034629129788,0.5,0.8143341136912505
STN002,04/08/2024 19:00,52.255124652642394,7.194151046093723,0.4573373357190259,395.6447460961775,2.0,1.4374358312082058
STN002,04/08/2024 19:15,95.1359957277997,7.387360393120204,2.0394303406323253,381.8367416549804,0.5,0.4745904183061287
STN002,04/08/2024 19:30,15.075467637074368,6.5,6.3597207319802,548.4104480212292,1.0,0.2066728582490841
STN002,04/08/2024 19:45,94.64657373986533,6.594497177032897,6.504576645007703,513.8339000365141,1.0,0.4258374415586107
STN002,04/08/2024 20:00,16.65909899285315,7.052086102840666,6.53893990387183,516.1939792260076,0.2,0.8002152483686107
STN002,04/08/2024 20:15,73.25109188445727,6.801981825688212,2.971994523929324,440.4542896692304,0.5,0.2824252947407492
STN002,04/08/2024 20:30,52.23085756212479,6.800976330513094,7.453000143278297,529.9224662494704,0.5,0.0954230648033441
STN002,04/08/2024 20:45,34.56480455092077,7.059424567393277,7.137478924650525,588.2713296504057,0.5,0.2428477880505446
STN002,04/08/2024 21:00,93.46722833251981,6.898618810921166,5.2021304177581404,457.0805901162208,0.5,0.9816570739287742
STN002,04/08/2024 21:15,91.28519183157748,6.5,2.888741334272315,415.9259278881888,1.0,0.0739331690742971
STN002,04/08/2024 21:30,85.57861039263236,6.720640374082224,3.442471983961534,424.66354547998935,0.2,0.1597745221185764
STN002,04/08/2024 21:45,85.52515919428463,6.5,6.523821105772342,548.0211978751145,1.0,0.1566716191495047
STN002,04/08/2024 22:00,91.77336670229028,7.006511582551329,2.44646623952302,470.8049140265582,2.0,0.8820990287006305
STN002,04/08/2024 22:15,63.4377588747553,6.939827857303047,2.6903699839438557,442.7825092659641,0.5,0.8791070698870489
STN002,04/08/2024 22:30,79.60437468519288,7.047841821856216,4.49613697251834,497.04360250654656,1.0,0.4972413580363592
STN002,04/08/2024 22:45,51.973855641591506,7.005275208627757,7.806861728941613,571.7835153981625,0.0,0.2269046403962099
STN002,04/08/2024 23:00,32.135351185016184,6.5,1.5592060385198423,421.6103024794294,2.0,0.1224482532260259
STN002,04/08/2024 23:15,45.00739161075936,7.042299883264994,7.213961875473309,539.0902079929372,0.2,0.4898226951947116
STN002,04/08/2024 23:30,71.84736546809192,6.954131838226763,7.057710674568413,595.669747316017,1.0,1.2612233293232091
STN002,04/08/2024 23:45,36.209980775059215,7.010559763681384,0.8550674944275316,378.984463070133,2.0,0.169853953150032
STN002,05/08/2024 00:00,76.75725087615858,6.789313245590932,3.605517279657725,466.6514775673255,0.5,0.0026531660136798
STN002,05/08/2024 00:15,99.44963028116584,7.9657731171549795,6.320537436355293,559.7268356204356,1.0,0.4450802972204034
STN002,05/08/2024 00:30,91.54030530446062,6.644606643817203,7.510599895898488,530.7015183822554,0.5,0.0115934122317128
STN002,05/08/2024 00:45,26.738281395143215,7.112903120542871,5.5678055236522415,479.2072024788732,0.0,0.1590618572153833
STN002,05/08/2024 01:00,2.615872483405257,6.610008936402265,2.926965798881251,477.60145242425006,1.0,0.4744089030802517
STN002,05/08/2024 01:15,80.96838605236961,6.918278710507486,3.671562733458537,407.67070401582623,0.0,0.1583003059887889
STN002,05/08/2024 01:30,65.9431741373444,6.677454387041151,2.151901863717563,445.4925108699842,1.0,0.3086976683385949
STN002,05/08/2024 01:45,58.503117767338566,7.264524173558813,3.123517296205541,504.6618903146113,0.0,0.49372707122893
STN002,05/08/2024 02:00,55.230678523938025,6.888083650037549,2.9840169490535478,499.6558416306679,2.0,0.134496115690451
STN002,05/08/2024 02:15,5.164655190816092,6.5,5.12358721098102,478.5085203032454,0.2,0.3528599849855454
STN002,05/08/2024 02:30,96.11127198048631,6.5,3.046385519393255,426.1858135273322,0.5,0.219348971518938
STN002,05/08/2024 02:45,51.71036450518849,6.764380353656115,6.358701100269295,492.6543205815207,0.5,0.4999512553095449
STN002,05/08/2024 03:00,96.09837888492417,8.021566910330264,2.111894707824751,448.6764010501017,0.5,0.6235932737202732
STN002,05/08/2024 03:15,59.3714468142464,6.728822426659944,5.560071784387526,504.717432550828,0.5,0.6553531803220951
STN002,05/08/2024 03:30,81.79768566088691,7.338386737707376,5.859129011176545,487.51507451666765,0.5,0.4897923131408812
STN002,05/08/2024 03:45,82.9096610413197,6.5,7.983969876144313,501.5317037054516,0.5,0.3331764024898328
STN002,05/08/2024 04:00,14.02759317198944,6.759634930061249,2.1932851544742173,409.4156066798333,0.5,0.1997969800611444
STN002,05/08/2024 04:15,0.38068665020927206,6.54936026909066,5.140770173016247,450.07994356580247,0.5,1.3363150179459344
STN002,05/08/2024 04:30,97.78904380677666,6.890377126661091,7.072186717140268,506.5082387710033,0.5,0.6402079434913199
STN002,05/08/2024 04:45,94.35805848257873,7.369960650494556,4.612286586711138,522.1923795346506,0.2,0.2527032100206494
STN002,05/08/2024 05:00,4.564917639804122,7.073795481725133,0.8464055969026436,374.5081572622051,2.0,0.1048422056984134
STN002,05/08/2024 05:15,31.69383346795456,6.548399577003599,5.653645871600493,504.4472788341454,0.5,0.3736986735678385
STN002,05/08/2024 05:30,80.41956818602979,6.599897483398149,5.628593130531473,518.2808571300461,0.2,0.3956573612243094
STN002,05/08/2024 05:45,82.34377175013505,7.152505845176572,2.3275242307972297,476.92459403053465,0.5,0.211157900866842
STN002,05/08/2024 06:00,33.66230492838456,6.5,2.303706241684872,431.6142243419696,2.0,0.4291801098416123
STN002,05/08/2024 06:15,22.89658060693096,7.135032236686816,2.685175000346047,418.2308414293899,0.0,0.9381707458595616
STN002,05/08/2024 06:30,17.901526610296038,6.5,6.296260892463096,549.7939160590398,1.0,0.0746894382640903
STN002,05/08/2024 06:45,94.303223958826,6.714464381417693,2.3861977159945558,430.24136044326207,0.5,0.2576647839323005
STN002,05/08/2024 07:00,24.24362581193369,6.5,4.756172431110291,479.56541583562114,0.2,0.2687017654592962
STN002,05/08/2024 07:15,74.09684765450903,6.968609358193022,1.6464335851918366,444.5290278308625,2.0,0.435037933523249
STN002,05/08/2024 07:30,68.72731676965019,7.151389791966477,4.548917959128543,435.326237494008,0.5,0.3850660598067523
STN002,05/08/2024 07:45,29.908881457737223,7.032039208924408,2.9705383035910184,473.3778805856435,0.2,0.4651360155129863
STN002,05/08/2024 08:00,62.93314211366832,7.827831858449882,1.9327263017783187,446.542960054244,2.0,0.2362585558966868
STN002,05/08/2024 08:15,95.14504336823508,6.5,4.672920215617784,502.096527844937,1.0,0.3551503845882146
STN002,05/08/2024 08:30,94.49895019736441,7.044246797493567,1.887118942224492,471.521320870016,2.0,0.3631073639980878
STN002,05/08/2024 08:45,87.43305598830315,6.997966812997632,6.184239991242317,550.1016238273385,1.0,0.2823890884376937
STN002,05/08/2024 09:00,7.275812549505655,7.0606123290387375,5.487529272484562,516.2274771761907,1.0,0.1054654700899438
STN002,05/08/2024 09:15,12.468917712026183,7.152408353498566,0.7862808867461206,429.9517707061129,2.0,0.5459185061930132
STN002,05/08/2024 09:30,99.35341753468657,6.543950689100449,7.838607942884785,587.2533126009549,0.0,0.9086585001274652
STN002,05/08/2024 09:45,7.410489748709059,7.136276454493747,3.407019997365852,460.8646501001265,1.0,0.2204063810814653
STN002,05/08/2024 10:00,5.024199844478239,7.138561634016419,3.5386293247856777,443.9148797792847,1.0,0.1069306719117675
STN002,05/08/2024 10:15,73.94155299416319,6.999792258120867,5.058300438093026,529.2909291809068,0.0,0.4369965550714954
STN002,05/08/2024 10:30,28.033324155553952,6.722562472326884,5.04996266193103,515.8532901184273,0.5,0.1538915986104857
STN002,05/08/2024 10:45,94.61836133506559,6.825020368663768,7.157848074129451,560.6165088693626,0.0,0.7950904367610756
STN002,05/08/2024 11:00,14.760398853544743,6.870905216382695,5.912283395549638,557.9515046772265,1.0,0.1550102776492226
STN002,05/08/2024 11:15,28.361005560717544,6.54119839379723,6.204561342939623,533.7847551200176,0.5,0.7894939174045805
STN002,05/08/2024 11:30,41.38191276634754,6.687806655301058,1.8221938407296288,424.83903007794135,2.0,0.4217499962349603
STN002,05/08/2024 11:45,90.25100427533067,6.776554312741974,5.150506153564452,473.9750587924534,0.2,0.0043640754662176
STN002,05/08/2024 12:00,49.08529609437886,7.244145225125102,2.911618241812845,495.0820634989563,1.0,0.8035597601749658
STN002,05/08/2024 12:15,56.41985375761689,7.202979229523223,4.816508945076665,505.912858434749,0.2,0.4638929195258333
STN002,05/08/2024 12:30,0.9191986223218707,6.768563995015985,7.527841838741006,522.8950755688171,1.0,0.2329959388087613
STN002,05/08/2024 12:45,1.7613700101918317,7.065952730861086,7.718452918397485,553.3040864310717,1.0,0.9595650211944652
STN002,05/08/2024 13:00,79.18701315300994,6.5,5.142170612235688,524.0374364934482,1.0,0.1379194615844089
STN002,05/08/2024 13:15,61.35990488096874,6.5,2.630118666207026,444.4326405414191,2.0,0.1714125655346309
STN002,05/08/2024 13:30,2.9015081399137443,7.03536725152869,1.5618669550158577,404.7699485143913,2.0,0.0038670574324471
STN002,05/08/2024 13:45,93.63531109421976,6.790159141246246,4.4142979518354055,491.1398577537561,0.0,0.7107604282688712
STN002,05/08/2024 14:00,20.729454330020268,6.5,3.072735642231299,449.7777835127901,0.5,0.1666755523161173
STN002,05/08/2024 14:15,52.87149374658618,6.825338847171294,5.3425297687506745,525.6531958015688,1.0,0.3083514297776223
STN002,05/08/2024 14:30,48.748621681917925,6.59305890886482,7.966747324454778,602.7023751273647,0.5,0.2679416825830449
STN002,05/08/2024 14:45,88.82540845393449,6.957877033244425,7.027266498015592,525.7511647815322,0.2,0.3262387526695664
STN002,05/08/2024 15:00,9.356641681397882,6.663807277292749,3.3987889258799355,498.465015116383,0.5,0.0933887496031184
STN002,05/08/2024 15:15,53.20612084840071,7.106640986264591,6.682311497270468,544.3117761753552,0.5,0.5319477572583857
STN002,05/08/2024 15:30,87.7113261319628,7.714872234443986,7.344585248958111,599.3977697031883,0.5,0.9813910276191742
STN002,05/08/2024 15:45,55.96629823214296,7.107702053656212,2.6884409800449443,491.795645069337,2.0,0.732452653732582
STN002,05/08/2024 16:00,72.91003559844943,6.871495031852352,3.076732696142013,454.440774714797,0.5,1.0436229235209562
STN002,05/08/2024 16:15,41.85420624240712,6.680962036625697,5.464064083949763,507.8848765525052,0.0,0.92980475651772
STN002,05/08/2024 16:30,53.29251743179859,6.5,7.848199598943409,610.1693482569641,0.0,0.2859125043620462
STN002,05/08/2024 16:45,97.59153217730149,6.594776216694222,2.318411764012229,418.2303932774071,2.0,0.3905954844252859
STN002,05/08/2024 17:00,10.167403521558027,6.665767491549988,2.8603256804767354,448.4164778495293,2.0,0.4702239710838928
STN002,05/08/2024 17:15,65.91063741250919,6.793964916280364,4.610374366804699,518.6309571630949,1.0,0.1461040300249704
STN002,05/08/2024 17:30,78.71358218357034,6.8867220033424665,5.910255630721227,484.0833886094766,0.5,0.2736515487547696
STN002,05/08/2024 17:45,84.1496469344441,6.64146326414208,2.639180785591809,427.6239148503372,2.0,0.3681906466377618
STN002,05/08/2024 18:00,84.96062665610305,6.563876016429527,5.859334716950052,462.9902979715548,1.0,0.1216512964190713
STN002,05/08/2024 18:15,60.90226360907819,6.548085060835394,0.3634333355553957,391.8985263424625,2.0,0.1408974368322704
STN002,05/08/2024 18:30,46.25773968157703,7.394481225301334,2.098329708256045,467.7977445965065,1.0,0.0787991657532005
STN002,05/08/2024 18:45,46.11721116819205,7.21511173225727,2.0115851527512656,441.6657610733692,0.5,1.4666887679844212
STN002,05/08/2024 19:00,5.351131645497686,6.862784789212558,3.549877189104428,449.870687010204,0.5,0.6230910346327394
STN002,05/08/2024 19:15,86.49657841849489,6.843845118312834,6.025155464828421,584.5479599170687,0.2,0.4602969083171294
STN002,05/08/2024 19:30,85.42664980934153,7.034382965712796,2.1228813583629624,397.1075075003708,0.2,0.0414158305586688
STN002,05/08/2024 19:45,43.75685227172493,6.763988102031549,2.567602147724563,405.27768114488026,1.0,1.228142607701667
STN002,05/08/2024 20:00,86.75431203417433,6.702787335384075,0.7624308936430828,437.9699958017092,2.0,0.1886990863017269
STN002,05/08/2024 20:15,41.429606299398046,6.905090518243782,2.76917207498006,420.9494813902148,1.0,0.4939623456660258
STN002,05/08/2024 20:30,64.04430983697495,7.213693634928822,2.043802674117271,437.5789559271736,0.5,0.4991304277091058
STN002,05/08/2024 20:45,95.56407906420732,6.5,6.36952004709925,575.3747479162995,0.0,0.4684147364602329
STN002,05/08/2024 21:00,67.79872387580288,6.812395322099784,2.4694097455552737,441.0955442801549,0.0,0.4495885011173642
STN002,05/08/2024 21:15,79.27734578573201,7.332479103719189,5.551656406235866,522.490207773621,0.5,0.4442214617695201
STN002,05/08/2024 21:30,71.60192170268749,6.974578608446475,6.664059297245813,475.1344713235613,0.5,0.4615365551770441
STN002,05/08/2024 21:45,76.60336177043659,6.866805130508103,5.220613425436302,498.6722272137312,1.0,1.0169312043132896
STN002,05/08/2024 22:00,18.881958248207773,6.764004447309316,7.52944707470701,558.5469800309783,0.0,0.3051821749257266
STN002,05/08/2024 22:15,54.638094031589,6.85773514473805,2.975117366561257,435.7989495474584,2.0,0.3030554223533159
STN002,05/08/2024 22:30,46.49846868469367,6.6146419995752535,4.901451976628738,488.2873316376246,0.5,0.0597238515618843
STN002,05/08/2024 22:45,61.033565636979205,7.105821152274497,1.8496633489351129,384.9837265481629,2.0,0.226349990130939
STN002,05/08/2024 23:00,66.3819616552357,7.173727159741593,3.901263680628485,455.0797659761873,0.5,0.0540415819392128
STN002,05/08/2024 23:15,79.15014231065786,7.38822598342221,6.293748996575278,473.10002195731226,0.2,0.4264614886395238
STN002,05/08/2024 23:30,15.424974889977705,7.056055959162768,3.903807699773171,487.28716775245016,1.0,0.0540189957117501
STN002,05/08/2024 23:45,40.34655693763254,7.024935561009361,6.121591790148982,497.4211516257304,1.0,0.1535522076640157
STN002,06/08/2024 00:00,24.505773259858245,6.780046113886771,4.902726526129337,518.7727862542465,0.5,0.317432384291651
STN002,06/08/2024 00:15,43.890593672523856,7.515934521124902,2.142908248148081,455.5623371275251,0.5,1.2113993034453077
STN002,06/08/2024 00:30,38.7859128437322,7.015279251311109,2.2724190519413643,466.5814670597456,0.0,0.3748735529650288
STN002,06/08/2024 00:45,91.4759362220917,7.319287451473156,7.569971949990421,556.5040587723998,1.0,0.8994197147230216
STN002,06/08/2024 01:00,7.670339912092361,6.833728891094709,2.052083203687059,446.8196940522925,2.0,0.1832177287577288
STN002,06/08/2024 01:15,64.12952527855977,6.5,6.99534186994766,548.865681870247,0.0,0.3141020951372685
STN002,06/08/2024 01:30,25.224467071093937,6.5,6.58790526240111,575.9438651791622,0.2,0.2323055630597303
STN002,06/08/2024 01:45,79.2969713089098,7.296662334696597,0.9532832453174068,397.4258974932444,2.0,0.4493624682607499
STN002,06/08/2024 02:00,61.914406687090576,6.590376127780401,6.794186910616481,509.6565531276184,0.2,0.3199650600260674
STN002,06/08/2024 02:15,77.96961811056876,6.946729802387199,7.664670691751599,554.2282267634195,1.0,0.2046050180585698
STN002,06/08/2024 02:30,77.77937991079573,6.799934369790185,7.861818845052616,562.5424428009233,0.5,0.21140355701619
STN002,06/08/2024 02:45,53.93608162582642,6.944991062608193,3.3343968077594504,466.1481000934803,0.5,0.3569942264549688
STN002,06/08/2024 03:00,77.84190240042548,6.5,6.530345101371511,528.1766033452233,0.5,0.3845500977045412
STN002,06/08/2024 03:15,15.749415972110404,6.818733851415708,2.719196653651777,464.00379607068913,0.2,0.0724657610291697
STN002,06/08/2024 03:30,49.303028971656374,6.987366351135542,7.481531572675779,483.6439814976933,0.0,0.3365351586756261
STN002,06/08/2024 03:45,0.05237768951495969,7.014894487365219,7.962143736789263,524.986234230334,1.0,0.2675089989807386
STN002,06/08/2024 04:00,55.884114045638555,7.065482343333241,3.050700285861655,431.7492111818871,1.0,0.4795940208379801
STN002,06/08/2024 04:15,31.339589709488447,6.5200857856955166,2.515290814157942,457.6342351410376,1.0,0.1290529290307008
STN002,06/08/2024 04:30,22.365824227027954,6.5,4.027387538119908,432.1045818968492,1.0,0.1420172144596264
STN002,06/08/2024 04:45,30.939983852001195,7.241434412839419,2.001415286661837,371.7747153294098,0.2,0.4151155766284273
STN002,06/08/2024 05:00,73.37488040515638,6.739473426121203,2.1917580950326387,458.3640097663084,0.0,0.4807437862310497
STN002,06/08/2024 05:15,45.2692865110693,7.631090148714202,0.528382687745047,461.2040104506159,2.0,0.4281837006862574
STN002,06/08/2024 05:30,78.84513598982547,7.195566638109932,3.466703353405752,441.38081030248577,0.5,0.447813716992701
STN002,06/08/2024 05:45,11.04737101971044,6.979187804082685,7.714351859048171,546.0937372779553,0.5,0.4568471380618082
STN002,06/08/2024 06:00,46.66125981603967,6.746008701774967,3.1000040987383723,468.75427690057694,0.2,0.4845042574344071
STN002,06/08/2024 06:15,92.5014664974791,6.91958367027005,7.169065017823705,518.9192363383559,0.0,0.4915637596974466
STN002,06/08/2024 06:30,71.84519453655939,7.323789657060513,7.843228520737056,565.4032913012495,0.5,0.4603097961134912
STN002,06/08/2024 06:45,8.45223056096599,7.600189519286035,1.0937999732594312,423.3014267730493,2.0,0.6501765236705986
STN002,06/08/2024 07:00,63.17270812960246,7.0459984651340175,0.9849018971402644,432.7232756177689,2.0,0.0477407802423073
STN002,06/08/2024 07:15,19.937321970439783,6.560594497150164,0.3619985825700424,395.66260226548303,2.0,0.0918434786726676
STN002,06/08/2024 07:30,70.28288086606202,6.5384042776196125,0.5473475993709884,414.8450436360741,2.0,0.0350025243302735
STN002,06/08/2024 07:45,82.50061734705767,7.414959691836445,2.9973109061708905,476.7502243206667,2.0,0.222457424047327
STN002,06/08/2024 08:00,61.13797827795104,6.897712896832961,5.537113651522343,493.35363724853937,0.5,0.252297553474574
STN002,06/08/2024 08:15,27.45687876137055,7.4535473855266385,2.5991016744356368,497.9671433677659,0.2,1.3770745038299042
STN002,06/08/2024 08:30,48.662007682932675,6.5,5.513909651521868,483.8281931474304,1.0,0.1046832288072613
STN002,06/08/2024 08:45,75.4279103378295,6.5,5.793891602118366,511.29230620524805,0.2,0.1628821676999339
STN002,06/08/2024 09:00,99.52537168501945,6.622025440410428,3.769538544041618,443.4465042384125,0.2,0.3107784572419202
STN002,06/08/2024 09:15,5.338807683389268,6.5,5.935018761065049,464.4220300262188,0.2,0.3560722575880297
STN002,06/08/2024 09:30,95.48823837039069,6.843211164752738,2.3327729696276114,449.2045711774843,0.5,0.0294298901085172
STN002,06/08/2024 09:45,39.17524161447778,6.731961001362096,5.464914833397117,522.2583861435522,0.5,0.1096739254535569
STN002,06/08/2024 10:00,97.8190105353071,6.631336145685883,4.8098963993351935,513.7568297869171,0.2,0.4766083875685128
STN002,06/08/2024 10:15,78.0373190659349,6.733526355002956,7.0847984424395,514.4889176209064,0.5,1.401840248739153
STN002,06/08/2024 10:30,84.27330980975873,6.508994444878315,2.785799262659828,488.8446165451065,2.0,0.3547482926767716
STN002,06/08/2024 10:45,47.47029258048394,7.021162823045154,4.566099130891313,475.8838710820119,0.5,0.4194135920205957
STN002,06/08/2024 11:00,12.351203316882419,6.937975789981142,1.3066071088515294,432.2118480799342,2.0,0.9066778885261886
STN002,06/08/2024 11:15,6.7288709611197595,6.945834920141572,3.1865152875149274,445.3372224126069,0.2,0.651037659165209
STN002,06/08/2024 11:30,84.71539971985753,7.267520868229711,3.810031885874724,527.1870370259448,0.2,0.7955420066900665
STN002,06/08/2024 11:45,37.9563020909449,7.007776586210843,3.9349939142127943,511.8119517786817,0.5,0.0111276920959449
STN002,06/08/2024 12:00,90.18756521144424,6.987382803277538,5.285748745665661,507.7506257786336,0.5,0.1949210314237496
STN002,06/08/2024 12:15,33.25799299597091,6.5,7.838402335723043,557.058864116148,1.0,0.12633955373137
STN002,06/08/2024 12:30,47.21826666683704,7.017715714256652,4.441751723167488,494.25144251195024,1.0,0.4187722436355974
STN002,06/08/2024 12:45,90.43654890481963,6.995395848354289,3.376982867206367,460.88942102238826,1.0,0.9927681565167186
STN002,06/08/2024 13:00,20.367659177797716,6.586097636174039,0.7683443994935664,448.0607125665261,2.0,0.2647555692080878
STN002,06/08/2024 13:15,94.06192524186,7.379398610116274,4.487476867908372,500.52153213294656,0.5,0.7977690352998899
STN002,06/08/2024 13:30,28.07982828560909,7.414283137874586,6.85821823070055,542.8018659824504,0.2,1.1173072620103763
STN002,06/08/2024 13:45,58.30074003536038,7.3328796422651505,7.19338253074256,564.6322010118066,0.5,0.3776210891302525
STN002,06/08/2024 14:00,1.3320792504129875,6.984016051923386,6.334329275305609,549.3737815326666,0.2,0.4824767559841776
STN002,06/08/2024 14:15,36.535258481042874,6.604385931515096,2.8522764502418614,519.8162193328319,0.2,0.0562582617795233
STN002,06/08/2024 14:30,49.537814062563946,6.5,4.498264944658951,455.8902653946431,0.2,0.3894756710484443
STN002,06/08/2024 14:45,79.60371838184106,6.5,2.8479904970008816,461.694132556743,0.5,0.0597135917932455
STN002,06/08/2024 15:00,80.67240254533453,6.655990991410721,5.399626270697217,529.1914709669184,0.2,0.4638914564771268
STN002,06/08/2024 15:15,9.84507772277321,7.816401803500543,4.209735819132603,504.2136805583759,0.0,0.4075058480132537
STN002,06/08/2024 15:30,5.308885530699181,6.940871232338093,3.646125731347441,479.0311924783111,1.0,0.3651456430489282
STN002,06/08/2024 15:45,12.86064930472236,7.091619511156756,7.327499350792469,533.9221753076788,1.0,0.4354812572862057
STN002,06/08/2024 16:00,75.50089813840088,6.791936569888312,5.2025781609219885,547.964043750839,1.0,1.4178384790197007
STN002,06/08/2024 16:15,92.1027707007164,7.139655316741968,3.097042699438237,514.3544618077015,1.0,0.9191617478372516
STN002,06/08/2024 16:30,82.7105648900029,7.095938650295836,5.582259516173987,548.9552438092487,0.2,0.3456072469469861
STN002,06/08/2024 16:45,19.890894229225896,7.4155737250938625,3.4198929804072726,468.3313017580162,0.2,0.092392648532797
STN002,06/08/2024 17:00,6.430027809923999,6.848886640329498,4.881592278707773,503.686909792711,0.2,0.9136218796929714
STN002,06/08/2024 17:15,59.27215065584708,6.968833048644551,1.8867710748888615,427.7048562436009,2.0,0.4560227204016983
STN002,06/08/2024 17:30,20.863060396164634,7.052220355857613,5.535690451899556,527.2684477052694,1.0,1.2283690279872646
STN002,06/08/2024 17:45,40.754044900522125,7.173932987517534,5.809425266799297,489.11732542405343,0.2,0.3684039934070773
STN002,06/08/2024 18:00,97.29105369182182,7.109672047597611,2.9324237419222685,441.3007088915664,0.5,0.0509839128481491
STN002,06/08/2024 18:15,87.7074567548462,7.071784597333647,2.335506338177733,438.7513626735163,2.0,1.3403750959372132
STN002,06/08/2024 18:30,77.41635064507517,6.935556051491197,3.9727506932901,503.9226319199351,0.5,0.7782408091519841
STN002,06/08/2024 18:45,12.286239913134345,7.029204845773116,2.3691773017206144,516.1797224651648,2.0,0.3048520890399449
STN002,06/08/2024 19:00,67.62485835043293,6.5,4.513944520745337,494.28876132303816,0.2,0.1349065647069134
STN002,06/08/2024 19:15,11.494166431397234,7.194779776979138,5.519309407745303,520.6373805479951,0.2,0.4162033237834286
STN002,06/08/2024 19:30,3.844423640579797,7.278369040166727,3.9615249239753614,448.8757672768988,1.0,0.4648284666778066
STN002,06/08/2024 19:45,67.96996466476321,6.683713376721965,3.4010022631514847,470.77398035776446,1.0,0.4900591090956796
STN002,06/08/2024 20:00,2.867161376296379,6.548380773549731,6.766489719446421,501.3573365192767,1.0,0.4903750035048315
STN002,06/08/2024 20:15,1.536145113928833,6.750252555372812,5.543739999907952,498.0512828300079,0.5,0.3705320409067533
STN002,06/08/2024 20:30,50.50969036436535,6.777778327447948,4.986735179697203,529.2343348839237,0.5,0.7645066511461072
STN002,06/08/2024 20:45,98.52633687263786,6.728303420141364,7.664555912614223,554.863801359874,1.0,0.2666113477434308
STN002,06/08/2024 21:00,44.832573746348025,7.523917045861018,7.010554951176471,573.1542119827934,0.2,0.8422293176984013
STN002,06/08/2024 21:15,52.15706192707552,7.196847131135089,7.296159402132833,571.0416704797956,0.5,0.1268259641062705
STN002,06/08/2024 21:30,62.74623981818364,7.097368400556287,1.289142316236538,429.9289956209467,2.0,0.2532127584749841
STN002,06/08/2024 21:45,63.163873930452375,6.939021277604135,3.70959868500033,484.7216370842764,0.5,0.7513074160162336
STN002,06/08/2024 22:00,2.4177321463664914,6.980687565561472,2.637775026963344,448.9773851914569,0.5,0.4226969464167377
STN002,06/08/2024 22:15,88.40785589987823,6.825560946247091,5.414057560581794,535.0439314133906,1.0,0.4641538754049847
STN002,06/08/2024 22:30,43.43101314661255,6.771297185507193,1.2846159990403616,472.4604034547088,2.0,0.3191525740163632
STN002,06/08/2024 22:45,13.690110137929267,6.936731482948311,3.269168104663188,472.9792914039777,0.5,0.382641869179389
STN002,06/08/2024 23:00,99.68595640582835,6.6985467022769445,4.979350521662002,482.84406045562525,0.5,0.7238295085009481
STN002,06/08/2024 23:15,22.246778743685503,7.201428850412202,0.5783987319478547,382.4230122369528,2.0,0.133272669265331
STN002,06/08/2024 23:30,22.56762388999537,7.120222449072977,1.2523150882931706,433.3888035025797,2.0,0.4451689567701691
STN002,06/08/2024 23:45,23.65362115033972,7.247994957587766,4.105927189688991,487.5750453412964,1.0,0.4888110971028223
STN002,07/08/2024 00:00,53.79012989195962,6.733922451537874,4.601727822159432,520.7065812563495,0.5,0.2058047198571944
STN002,07/08/2024 00:15,0.5590526748420754,6.693983845286609,5.919618318133969,514.1386716441197,0.5,0.3090526993055992
STN002,07/08/2024 00:30,88.43009390180264,6.693137532301259,3.773664968097326,495.6227746046847,1.0,0.1460201784783783
STN002,07/08/2024 00:45,89.76699471723607,6.778933241765965,2.7730680251739885,478.7746021950607,2.0,0.2705204527496966
STN002,07/08/2024 01:00,43.947274950860304,7.431202365690978,0.7007010684771899,429.72008897930783,2.0,0.0343726158534874
STN002,07/08/2024 01:15,66.17942593534192,7.00962526000872,2.835149395153524,395.0446734557349,0.2,1.099631192317185
STN002,07/08/2024 01:30,69.65226839312744,6.61973950518069,3.292340230368496,481.5790622132155,0.5,0.2500265133380527
STN002,07/08/2024 01:45,68.58794700828209,6.830703759117992,7.819294115199401,546.7882583443455,0.5,0.0506135685839089
STN002,07/08/2024 02:00,26.053810918203535,7.319225289036368,0.8777918151201429,405.627191743318,2.0,1.3882404321004411
STN002,07/08/2024 02:15,76.6812211756799,6.5,5.992315252709956,544.6182195670253,1.0,0.2503625338358843
STN002,07/08/2024 02:30,6.792283761898377,6.601659650998747,7.445875541696802,533.0071233130911,0.5,0.1832793234441679
STN002,07/08/2024 02:45,55.676753045660554,6.589817760785073,4.563400708721057,510.431698464497,0.0,0.0710265163593406
STN002,07/08/2024 03:00,1.4794287819519747,7.213833382518293,5.619126907939377,519.0199569354266,0.5,0.9856511091325408
STN002,07/08/2024 03:15,53.74616423796269,6.683185578227796,3.283985318403345,466.10317668341344,0.0,0.9387131776759025
STN002,07/08/2024 03:30,31.996831454118503,6.85310306256193,2.6874549636022107,426.57350499459966,2.0,0.042491309275195
STN002,07/08/2024 03:45,81.1024500923693,7.263246103391088,2.5356975616808404,473.5538941659931,1.0,0.4942098891389278
STN002,07/08/2024 04:00,99.01832932369989,7.307116904068361,6.6302220720759015,511.4830893016938,0.5,1.0414601951204232
STN002,07/08/2024 04:15,36.38101671087463,6.87802602798515,3.6541817635966334,475.9989598563636,0.5,1.3163477486569208
STN002,07/08/2024 04:30,44.23728354576127,6.5,2.5903780493307105,482.7457229236789,2.0,0.1986971800606932
STN002,07/08/2024 04:45,16.508207607490423,6.658780523930502,6.1047781766508855,546.5099110861204,0.2,0.7810093318068001
STN002,07/08/2024 05:00,43.41175111136001,6.690184382883737,5.628416514598776,520.3798463525173,0.2,0.1694230400281353
STN002,07/08/2024 05:15,23.13749763830225,7.011318973217472,2.695847785558708,474.8783670906618,2.0,0.4050530330482858
STN002,07/08/2024 05:30,6.638768259189942,6.757101482723226,2.93204124496867,405.8174583590543,2.0,0.0605119733643205
STN002,07/08/2024 05:45,59.78317077816414,6.5,1.6762532720803227,473.2449827937804,2.0,0.3856408099292404
STN002,07/08/2024 06:00,9.215198278190783,6.942106278814203,2.7249513698977164,459.3694206789408,0.2,0.6693915009178826
STN002,07/08/2024 06:15,12.362790718917417,6.771297075817936,3.906953865577084,510.5355173726336,0.2,0.2446225825966416
STN002,07/08/2024 06:30,89.38471134362854,6.513783915326877,7.427295641654302,500.3248807369274,0.0,0.1411142910000057
STN002,07/08/2024 06:45,77.84057290374172,6.536973439497684,5.5043986215237695,528.8057705722239,0.2,0.1643514916850921
STN002,07/08/2024 07:00,91.00611677031651,6.861680358251767,6.784778167729028,508.6373341449992,1.0,0.0243281563554826
STN002,07/08/2024 07:15,17.529559696539742,6.518883863151477,2.0753086093505937,426.6016870956564,0.2,0.3789672625011274
STN002,07/08/2024 07:30,48.073057567041936,6.89230274688781,5.033728166207714,502.15098605916097,1.0,0.3936647690749324
STN002,07/08/2024 07:45,60.99041231229688,6.578128449662742,7.53263403867058,522.5589168362098,0.2,0.3334458790968439
STN002,07/08/2024 08:00,69.58224870875799,7.356930298430991,4.7830233024461,481.8652759348821,0.5,0.4344474995823157
STN002,07/08/2024 08:15,29.666353716191185,6.688022364007455,2.424716362265219,467.4612080841006,2.0,1.0047565718866618
STN002,07/08/2024 08:30,96.33777443413697,6.5,3.997534967833575,451.0038099126409,0.2,0.417567383876577
STN002,07/08/2024 08:45,5.689529210621336,7.368272704759589,2.561669986677734,445.4674476764415,0.5,0.1383423834230993
STN002,07/08/2024 09:00,66.44061830181927,7.475052285813651,3.141789529430781,487.046174823002,0.5,0.7642522646794502
STN002,07/08/2024 09:15,88.26674025367534,6.986069184415349,3.763900313660249,459.2316406962197,0.2,0.2328928122978834
STN002,07/08/2024 09:30,97.82465707684679,6.8994371817662365,5.744445151728319,492.87094242401486,0.5,0.3152408757258531
STN002,07/08/2024 09:45,56.60108098175086,6.578068461766171,3.2144375156930067,465.33077128977794,0.5,0.4849350042671335
STN002,07/08/2024 10:00,92.16046633712374,6.806314362356007,2.34978244510403,427.1216491843455,1.0,0.3716005103239467
STN002,07/08/2024 10:15,95.54988143000644,7.000072641017224,0.4178309533933063,420.3406520739805,2.0,0.0485310254169643
STN002,07/08/2024 10:30,66.81006936638816,6.83992461418964,5.999790921634121,480.31762904938273,0.5,0.4601070358935248
STN002,07/08/2024 10:45,56.138744911020744,6.819450160548224,4.103152843323953,452.35040744755736,0.0,0.7898723927026683
STN002,07/08/2024 11:00,61.93221688225127,6.514252761756164,5.119262322043364,526.5906948471065,1.0,0.3433917583362701
STN002,07/08/2024 11:15,23.436241194198704,7.195769857255778,4.969294287764244,482.9070327039314,0.0,0.7540168739606805
STN002,07/08/2024 11:30,1.3173373444811398,7.536755099170432,4.05957265355182,479.7924053327695,1.0,1.1763086549937625
STN002,07/08/2024 11:45,67.26079034879365,7.103942044128146,5.773706029817418,543.0588291225615,1.0,0.4371673457601221
STN002,07/08/2024 12:00,15.20830829922083,7.16663976916016,7.456111789814546,589.4925782190114,0.2,0.3079008456762537
STN002,07/08/2024 12:15,99.48689606690041,6.999401107519559,1.0990957790227822,433.4866887036501,2.0,0.0128875622957446
STN002,07/08/2024 12:30,93.05880150714086,6.618997817441371,2.603639026843286,467.07665635114506,2.0,0.1177327248179154
STN002,07/08/2024 12:45,74.61899745957137,7.106367032297194,1.3803429587938802,425.1755315835839,2.0,0.2800386807507273
STN002,07/08/2024 13:00,86.38067513523337,6.766407507567727,2.477914561163543,449.336309037459,0.5,0.3645808222161117
STN002,07/08/2024 13:15,52.42371406995821,6.696950467970852,6.763087700138025,509.397045776807,0.5,0.0266005309633191
STN002,07/08/2024 13:30,49.27512742414897,7.0693892081918985,0.4085681719060448,419.9288197805061,2.0,0.4334957820242641
STN002,07/08/2024 13:45,54.89738365994845,6.992077056151292,3.9028524297967824,467.85492397333394,0.5,0.1396446539381046
STN002,07/08/2024 14:00,77.75346005675536,6.5,0.6974822668616546,389.0740857279569,2.0,0.1866345205946875
STN002,07/08/2024 14:15,11.00661610639081,7.04349840638226,4.605317759943672,484.9652506777677,0.0,0.319141910681872
STN002,07/08/2024 14:30,34.34013919262199,7.14689838568372,2.0381270078707776,481.6745875956239,0.0,0.3265517791125509
STN002,07/08/2024 14:45,25.133690494758334,7.291394597032136,2.350333643918467,483.9832077874483,1.0,1.4001881100492477
STN002,07/08/2024 15:00,80.18772201075402,7.124527009654816,6.575120155354708,574.7114141416675,1.0,0.9330385638879366
STN002,07/08/2024 15:15,69.77957984487394,6.633282107131215,5.732165203575917,505.4631001994793,1.0,0.386262495389929
STN002,07/08/2024 15:30,81.64154092394675,7.658651819734956,1.9525077016078607,471.9276081039978,2.0,0.4403856840706935
STN002,07/08/2024 15:45,19.919169310390807,6.929112974305805,2.462286431415489,458.5256885464035,0.2,0.4836183485556036
STN002,07/08/2024 16:00,18.209890191583323,6.626775961832185,4.933947694143085,465.9062368197912,0.2,0.5246343209494607
STN002,07/08/2024 16:15,28.44909128083648,7.25487115988374,1.9974151784945924,447.35376608072414,2.0,0.4571576437570478
STN002,07/08/2024 16:30,34.03764824859253,7.083568590269802,4.899410334224333,486.1962304586747,0.2,0.3344829394324522
STN002,07/08/2024 16:45,85.74145216256991,6.86076309397461,4.272704238080375,510.1021563903863,1.0,0.8038272135372677
STN002,07/08/2024 17:00,13.11148422290046,6.5,7.287724344089354,525.5642156108601,0.5,0.3627243470157067
STN002,07/08/2024 17:15,49.57519097880908,6.9399473231534765,5.212764604829228,477.02209201995055,0.0,1.1824361022008232
STN002,07/08/2024 17:30,28.795185333570927,7.066682622743911,4.322249929969122,509.8022806177658,0.2,1.115919918363303
STN002,07/08/2024 17:45,64.19852194389951,6.826323227325071,2.6310664226517444,419.3358774175642,0.5,0.2193387641372809
STN002,07/08/2024 18:00,76.81251031746598,6.860423663619689,2.975198291519141,419.285544375632,2.0,0.0297038606892316
STN002,07/08/2024 18:15,93.60033106503376,7.60183131395599,6.598543110636892,526.2811139366687,1.0,1.405876462468002
STN002,07/08/2024 18:30,83.71485128990356,6.894955489015116,4.304351381372872,471.5748321995281,1.0,0.3515069310169649
STN002,07/08/2024 18:45,48.118536022942294,6.661933265593958,3.451098986808337,472.8016376246612,0.5,0.1340787093735414
STN002,07/08/2024 19:00,60.654307934274165,6.62144721926561,5.287516992144854,456.5174190512001,0.2,0.4537014704636855
STN002,07/08/2024 19:15,37.33746016033697,6.922640363640556,3.271917518223637,466.15644379620994,0.2,0.6796892778830775
STN002,07/08/2024 19:30,36.57793075589453,6.730457483302234,6.957512763409148,569.2848739448913,0.5,0.936489213962422
STN002,07/08/2024 19:45,61.23500400176396,7.119967027325817,7.976912895920808,600.9897793541414,0.0,1.3343094615452866
STN002,07/08/2024 20:00,45.578184858641826,6.940548955048563,5.594648274296792,497.7176409033536,0.2,0.0991337199741632
STN002,07/08/2024 20:15,92.76828533422386,6.5,2.0334725918594616,457.6431404908977,0.5,0.1616797907094977
STN002,07/08/2024 20:30,33.00109594695462,7.608572217173269,5.97549837412517,479.6236617746129,0.5,0.3293804265241841
STN002,07/08/2024 20:45,74.35742321778302,6.744517211808814,3.5474580942391576,445.4902148161116,0.0,0.0542997454999617
STN002,07/08/2024 21:00,0.7607506794944485,7.507547539404341,2.8088980969468995,444.4063321561042,0.5,0.9058987890356508
STN002,07/08/2024 21:15,93.34963269924936,6.540183053525257,5.760738852031103,571.7199104070198,0.5,1.1423593035626831
STN002,07/08/2024 21:30,70.01249330935957,7.263208345584559,6.658481927317451,513.2053182873295,0.0,0.9305673129033192
STN002,07/08/2024 21:45,3.358061276605595,7.011874628299209,2.0291286717557298,399.26807420078495,2.0,0.3478481115047088
STN002,07/08/2024 22:00,13.07898411875341,6.884691429706888,3.521556254302306,493.7914190296706,0.0,0.0319730525835352
STN002,07/08/2024 22:15,67.3729186099812,6.749680106143079,2.506714371000572,439.4665253317584,2.0,0.3466446301893328
STN002,07/08/2024 22:30,13.353104176584552,6.836054129172856,4.472323829628828,517.1685514565618,0.0,0.4719097504118378
STN002,07/08/2024 22:45,17.73172354906688,6.669923607610689,1.5246362164861296,447.49575326324697,2.0,0.0177907274481088
STN002,07/08/2024 23:00,70.59930504286787,6.910497124448956,5.93854617116204,478.2928179410338,0.0,0.3868158627616189
STN002,07/08/2024 23:15,22.836303796591352,7.080200073340315,2.2734112779704594,431.49278216584366,1.0,0.2929946081435056
STN002,07/08/2024 23:30,18.27708111127555,6.5,2.133686952194216,430.6784070397799,0.5,0.1362383464865252
STN002,07/08/2024 23:45,88.51628603836765,6.600238200698552,5.235189470622258,490.4868428557618,1.0,0.1582425755803139
STN002,08/08/2024 00:00,79.19818232665106,7.175873772259812,3.447331825854924,490.6272177164151,0.5,1.2316348356133684
STN003,01/08/2024 00:00,61.18256043464153,6.901390022450278,2.668617907326805,473.781229808996,2.0,0.337873800991723
STN003,01/08/2024 00:15,73.95907945471345,6.812675926226127,3.0388017321269176,435.2259952192724,0.5,0.2050493423547051
STN003,01/08/2024 00:30,60.97807220721252,7.067098093911707,3.4526792843952663,462.02093146159,0.2,0.2213177446841684
STN003,01/08/2024 00:45,56.28699054117618,6.982119656214616,5.315022535840258,485.8810527826242,1.0,0.2928923684534109
STN003,01/08/2024 01:00,62.72947683287832,7.75661177663295,4.48831405477122,482.0831752041959,0.2,0.4663379558688223
STN003,01/08/2024 01:15,56.60488514718703,7.010422458109696,4.219012217177193,469.9559417076084,1.0,0.3408413885087886
STN003,01/08/2024 01:30,62.25949403937607,7.235351199857586,0.9130129524828294,422.6603787592724,2.0,0.4690082137476675
STN003,01/08/2024 01:45,71.29500109146205,6.701098711346417,4.502157938521309,536.2582860087286,0.2,0.3415652151585813
STN003,01/08/2024 02:00,68.38650551383813,7.056020132941438,1.719476664977184,417.4805462708898,2.0,0.4673964107994851
STN003,01/08/2024 02:15,70.01727379735492,6.8476373500201,2.1013070344771667,453.6155345155192,2.0,0.2860093422515228
STN003,01/08/2024 02:30,74.55564764880704,6.781127676042231,1.9129211405784448,453.6377415100129,2.0,0.2246604474110214
STN003,01/08/2024 02:45,68.21551977418194,6.55939283552555,6.593793436018602,501.1730005316766,0.5,0.4437970426317851
STN003,01/08/2024 03:00,70.8522685065857,6.540217010478179,6.605434373267203,498.24617477521576,0.2,0.0174048527462307
STN003,01/08/2024 03:15,70.00394168742068,7.203576615037679,2.9539805202100617,448.1927680483442,0.5,0.0777633882966325
STN003,01/08/2024 03:30,66.74837318318028,6.84369367494775,3.046509805667229,469.1913308467577,0.5,0.0098083772281243
STN003,01/08/2024 03:45,63.27278194133702,6.691524751716541,4.92301365778494,483.40560034092186,0.2,0.1479427607678317
STN003,01/08/2024 04:00,72.99504468334082,7.071032359653687,4.31785812444596,475.6926103696153,0.5,1.2185398857556238
STN003,01/08/2024 04:15,76.24927540416081,6.820796191706924,5.5209494123813805,501.64060966175344,1.0,0.6099088958125235
STN003,01/08/2024 04:30,78.02233832457506,6.534009146525827,7.313938431979697,581.3327282065849,0.0,0.1882882950117094
STN003,01/08/2024 04:45,77.10939756777383,7.103355258125937,7.236540903727938,490.08567508303065,0.5,0.1678894933766913
STN003,01/08/2024 05:00,67.09292132267456,6.6424921407176525,2.990206763329909,410.2615562878998,0.0,0.0562416829745288
STN003,01/08/2024 05:15,72.52893913182734,6.638476189605484,3.396390040292202,450.0936814447603,1.0,0.3834927653990011
STN003,01/08/2024 05:30,68.08458159974019,6.5,7.259478031304699,577.3166949963156,1.0,0.4691220629620097
STN003,01/08/2024 05:45,60.81242411894934,7.287828310472629,4.684283239597178,521.516586742153,0.0,1.2764063572820008
STN003,01/08/2024 06:00,69.96949976169826,6.802350275510947,1.3965670311741547,444.4767350791267,2.0,0.1075869726408111
STN003,01/08/2024 06:15,78.57644287719353,7.543273059523958,7.53833392123803,582.5889161918457,0.0,1.2166571667551649
STN003,01/08/2024 06:30,61.23199662278041,6.873803770747483,4.944245095361456,511.6967909211493,0.5,0.0253683954172937
STN003,01/08/2024 06:45,69.96216887346503,6.7920984103454085,3.650797366340608,482.6419248927977,1.0,0.662847822328423
STN003,01/08/2024 07:00,71.26803494952628,7.354433642523291,7.643597341894838,506.25217635304847,1.0,1.0709284781845525
STN003,01/08/2024 07:15,73.72346475543117,7.04640546224941,7.9620781863584,577.9565485682476,0.0,0.4243007531405552
STN003,01/08/2024 07:30,75.0378167604076,6.869541192718285,1.5784832617337634,392.92350591930176,2.0,0.2747252133437797
STN003,01/08/2024 07:45,69.51635276896924,6.962490364168038,0.7498729084823494,424.3891691408874,2.0,1.2658246389390773
STN003,01/08/2024 08:00,73.00570500300995,6.936119958045581,6.650709196192235,511.7786198134605,0.5,0.3802673075081359
STN003,01/08/2024 08:15,60.97202013082541,6.794922035002668,3.6850120186997,472.0703681677643,0.5,1.0755504248858243
STN003,01/08/2024 08:30,63.10904843388718,6.565506910242247,6.478435600412401,538.4190343446073,0.0,0.0116424849913873
STN003,01/08/2024 08:45,55.53835243353329,6.752249101385925,5.886790876667047,464.9830721533255,0.5,0.4127796540818368
STN003,01/08/2024 09:00,59.01250367988868,7.297925565063382,2.771092495299201,479.16170565466456,0.5,0.5105017234567597
STN003,01/08/2024 09:15,59.3404841632372,6.752945016128547,6.174840762020963,522.4689704821309,1.0,0.0102280504965954
STN003,01/08/2024 09:30,72.20272214900422,6.911323063306122,6.234963752476129,494.2280549823202,0.5,0.4453912707010574
STN003,01/08/2024 09:45,59.73089290726024,6.5,3.956237556999676,548.7935558668551,1.0,0.0416869539868633
STN003,01/08/2024 10:00,71.91286621230047,7.176770672050613,7.41549525876767,555.1935981211826,0.2,0.8313148704979183
STN003,01/08/2024 10:15,59.09271398360778,6.570252675468623,5.777317519459274,552.3860337838395,0.2,0.1761572252095089
STN003,01/08/2024 10:30,79.43707355732852,6.972476746514264,4.495298590211122,481.9775066679081,0.2,0.4314570164654317
STN003,01/08/2024 10:45,77.2398083307174,7.117518229143398,2.971272681021856,460.4465457366212,0.0,0.3560927970153414
STN003,01/08/2024 11:00,58.92834911296735,7.283355934829516,6.425628006552087,541.9431569588453,0.5,0.3023376416339508
STN003,01/08/2024 11:15,73.2541635039988,6.884973789206884,7.710945973960898,572.4508558521147,1.0,0.1295912820082615
STN003,01/08/2024 11:30,73.72272327071678,6.5,2.008003419685248,457.44160259659947,1.0,0.0260480956687166
STN003,01/08/2024 11:45,65.63258372095741,6.778691533898917,7.063924696813253,567.7578196185844,0.5,0.1026159469963253
STN003,01/08/2024 12:00,63.73080808392281,6.936982749764407,6.160869895378996,492.9833264578684,1.0,0.1534308586313958
STN003,01/08/2024 12:15,55.73175262580461,7.415899191062688,3.467732429551591,429.2603567382815,0.5,0.0232864540681069
STN003,01/08/2024 12:30,68.90923469232663,7.125691888018231,5.141317424296266,510.0003680994878,0.5,0.5768409716398235
STN003,01/08/2024 12:45,70.98406382290332,6.912492162821088,4.262054427354526,499.47911021625134,0.5,0.487691848175693
STN003,01/08/2024 13:00,74.5987981396654,7.527453572304737,7.637630892792339,593.7713567390873,1.0,0.3791734415031887
STN003,01/08/2024 13:15,65.35289912604692,7.039688933877207,4.68866243601726,446.2752769901557,0.2,0.5328290108752021
STN003,01/08/2024 13:30,75.6573363011155,6.939729059025346,4.013698139678152,513.7074339960715,0.0,0.4240424579794986
STN003,01/08/2024 13:45,56.220269921330384,6.6156791647248685,2.894456141021664,484.5458625675405,0.5,0.4683495247696665
STN003,01/08/2024 14:00,55.32379124824551,7.041400608188943,1.3497369361380491,405.65135471282616,2.0,0.2479627806452256
STN003,01/08/2024 14:15,58.737390393141624,7.391231386652188,3.70064223235222,480.5552577207169,1.0,0.4254849884685506
STN003,01/08/2024 14:30,71.72758467525158,7.233414742831847,5.032499698196955,510.82034821061495,1.0,0.5773773053269358
STN003,01/08/2024 14:45,75.91659016876687,7.31264734759996,4.052523969040535,449.56687209841897,1.0,0.0469362137603834
STN003,01/08/2024 15:00,55.19533368887475,7.850551875549745,4.6483639809867245,471.5396231555385,0.5,0.2469664217426651
STN003,01/08/2024 15:15,68.84398231625599,6.976067665808932,6.851157262727992,601.3751503482831,1.0,0.4806215994378618
STN003,01/08/2024 15:30,69.88245813593616,6.529843051262272,2.7481143119105997,493.3073789139295,2.0,0.5232122039739266
STN003,01/08/2024 15:45,78.94241095012367,7.329635048873151,5.070057266210673,526.6681296314623,0.2,0.8775690445115611
STN003,01/08/2024 16:00,65.4989083676237,7.036192254216458,4.026990847452474,482.56250149259154,0.5,0.4449337120956669
STN003,01/08/2024 16:15,55.830887240587444,6.752183695548049,7.784397787683927,556.7531286199129,0.2,0.0502483514623654
STN003,01/08/2024 16:30,70.3286426584061,6.967415964073687,6.524646473414137,527.7897376709366,0.5,0.7816405754897657
STN003,01/08/2024 16:45,57.511692125025796,6.925689185206902,2.9763921491307674,487.1047693037169,2.0,0.3938505881895248
STN003,01/08/2024 17:00,60.81507877976221,6.921523831817148,3.130341642358712,456.02364542220096,0.5,0.456020337459467
STN003,01/08/2024 17:15,71.38543382773327,7.037814348676272,2.1036621125309107,442.4278295537236,0.5,0.2596087403642688
STN003,01/08/2024 17:30,57.92170243559797,6.7206555303741125,1.3803280903871704,438.2610585172304,2.0,0.4520922017508839
STN003,01/08/2024 17:45,65.59916569570765,6.917415217387291,2.0434542342504565,407.7451910612848,0.5,0.4573091197471981
STN003,01/08/2024 18:00,58.09114762265258,6.7544278662327,3.256862626922429,447.23471810960007,0.5,0.2615897675983811
STN003,01/08/2024 18:15,64.32118744783014,6.76761061108059,1.03908421659907,387.8414505754465,2.0,0.7015057416696242
STN003,01/08/2024 18:30,57.565015302913814,7.118625524954565,6.347413001159201,520.6570983363684,0.5,1.111779178911804
STN003,01/08/2024 18:45,61.346202264475,7.081755319189002,6.084672737533591,517.8502587125565,1.0,0.4186908925338621
STN003,01/08/2024 19:00,73.68326879105825,6.611588040888447,2.2542820466728504,422.4495439901037,0.0,0.341809204447268
STN003,01/08/2024 19:15,61.4641136863922,6.984339710015048,5.194225744470125,534.8517991924065,0.2,0.0509949035862364
STN003,01/08/2024 19:30,77.28701480294285,6.808985911646024,7.762052742753267,554.0631681751802,0.5,0.4791641505473296
STN003,01/08/2024 19:45,73.14311985348925,6.904280549722879,4.9186888819350045,498.7492096704269,0.5,0.6741600616787073
STN003,01/08/2024 20:00,64.61638893577513,6.796460681349891,1.0506610827189398,466.9143308372669,2.0,0.2350242697335288
STN003,01/08/2024 20:15,69.80975213850161,6.931558509897845,1.947122443948375,363.55550489018776,2.0,1.1194046400636437
STN003,01/08/2024 20:30,55.546030733089005,7.121294921908823,2.7327651971795346,392.89183038696,2.0,0.0985089817027393
STN003,01/08/2024 20:45,59.309636697342924,7.0687339914118725,6.207465681217718,506.94905520117226,0.5,0.45149375615651
STN003,01/08/2024 21:00,66.96716563204399,6.5,2.213417181147641,469.4316885197303,2.0,0.1108532135279177
STN003,01/08/2024 21:15,62.97401948401867,6.551178025982233,6.294742022615139,512.8725729520137,1.0,0.3724375515597858
STN003,01/08/2024 21:30,75.87875976257202,6.8685419873275375,4.230546708481434,558.9178768955402,0.5,0.222005057809563
STN003,01/08/2024 21:45,64.34312715298307,6.980000315621155,5.536870157084255,480.9728412184584,1.0,0.3065114876860582
STN003,01/08/2024 22:00,69.4435213746368,7.284070350526191,5.854251886275387,502.3914581094758,0.0,0.0661173453994087
STN003,01/08/2024 22:15,55.35461527875155,7.234993138404792,5.444344691662094,534.6765667748233,0.2,0.6649007928407139
STN003,01/08/2024 22:30,70.75574455138123,6.5,0.3754042133785963,365.88983038465614,2.0,0.6401629985702968
STN003,01/08/2024 22:45,56.26979358730779,7.061134652698283,6.46070872977301,532.854961926333,1.0,0.4517912982099333
STN003,01/08/2024 23:00,66.50178045554212,7.116144461130444,5.98836521225403,563.9839020999536,0.5,0.374459304840925
STN003,01/08/2024 23:15,69.35235139886927,6.73351022360422,6.087212503941094,523.0700695461103,0.5,0.2377584314961622
STN003,01/08/2024 23:30,76.53142951627602,6.5,0.7066578230036,374.332013667086,2.0,0.0252104680524885
STN003,01/08/2024 23:45,62.814108331658254,7.204230523892402,2.6702977352811166,468.2447782678622,1.0,0.2976489437569356
STN003,02/08/2024 00:00,70.48356638928641,6.5,3.1685783869445885,503.4337850794929,0.5,0.1266109905727235
STN003,02/08/2024 00:15,77.71451308017323,7.04442714747494,5.057503246758382,515.4523225191067,0.2,0.4422120177903468
STN003,02/08/2024 00:30,55.553487145837956,6.900354825613879,7.415612911042491,538.5973015513899,0.2,0.2663031002788114
STN003,02/08/2024 00:45,58.75369669045229,6.619466957735332,1.370809595890158,438.0435150637893,2.0,0.2522913911027676
STN003,02/08/2024 01:00,69.86737445635778,6.683586162224444,5.8007781119431385,505.0350334741575,0.5,0.702550924164703
STN003,02/08/2024 01:15,61.832685001776355,6.672791271733126,2.4672232996350383,421.6255428818192,0.5,0.2690170375670248
STN003,02/08/2024 01:30,72.49988793500239,7.292545522771367,2.7815673458101084,451.6922937546659,0.5,1.0402387145456036
STN003,02/08/2024 01:45,63.47312662739884,6.684310050787294,1.293970472099962,463.80150962745097,2.0,0.2963980417210749
STN003,02/08/2024 02:00,63.26050906884687,7.177409161820502,7.155158748683686,565.2328578180812,1.0,1.3210942892946236
STN003,02/08/2024 02:15,58.7672037163336,7.169438478938437,3.674235741504539,517.159681890119,1.0,0.8980207609218827
STN003,02/08/2024 02:30,72.87140360056694,6.7727191815667735,3.2373238539938924,503.5724938837528,0.5,0.234670857960715
STN003,02/08/2024 02:45,74.01306277328047,7.1503563038543465,5.907476105383452,548.7254209720215,0.0,0.4947563501848157
STN003,02/08/2024 03:00,72.1100586066658,7.020120801316524,1.9254449424029456,431.5521818818132,2.0,0.1257690309456874
STN003,02/08/2024 03:15,73.42025449737483,6.5,1.765977799303472,420.0112499850425,2.0,0.3438375997152046
STN003,02/08/2024 03:30,56.99714029937349,7.072250647434645,2.818199903146512,428.5698808376712,2.0,0.7615647094083109
STN003,02/08/2024 03:45,64.31872167848485,6.931661022698981,1.9110125791628303,413.1591647587272,2.0,0.0001410725570021
STN003,02/08/2024 04:00,62.76059058510885,6.96650732418653,2.115933637001062,441.2263669251057,2.0,0.3246171651046106
STN003,02/08/2024 04:15,74.77981724702548,6.907120310664484,5.845713177052605,527.6189302936497,1.0,0.2416922432115821
STN003,02/08/2024 04:30,73.46610369388938,7.21191135984288,1.376112415046589,373.9071976945249,2.0,0.493093679662157
STN003,02/08/2024 04:45,65.3574304359681,7.386855026772659,4.509698710852479,466.4342621087224,1.0,0.3856197221189317
STN003,02/08/2024 05:00,74.15011281931689,7.155208309382757,7.976728792306588,603.5593096095955,0.2,1.1866895422004304
STN003,02/08/2024 05:15,73.6542825738045,6.922117978935772,3.7517160762160096,470.9957732037005,0.5,1.360634965085448
STN003,02/08/2024 05:30,56.567903055631014,6.86922559332995,2.201244698531092,416.3731203405093,2.0,0.3382556972129328
STN003,02/08/2024 05:45,76.99995746818716,7.083794123502514,2.813160945549859,470.012696429917,0.5,0.2096828828024676
STN003,02/08/2024 06:00,58.182923480744975,7.536728587248946,2.0516737090565096,444.8071853163849,2.0,0.3614111651692243
STN003,02/08/2024 06:15,58.50715773093213,6.857446157416858,4.901913853714946,514.0812381526811,0.0,0.378297298284203
STN003,02/08/2024 06:30,78.4163342100152,7.031401339940404,3.9525819548305687,516.6203218852788,0.5,0.5930408134077889
STN003,02/08/2024 06:45,76.56708450632425,6.94530359315044,7.540087592711921,538.4961461923219,0.5,0.8132158348629506
STN003,02/08/2024 07:00,73.58451553142785,6.619344976191743,3.92063106809888,524.3563793324745,0.0,0.0229453390690627
STN003,02/08/2024 07:15,73.2117409089497,7.207858241061205,2.4707026095135163,427.4487080705312,0.2,0.4376679673533586
STN003,02/08/2024 07:30,75.7211743429028,6.5,7.891936713769974,592.9981486430008,0.2,0.3471415896845672
STN003,02/08/2024 07:45,60.13444749924315,6.52757591700007,2.814362751416708,436.9818481886754,2.0,0.0772379903036686
STN003,02/08/2024 08:00,76.76487333386757,7.172154624890026,4.4503740108057634,485.02653588691385,0.0,0.1389718909115944
STN003,02/08/2024 08:15,77.9428429300861,6.900633577535591,3.605841671774294,482.5246901933219,0.2,0.2702847649097591
STN003,02/08/2024 08:30,76.96834861890136,6.824593918087422,2.118265708406299,391.7399065647512,0.0,0.3918948490567869
STN003,02/08/2024 08:45,65.74112011144636,6.533498793281723,5.78805857195616,487.1973703205333,1.0,0.0514644077907521
STN003,02/08/2024 09:00,79.38614187117136,7.226200076987789,4.965342863589417,479.733619846903,1.0,0.0405685448300002
STN003,02/08/2024 09:15,71.52277090263283,7.025197304016224,5.499735302307529,497.18248536507895,1.0,0.2665350518793193
STN003,02/08/2024 09:30,71.75664867474006,6.773733983565234,2.258629216983513,433.9960497013439,0.5,0.5590389859300939
STN003,02/08/2024 09:45,56.2464270004188,7.221257072805486,7.104016898851183,531.3447273261079,0.2,0.3160593100681659
STN003,02/08/2024 10:00,74.58835829924263,6.633471255329317,5.3821213550721785,533.5975615063713,1.0,0.2512982420687587
STN003,02/08/2024 10:15,77.74805846351566,6.761302102045179,2.398720731473598,432.8926491161792,2.0,0.3107150304305575
STN003,02/08/2024 10:30,56.710600798357746,6.981290707791401,6.17225946623209,556.9237028238269,0.2,0.2120585169072117
STN003,02/08/2024 10:45,65.99032261007886,6.710893930563348,3.423526969610759,479.5974314990692,0.5,0.1340681493652328
STN003,02/08/2024 11:00,56.162415643937905,6.700285448050911,4.200052317622162,469.0785627362709,0.2,0.2501870875317486
STN003,02/08/2024 11:15,63.52494281930721,6.871441970828026,4.668881249585757,527.8159137893514,0.2,1.3504181674184583
STN003,02/08/2024 11:30,59.01779278867206,6.8812889523418805,4.018032298110425,474.8805216135826,1.0,0.3040932010205659
STN003,02/08/2024 11:45,77.10080726012184,6.9783676034898905,7.044887056181668,538.0063671337015,0.5,0.238455578749839
STN003,02/08/2024 12:00,67.98028143358988,6.9333690907108005,4.7337264445790375,472.6355673603309,0.2,0.1472947332611619
STN003,02/08/2024 12:15,67.59237468384192,6.97814766111613,5.430896335206048,489.13855186739687,0.5,0.377449853394327
STN003,02/08/2024 12:30,56.57244078456993,7.388075008489165,2.3460899547744547,486.62123967569823,2.0,0.8246699951683447
STN003,02/08/2024 12:45,73.94374643392261,6.533167243819798,1.1630686699751027,453.052041639589,2.0,0.1198084198542935
STN003,02/08/2024 13:00,55.506371369227736,7.074808592743694,1.7255722361485335,442.9891563833136,2.0,1.057543974364222
STN003,02/08/2024 13:15,72.26430490710334,7.116377453836704,7.872166982655569,556.1655666771858,0.5,0.3160236128755508
STN003,02/08/2024 13:30,67.02197184580375,6.988945661819422,3.8661940480323422,494.901204844921,1.0,0.328053596726281
STN003,02/08/2024 13:45,69.48453964454556,6.777357284594801,6.344110003967607,482.87984699332367,0.5,0.1150080761352284
STN003,02/08/2024 14:00,68.23177702859785,6.724798014749213,4.955489544032634,536.9721789177088,0.0,0.3861258060543353
STN003,02/08/2024 14:15,63.33886436684014,6.9285806119022215,3.140690967009242,454.6354624515778,0.5,0.1958090644703217
STN003,02/08/2024 14:30,73.68093194948867,7.006334274865818,6.191264725949495,548.7764348501753,0.5,0.0609526378282844
STN003,02/08/2024 14:45,78.59455918115435,7.10161643810948,2.0521727316048466,477.4032760499729,0.2,0.6326564383167088
STN003,02/08/2024 15:00,69.77830416264135,6.722229352671561,2.361350780029012,489.8521665474789,2.0,0.2895262308185047
STN003,02/08/2024 15:15,67.54207549891971,7.230037957880444,2.1489122302024537,472.6271906454056,0.2,1.4950692172206883
STN003,02/08/2024 15:30,65.96030027864762,7.385159161291598,5.266820905802283,552.0566612780256,0.5,1.2398968763465543
STN003,02/08/2024 15:45,76.27830928917044,7.217671376802771,5.838113005514834,527.080874453465,0.2,0.4930104398464069
STN003,02/08/2024 16:00,56.784633932328425,6.792185282454609,7.952801427096583,542.0741419117661,0.5,0.3646402623987278
STN003,02/08/2024 16:15,65.11349475146145,6.535395917935231,4.754174843786831,495.32398511916114,0.0,0.0004327628705214
STN003,02/08/2024 16:30,70.96742532450453,6.874485750297978,7.1091792119476125,557.1462243611965,0.2,0.4981584399639956
STN003,02/08/2024 16:45,68.25905829252423,7.268497732598891,7.8789962618512,521.0300042412352,0.5,0.4188500519199373
STN003,02/08/2024 17:00,57.166178953055116,6.836955335492616,3.477638824938901,410.1754593641388,0.5,0.1970285968286775
STN003,02/08/2024 17:15,75.12091312231773,6.942263262075071,7.6431765134638,583.3154735223176,0.5,0.4055323330519898
STN003,02/08/2024 17:30,67.39485115043979,6.592569744065613,2.592067041051473,497.04160664706376,0.2,0.2658284230613967
STN003,02/08/2024 17:45,69.00309398140679,6.66974202165346,3.5992623850922945,484.74053293142407,0.5,0.147735592836395
STN003,02/08/2024 18:00,71.35854776753231,6.5,7.896240939421064,593.02097996458,0.5,0.1609179223972919
STN003,02/08/2024 18:15,76.10957839658303,6.890280689666892,3.9013581086066713,416.3699374375348,0.5,0.4681643816410629
STN003,02/08/2024 18:30,71.83525681630047,6.977827849568188,1.1722214375325364,424.4469502992913,2.0,0.1223101299225041
STN003,02/08/2024 18:45,63.276516049017594,7.070707359670021,3.21348963735785,445.7992052685642,0.5,0.8867136707426853
STN003,02/08/2024 19:00,64.16459434212348,7.183382112045342,2.2549320191268785,469.7055118091972,0.5,1.1766883578195404
STN003,02/08/2024 19:15,66.40751358171991,6.849577386059483,2.685079758223659,430.278431492369,2.0,0.3004430945510829
STN003,02/08/2024 19:30,78.65708324483137,6.846228363041149,2.808485527603457,435.1983149841669,2.0,0.3657029280483116
STN003,02/08/2024 19:45,79.38161036452196,7.174977139548387,1.1475727738863184,404.23483637335,2.0,0.4528156917797397
STN003,02/08/2024 20:00,67.23710498473473,6.913823943962036,5.403226258684826,548.0241709640197,1.0,0.7930821476386147
STN003,02/08/2024 20:15,61.152388508203785,7.093924903342096,2.106469867738082,465.9984543926152,0.5,0.9765414714440412
STN003,02/08/2024 20:30,56.739778541826674,6.68247521336999,3.073432280166302,509.71029740425314,0.2,0.3126481642392928
STN003,02/08/2024 20:45,74.15887881149871,7.333144973616063,3.1579738102319075,471.3243257271683,1.0,1.4088031704770656
STN003,02/08/2024 21:00,76.55526695213894,6.810522270193191,0.5659469201620813,365.5306442672285,2.0,0.4861032408001629
STN003,02/08/2024 21:15,58.52091627700179,7.286819845675951,3.316860002108879,418.7251411575356,1.0,0.0161385454033674
STN003,02/08/2024 21:30,55.1218616370777,6.969640781677313,1.3789454368952077,478.7263304851039,2.0,0.3007070159097995
STN003,02/08/2024 21:45,74.31286048100162,6.8074235571542445,2.370495332234083,462.0848663808943,0.5,0.0484246226819622
STN003,02/08/2024 22:00,78.64149792748051,7.041382231996207,3.694907871706953,488.6234742673129,0.5,0.6664206839861898
STN003,02/08/2024 22:15,55.32615492687131,6.979419275639965,0.7364806761330573,356.7683240794721,2.0,0.0432204021381361
STN003,02/08/2024 22:30,56.83888890585178,6.977137257588591,7.169171935446307,528.2225364865019,1.0,0.9773865360496908
STN003,02/08/2024 22:45,57.85986370517331,7.418513907919693,2.1785925285656416,469.8802552782563,2.0,1.1538626235632226
STN003,02/08/2024 23:00,60.03725850489054,6.63801716451229,2.450089441273188,485.7883751774137,1.0,0.3877855597917332
STN003,02/08/2024 23:15,58.78271861534994,6.850953498143928,7.253073214608779,574.9220465890835,0.5,0.3787302815601551
STN003,02/08/2024 23:30,56.84173080161539,7.080713181869053,4.722343212330796,525.5091595440615,0.5,1.0315104327535365
STN003,02/08/2024 23:45,55.4828516853963,7.017546272866267,1.37788294480577,468.5979668377044,2.0,1.2430625830537934
STN003,03/08/2024 00:00,70.09705615307749,7.089472839893062,3.713489506469794,447.37264614113695,0.5,0.2350264304458216
STN003,03/08/2024 00:15,79.86400416191051,6.957439776992806,5.346780054399855,504.681483958866,0.2,0.1372629244409202
STN003,03/08/2024 00:30,61.057058592239464,7.107101565923505,7.53487249499947,557.5825386864487,0.5,0.4143326627676364
STN003,03/08/2024 00:45,62.68748548911896,6.851933573028266,5.446837405610564,490.58742169927854,0.5,0.2529606707192818
STN003,03/08/2024 01:00,76.85498111066134,7.395534111594543,5.504225169491319,557.902725935242,0.0,0.575010413560434
STN003,03/08/2024 01:15,76.82760041386254,6.8724419416192575,3.5043138756266954,452.3091996812094,1.0,0.435638651842628
STN003,03/08/2024 01:30,67.56320660717999,6.685138089464648,3.69022614945062,561.7938122071118,0.2,0.1212595584975101
STN003,03/08/2024 01:45,69.11403004862417,6.581460486704062,3.8491176560185982,511.548667945611,0.5,0.3999616416470071
STN003,03/08/2024 02:00,72.05850545786302,6.987125379685161,2.1038913813982982,452.55186050678486,2.0,0.3597460819345856
STN003,03/08/2024 02:15,76.06690672487524,6.923874139269442,2.2472629330114504,492.2102697298842,0.5,0.2998738966826215
STN003,03/08/2024 02:30,68.34107301503188,6.73644497393061,0.626056467820553,395.807673542914,2.0,0.0642886067844448
STN003,03/08/2024 02:45,64.6528789311554,6.8334012152397525,6.103113985834128,474.7130428601118,0.5,0.2441391827173088
STN003,03/08/2024 03:00,59.830416536312,7.06386764137129,1.4995706555078427,448.74892454328034,2.0,0.8910755148609093
STN003,03/08/2024 03:15,65.75744582096719,6.714480870525835,3.607498743675564,469.0315236519984,0.2,0.2952270964588157
STN003,03/08/2024 03:30,72.53062530876488,7.256651967283638,2.886362163521199,427.5839767869797,0.0,0.4757165201373284
STN003,03/08/2024 03:45,56.313136790986576,6.749758070230199,0.5545863607398344,439.0492613559956,2.0,0.4820286211411222
STN003,03/08/2024 04:00,60.99451060106056,6.924837983843327,6.232448690501665,526.6224171050347,1.0,0.4443352860123222
STN003,03/08/2024 04:15,62.841292741529074,7.217491753859815,3.1783169269317115,494.51892655312827,0.2,0.0297833002203462
STN003,03/08/2024 04:30,77.96848644281559,6.795985442604526,1.8746071818187116,437.6705067557879,2.0,1.0696306961355837
STN003,03/08/2024 04:45,68.19944181594678,6.5,3.4531135441221883,494.4400691519169,0.5,0.2877619752032203
STN003,03/08/2024 05:00,76.99139313829929,7.371584400518254,2.9497267545725725,425.8149320869385,2.0,0.4780497520174211
STN003,03/08/2024 05:15,74.94086131474245,6.764664418516906,4.9207889537839575,531.7590093225781,0.5,1.2740282141629458
STN003,03/08/2024 05:30,62.86043078165832,6.785058659687028,4.7403593851277925,496.90848308370505,0.5,1.083001752989648
STN003,03/08/2024 05:45,70.7745463071221,7.0727680860303765,6.626226719098413,527.514835369838,0.5,0.2624115693717051
STN003,03/08/2024 06:00,69.33311071544819,6.877210230960066,3.807155883404781,497.7392572589357,0.5,1.0153419960549468
STN003,03/08/2024 06:15,57.09428903849275,6.556246109211624,3.186818359832972,467.1097750783174,0.5,0.060603902851936
STN003,03/08/2024 06:30,72.31860749629442,7.024154731770829,7.118934934171931,496.7042130275631,0.5,0.0814272976730102
STN003,03/08/2024 06:45,76.69371615944901,6.5,2.2313398167044167,414.9338096636396,0.0,0.0840700558847322
STN003,03/08/2024 07:00,62.80695403567352,6.869558332489616,4.221979668110473,538.4731522988586,0.2,0.0960965320146925
STN003,03/08/2024 07:15,76.53101657662101,7.043790948619796,7.442886770221332,569.6149119181534,0.2,1.4621229038642232
STN003,03/08/2024 07:30,62.82626739737549,6.744834239151961,1.6194439184020777,479.0774127536046,2.0,0.1959410215418346
STN003,03/08/2024 07:45,59.35246289260537,6.799009816199961,5.341180459070687,472.012806504868,0.5,0.0572508184168525
STN003,03/08/2024 08:00,76.03234291393773,6.571535960317695,2.282906548637337,438.3356315707404,1.0,0.308171092302367
STN003,03/08/2024 08:15,59.9922885879965,6.8438488946847285,0.5181179032497247,393.7764982700987,2.0,0.9739274031846864
STN003,03/08/2024 08:30,78.24400932084721,6.5695879679631,3.063616655751709,449.97456001794,1.0,0.0610548831403188
STN003,03/08/2024 08:45,75.89643417660501,6.84295242707139,2.911080432024572,459.619060545271,2.0,0.4674896238983231
STN003,03/08/2024 09:00,63.55783999114004,6.794391245190196,7.8715980189759795,548.421381554081,0.5,0.2468619357245782
STN003,03/08/2024 09:15,79.12604589735516,6.5,4.241791836293805,459.9279174720565,0.2,0.1468047512751653
STN003,03/08/2024 09:30,56.91720449742577,6.695649298865577,4.0137277308092285,477.392216440992,0.5,0.0973391916554852
STN003,03/08/2024 09:45,76.70176736312338,6.820640987037782,3.903098608022935,399.8986192722898,0.5,0.4764458541881581
STN003,03/08/2024 10:00,56.12162665845553,7.092327282813266,1.6027815056194572,445.0665987123736,2.0,1.3842206276307911
STN003,03/08/2024 10:15,67.54153645462067,6.968814468268705,2.6138373430132527,405.60578830503056,0.5,0.0387813042870431
STN003,03/08/2024 10:30,73.23368319031283,6.70739234285291,7.860352614196827,513.2518405159694,0.2,0.284504211072617
STN003,03/08/2024 10:45,68.32629772106775,6.8740671208518735,3.6377838181633217,470.1979647788524,1.0,0.5069633490482385
STN003,03/08/2024 11:00,64.5150475758434,7.004509701906318,6.874404160464485,519.3019731140179,0.5,0.0643124052976723
STN003,03/08/2024 11:15,76.61102151590603,6.926514877401893,3.936426027769778,464.4947810800667,0.2,0.1362634220963298
STN003,03/08/2024 11:30,73.15848339433686,6.834460405733178,4.834467414964258,467.47209023594905,0.5,0.1929961881905573
STN003,03/08/2024 11:45,55.05073680730522,6.632173151176721,1.5873511852353506,385.4054272710549,2.0,0.265997516574196
STN003,03/08/2024 12:00,55.10678721631137,6.5,1.2388529800105978,433.878125370101,2.0,0.0109307807304705
STN003,03/08/2024 12:15,59.531179428978234,6.7189491155425785,5.47838044919693,497.11115246225046,0.5,0.4502500580054646
STN003,03/08/2024 12:30,67.24786106164639,6.58382777818544,5.324004774721219,556.4824583322911,0.5,0.0069798886902118
STN003,03/08/2024 12:45,79.96499302648726,7.002550672153947,5.875641391158185,479.2749904444212,0.0,0.3523927124466096
STN003,03/08/2024 13:00,61.765267396909124,6.820373083491407,6.30410003510039,576.3356350483738,0.5,0.4881685951217048
STN003,03/08/2024 13:15,71.67704381338673,6.664653994902409,5.728652081398674,513.7073474800975,1.0,0.05939375747621
STN003,03/08/2024 13:30,62.15267285490855,6.842971744076187,3.23102758753092,484.6488297629971,0.5,0.1864697590507602
STN003,03/08/2024 13:45,68.93969263611432,6.953280693253425,7.782286420365122,567.4182185902924,0.2,0.2053185826667324
STN003,03/08/2024 14:00,61.70063636462599,6.821471360053099,2.9727919771478937,497.8199363307067,2.0,0.4371938194830466
STN003,03/08/2024 14:15,63.68893746440172,6.707170132908664,0.502328561350623,412.7362797998802,2.0,0.320800129622513
STN003,03/08/2024 14:30,59.93489595664435,7.60031238298377,2.307796412458786,459.1037396357224,1.0,0.476414315440709
STN003,03/08/2024 14:45,60.17769865663105,7.598371502515635,4.695758366650435,488.3080414360295,0.2,1.2743609073801252
STN003,03/08/2024 15:00,71.6942618717498,7.114556123854692,2.8103207996947366,465.7905395839019,0.2,0.4024182724596588
STN003,03/08/2024 15:15,66.63248680571644,6.961872920693438,7.047300916849768,586.9062888040713,0.2,0.4550897537483717
STN003,03/08/2024 15:30,57.24339029210526,7.11059077554689,5.916547332792845,533.5551603199157,1.0,0.1993686121364543
STN003,03/08/2024 15:45,78.67975382801092,6.5,5.127784207404061,510.1177357458079,0.2,0.132354304554024
STN003,03/08/2024 16:00,55.77716962676001,7.438909152855399,1.511538085781506,417.0837704122808,2.0,0.4751132228679426
STN003,03/08/2024 16:15,57.247687824229466,6.971029970993309,2.016939486719761,459.3582781027699,2.0,0.4093869494171606
STN003,03/08/2024 16:30,55.49041801304221,6.740520734888768,7.850743202251622,534.1470410182576,0.5,0.1869983939122562
STN003,03/08/2024 16:45,72.87601028293969,6.909105116276453,6.479257140527731,523.2560870823273,0.5,0.4769910151288479
STN003,03/08/2024 17:00,61.90328978391349,7.110825265784504,2.8262244583372533,403.4188885182711,1.0,0.1075504055260809
STN003,03/08/2024 17:15,61.98335179767616,6.5,0.7258378646735153,416.5421101249056,2.0,0.0825852629207726
STN003,03/08/2024 17:30,77.02210519108345,7.004649577463107,1.0882833691482308,402.50112170977775,2.0,0.4180996828171511
STN003,03/08/2024 17:45,55.17649196747237,6.881959732178025,5.388320036180312,501.07689461505424,0.0,0.0434977430732396
STN003,03/08/2024 18:00,63.8106793873961,7.007336217712078,2.91062294051075,493.65834074995786,0.2,0.1964266733403664
STN003,03/08/2024 18:15,78.92173876176928,6.706182193939849,7.6082808387127265,522.4223119704903,1.0,0.198782711458048
STN003,03/08/2024 18:30,75.8032819785852,6.911473692276525,7.617885282203847,578.6658148538392,1.0,0.3651773472228787
STN003,03/08/2024 18:45,74.3980421584245,6.92203853477978,6.674409800031065,576.8588691706947,0.2,0.3340313062718933
STN003,03/08/2024 19:00,71.10412738570633,7.000434996642125,2.1993489236290724,448.880583844417,0.5,0.4099969983377378
STN003,03/08/2024 19:15,68.0387202478594,7.262336003927838,7.554278161673896,484.5412588403407,1.0,0.9359712141379416
STN003,03/08/2024 19:30,63.06583037951704,7.408627839496916,3.845001773961888,475.8496616946364,0.2,0.8602002715291501
STN003,03/08/2024 19:45,74.90925134581447,7.922100531062807,1.5000643415206931,410.0490185367752,2.0,0.095112368707162
STN003,03/08/2024 20:00,57.1679947344054,7.032981845643307,6.931525938482554,503.9791825174475,0.0,0.7597149489616073
STN003,03/08/2024 20:15,66.4777778988794,7.379672052623631,4.729573088893716,499.0220870705208,1.0,0.4953065211293208
STN003,03/08/2024 20:30,67.75241052560763,6.9445225251982,7.830748413547791,534.8036903072338,1.0,0.0794400162406145
STN003,03/08/2024 20:45,58.44899061811624,6.583478574268698,2.092642296880165,477.4525293803889,0.5,1.2759247688879525
STN003,03/08/2024 21:00,75.4102123088707,6.690756820774473,5.897089409704212,536.66413761411,1.0,0.0730518832462605
STN003,03/08/2024 21:15,73.8655534296527,6.903103327157979,2.870720199340044,470.6827076065317,1.0,0.1263452768428283
STN003,03/08/2024 21:30,69.48645192848741,6.588768386745223,1.080941598176336,427.8258124816532,2.0,0.2766920351536194
STN003,03/08/2024 21:45,78.05156035076389,6.839754528747222,4.833293872839872,483.1444148483248,0.5,0.0478938966343468
STN003,03/08/2024 22:00,65.05149104380021,6.5,7.676577176907614,517.2559727772432,1.0,0.0384697919963734
STN003,03/08/2024 22:15,78.87517759066938,7.3909267888952765,6.87723556295612,548.5198327181039,1.0,1.236119854075128
STN003,03/08/2024 22:30,62.28003129294348,7.099606741310833,2.2548451263677425,442.5968372408656,0.5,0.06846882915101
STN003,03/08/2024 22:45,77.6717370883798,6.9688519352958105,0.4053983007279819,343.0642773777191,2.0,0.1613586198764
STN003,03/08/2024 23:00,73.3831513768899,6.700751813884342,4.711931990952838,510.2307491122465,0.0,0.596333239245092
STN003,03/08/2024 23:15,56.59518755058423,6.5,7.711353499413651,535.9493138693272,0.2,0.0670870082171976
STN003,03/08/2024 23:30,69.10637723179362,6.703168519195661,4.250812641548508,484.2423493735308,0.5,0.1763871217942466
STN003,03/08/2024 23:45,75.170986414605,6.571335502740164,4.291000681969956,470.7782271271562,0.2,0.2564528021511671
STN003,04/08/2024 00:00,77.69004909276553,7.134392791481442,2.614566572509444,440.6233012112343,2.0,1.3526386597416231
STN003,04/08/2024 00:15,59.261719578574976,6.784784500029739,3.820333876074695,414.9086570202403,1.0,0.041225697415144
STN003,04/08/2024 00:30,70.4920425658343,6.86116482271724,2.5841851409564627,469.02976782583255,0.5,0.4493943170947034
STN003,04/08/2024 00:45,55.96915102977757,6.91587595302715,2.9839030820556,444.14504898007215,2.0,0.0760563943484061
STN003,04/08/2024 01:00,67.06929412717226,7.07424288439484,3.497597906657545,448.6072665620358,0.5,0.0811026468199149
STN003,04/08/2024 01:15,71.32323769902976,6.694148042349901,4.214357428924257,498.0363745186377,0.5,0.1110045639733141
STN003,04/08/2024 01:30,71.19855694156195,7.055730988647318,7.904551600427705,560.7113979168978,0.0,0.3308984164870163
STN003,04/08/2024 01:45,78.09681599245053,6.651731758687066,5.496882018876695,507.6631484628475,0.5,0.4487382631838162
STN003,04/08/2024 02:00,74.4453236218474,7.06958458867422,2.814269305551748,435.2828115305613,0.2,1.2356291179297896
STN003,04/08/2024 02:15,69.41444403376106,7.066580345477878,6.018311934064076,476.2228283202369,1.0,0.2283911264948913
STN003,04/08/2024 02:30,58.884001545252026,7.113875099681816,7.815605748382174,523.2178696260938,0.5,0.4612333555510456
STN003,04/08/2024 02:45,73.44672790778033,6.927926205729851,7.20933404446735,541.5832091492914,0.5,0.1318322066473364
STN003,04/08/2024 03:00,62.40408900014223,7.129475012883474,2.2842535688353443,427.9221864427652,0.5,1.0061499690678666
STN003,04/08/2024 03:15,66.78966681938992,7.343096380565791,2.452350035393443,542.2539848107176,0.2,0.1776512846594587
STN003,04/08/2024 03:30,76.84970945267374,7.163832399351785,0.5746187677479606,410.7121678671492,2.0,1.119951246087457
STN003,04/08/2024 03:45,77.86214150057752,7.094856735686675,6.666124966530735,498.1616236028891,0.0,1.1299723331590803
STN003,04/08/2024 04:00,77.34089789481948,6.5,0.7352227355385668,446.105859414845,2.0,0.466466510326617
STN003,04/08/2024 04:15,70.65086969399664,7.103357302571459,2.605790681428403,440.1915420119846,0.5,0.0758509548407565
STN003,04/08/2024 04:30,73.36970150668067,6.859607326203268,6.69559818768292,523.3439606468913,1.0,0.3620222797613747
STN003,04/08/2024 04:45,69.12325207222194,6.5,5.630643999981592,485.8292877502443,0.5,0.6654714653597047
STN003,04/08/2024 05:00,74.14539486532198,6.8792431071961495,2.5960850436278173,431.7688781519372,2.0,0.4664260468040762
STN003,04/08/2024 05:15,60.4767783487754,6.521885603422662,5.506565426828474,512.1150603722647,0.2,0.3617249454792825
STN003,04/08/2024 05:30,67.92034918157495,6.975903822438834,7.435940717912104,560.5644429184973,0.5,0.1918277787252948
STN003,04/08/2024 05:45,57.054647308013,7.113891410487382,0.92220231629223,455.74198949113344,2.0,1.4701154839025543
STN003,04/08/2024 06:00,64.63380640485761,6.619116378384144,0.636193398570229,459.00846716977554,2.0,0.3036032156950294
STN003,04/08/2024 06:15,78.88499791649636,6.675055648266729,4.237570023278003,497.335046408212,0.5,0.0356480515895626
STN003,04/08/2024 06:30,75.16678308208898,6.81387335509862,0.2583706670225479,415.658071613164,2.0,1.413688580607501
STN003,04/08/2024 06:45,73.95154901041467,7.122997337173361,6.088244554455952,525.5514696890097,1.0,1.4077017751053469
STN003,04/08/2024 07:00,62.987267667997386,6.946367374805575,5.233372168522257,521.6338003811691,0.2,0.0704793637776534
STN003,04/08/2024 07:15,59.71760323569625,7.12914490790215,4.216674547809975,507.7478929805964,0.5,1.4399419392873651
STN003,04/08/2024 07:30,62.20630134284882,7.217340591189751,5.147066127037215,526.2137129971929,0.5,0.4181132074369686
STN003,04/08/2024 07:45,67.47168693956333,6.979398370699584,5.573523423702777,489.7516810626716,0.5,1.3462940092512063
STN003,04/08/2024 08:00,58.05362459571737,7.042454262430526,2.68149051777391,470.92618882154375,1.0,0.308161621072245
STN003,04/08/2024 08:15,72.78175182218772,7.0351538630749895,7.7874567353190045,551.8406547017138,0.5,0.0005521251778056
STN003,04/08/2024 08:30,68.09780206645561,6.8477235964791285,2.7536641190314533,457.1268863944951,0.0,0.1039613701246995
STN003,04/08/2024 08:45,74.9366315180895,6.604448565302656,2.0535666738520417,421.9791042238572,2.0,0.3801604309039543
STN003,04/08/2024 09:00,66.12855369045101,6.560180452736871,3.664758177546753,461.788762031864,0.2,0.4717213608731954
STN003,04/08/2024 09:15,68.02868146585284,7.795680725948818,1.9433139236936203,488.6230049061292,2.0,1.1944993772385426
STN003,04/08/2024 09:30,79.32653065331104,6.608767494731624,2.3788061538670666,496.908103731162,2.0,0.5423437691346855
STN003,04/08/2024 09:45,66.27609210903654,7.070331386211286,1.2537953528424486,446.8579161527353,2.0,0.2537815707105407
STN003,04/08/2024 10:00,61.34560136379492,7.234463830318796,2.494437393262935,422.9737686681884,2.0,1.0946910883673753
STN003,04/08/2024 10:15,64.87943300042065,7.417503944982596,4.191347806045675,439.7353141796712,0.2,0.2825220016556361
STN003,04/08/2024 10:30,69.54327324997196,6.906636850281168,5.063191920361327,448.73495990198165,0.5,0.7174132917842533
STN003,04/08/2024 10:45,72.63239266801354,6.503821202784089,2.038563339717692,463.79510586065686,0.2,0.1455727803591481
STN003,04/08/2024 11:00,78.01366147149233,6.5,4.29781029419178,465.8618895060941,0.2,0.2053631591407845
STN003,04/08/2024 11:15,73.96125639217918,6.810305723975823,4.6565044891514695,465.02813523014646,1.0,0.0498659680311504
STN003,04/08/2024 11:30,60.60133248022382,6.947638554151026,7.874037117691372,559.7130432521086,0.0,1.1740543784949466
STN003,04/08/2024 11:45,71.57115433242961,7.083387560942473,0.836622641955977,415.24462059249663,2.0,0.405573481812402
STN003,04/08/2024 12:00,62.37163868131937,6.780852346822663,0.7285716484490428,420.0095980125872,2.0,0.1510656238928128
STN003,04/08/2024 12:15,65.66838773784,6.905942597188935,3.823653764057593,454.6341614869068,0.5,0.0594079003261413
STN003,04/08/2024 12:30,78.07877650940047,6.636759093916839,5.457529788348639,496.3399049880269,0.5,0.1697014901561054
STN003,04/08/2024 12:45,72.83745892266556,7.318294681788901,6.998247806052116,529.0509969095749,0.5,0.0515153003876627
STN003,04/08/2024 13:00,79.5434322991457,7.164269306112825,1.0858921216072808,486.51012985535294,2.0,0.2029451075372309
STN003,04/08/2024 13:15,56.0309753798115,6.987764156396617,7.299585340886735,544.0249890191799,1.0,0.3530253785081789
STN003,04/08/2024 13:30,60.76830767872646,6.5,3.3692270017030443,493.7051619839315,0.2,0.2805349186388826
STN003,04/08/2024 13:45,71.08711500443489,6.913031662696873,4.275526348002339,523.5845080533795,0.5,0.4588602412869406
STN003,04/08/2024 14:00,65.15693338021312,6.8348717419368095,4.299345217067452,470.3069655021882,0.5,0.1798547630340599
STN003,04/08/2024 14:15,70.6955682531045,7.102279122308133,1.9414349527100057,460.6850556143988,2.0,0.2389379057609237
STN003,04/08/2024 14:30,62.07643116402007,7.505230798145982,5.494665061885557,533.9741678881891,0.2,1.2234592445031989
STN003,04/08/2024 14:45,74.94305162822712,7.119332447378658,7.848865547031243,555.0018466647992,0.0,0.0099893702404004
STN003,04/08/2024 15:00,62.60601522103184,7.1643402643066425,1.0087944569464962,427.0439589376407,2.0,0.4230400268851014
STN003,04/08/2024 15:15,57.86575928609989,6.965851084169811,1.8109369267018651,451.2604227530106,2.0,0.3497777290004157
STN003,04/08/2024 15:30,61.14683962452028,6.5,1.689509258901704,436.5586224540267,2.0,0.0048984966102173
STN003,04/08/2024 15:45,66.87631934660035,6.914656954772722,7.278628580482686,533.9161464821254,0.5,0.0862006855397434
STN003,04/08/2024 16:00,72.92370176733587,6.711842355298054,6.489321858162713,533.0247487564156,1.0,0.674705156640766
STN003,04/08/2024 16:15,71.9847587102904,7.174730263437695,2.777285089951585,453.0300550186307,0.5,0.2789027306622224
STN003,04/08/2024 16:30,68.7369025134434,6.777453365009243,4.462892834462413,515.1087935105797,0.0,0.1063290505002193
STN003,04/08/2024 16:45,69.36554226277514,6.906611531937264,5.358663458492847,465.4967217114283,0.5,0.0843619671689671
STN003,04/08/2024 17:00,77.16517377791104,7.069937893497364,2.673298128794493,440.4899128590927,0.0,0.224562400857074
STN003,04/08/2024 17:15,60.38234630205041,7.038224679397984,4.4537965252097225,495.4190741513642,0.5,0.6280791091186171
STN003,04/08/2024 17:30,77.22770896699458,7.205602194315898,2.065817729579972,465.3049425147553,2.0,0.8558582545856277
STN003,04/08/2024 17:45,72.00769721799111,6.74871047373765,4.14815861721347,495.6101848565594,0.5,0.3964303079063109
STN003,04/08/2024 18:00,70.71830174708087,6.893600125061752,0.304624655701556,408.2659781750386,2.0,0.4181743556542729
STN003,04/08/2024 18:15,77.75649328825105,6.875184252055735,7.608662806580505,522.9459530896788,0.2,0.1214268148960881
STN003,04/08/2024 18:30,60.664628699695356,6.984470149064277,6.529788861659117,547.2209895924557,0.5,0.426066110032913
STN003,04/08/2024 18:45,57.4511002929981,7.058618006104705,3.1193667037727204,481.55830677596265,1.0,0.0926976431598869
STN003,04/08/2024 19:00,72.7064031891829,6.821947609027092,7.194299183406374,482.80392967889327,1.0,0.1827374359973859
STN003,04/08/2024 19:15,60.08788065563828,6.971743498261434,7.912113904030017,557.1279554134115,0.5,0.452066917890226
STN003,04/08/2024 19:30,61.69202096987162,6.991497738183583,2.4377209739240087,394.8286090719552,2.0,0.4539127778191368
STN003,04/08/2024 19:45,61.57108843416977,6.5,3.6370957193348032,438.8580359788592,0.0,0.0440016057097669
STN003,04/08/2024 20:00,55.90964835397673,7.402580120432456,1.3170791681459428,430.7280460883889,2.0,1.232466440454728
STN003,04/08/2024 20:15,69.5321841324394,7.128532000474619,2.3034978336606358,436.5238190865933,0.2,0.1734977388569956
STN003,04/08/2024 20:30,62.88699076461306,6.672202271494145,0.2886953324661474,410.7302352105408,2.0,0.20929501543216
STN003,04/08/2024 20:45,56.29696534545591,7.41549530086981,3.7508350825048025,500.0683231205522,0.5,0.0703800064649629
STN003,04/08/2024 21:00,59.34605178898691,6.980736414232161,0.6788073269615217,442.2189849437647,2.0,0.4037255753245252
STN003,04/08/2024 21:15,61.988075071402456,6.906800235414653,7.4368385032128765,529.7687503250481,1.0,0.7489205547653097
STN003,04/08/2024 21:30,55.3898487607863,6.814172217402767,6.998027750817116,558.980349648409,0.2,0.1632727012421123
STN003,04/08/2024 21:45,66.31190939259884,6.583860016536543,2.262072970296245,444.1083298421108,2.0,0.2314210503590105
STN003,04/08/2024 22:00,79.71522416179118,6.5,5.011403217866562,441.91758471659,0.2,0.141321766269837
STN003,04/08/2024 22:15,63.33641869530824,6.70187558030691,2.661774807223604,443.2469042579278,0.2,0.104165094891954
STN003,04/08/2024 22:30,56.62822052842979,7.094753539751885,2.7818289713296456,400.4902424978797,2.0,0.1434107858998052
STN003,04/08/2024 22:45,79.4944017581015,6.8781682147826375,6.223959908689305,554.8770817563134,0.2,0.1530727732432119
STN003,04/08/2024 23:00,78.02979975724524,6.741761692506489,7.387492478171872,500.147719563843,0.2,0.297259155806743
STN003,04/08/2024 23:15,65.40109512217816,7.210957411419483,2.3517728581559942,495.96679372746064,0.5,0.501937481592375
STN003,04/08/2024 23:30,63.58395744450159,6.5,0.9015553852602582,397.5235866410723,2.0,0.2688538945530447
STN003,04/08/2024 23:45,79.43265394410912,6.767907904369125,7.383415400343463,552.542149313818,0.2,0.4894661997313871
STN003,05/08/2024 00:00,76.28340321776693,6.933645510669782,3.6208711643732014,509.6883029634219,0.5,1.1975554734282294
STN003,05/08/2024 00:15,75.10081420819009,6.639426908340562,6.521839229998203,522.9562415220119,1.0,0.0235856894376984
STN003,05/08/2024 00:30,57.871740011060325,7.27102173343609,0.5953805713724805,418.9324430789026,2.0,0.1080621292156423
STN003,05/08/2024 00:45,75.09833861598953,7.118109929158557,0.3393901243872571,433.6310118321692,2.0,0.0607818934335259
STN003,05/08/2024 01:00,78.21655064544795,6.772967660799082,3.326552347016593,464.52833567574015,1.0,0.172238037200737
STN003,05/08/2024 01:15,79.79201559582837,7.073557475862881,4.461927511251897,467.8608560122564,1.0,1.1122924932187572
STN003,05/08/2024 01:30,68.76621206215484,7.090781013825624,5.898797138792125,484.880247771074,0.5,0.2913687504473118
STN003,05/08/2024 01:45,71.30275633170379,6.5,5.001579146720985,526.1482764589093,0.2,0.0704073715967023
STN003,05/08/2024 02:00,62.03533803936621,6.571210041217566,6.439941001867648,544.1322729802388,1.0,0.2163405442995475
STN003,05/08/2024 02:15,69.5102351965339,7.416929980486577,0.4487060276596166,379.7007975181669,2.0,0.4835491386215001
STN003,05/08/2024 02:30,66.55237483190407,6.659521557623997,7.571182188792018,499.37025283797567,1.0,0.4102662504521663
STN003,05/08/2024 02:45,56.5765711136473,6.5,4.684517612115392,479.60766050094185,0.0,0.3746361775628034
STN003,05/08/2024 03:00,75.37684164450769,6.826435578290251,5.8886169751378015,466.8232959228159,0.5,0.486119808656993
STN003,05/08/2024 03:15,78.47595644300227,6.998932257934992,3.3907515681066003,512.6820872836611,1.0,1.3430475477826074
STN003,05/08/2024 03:30,68.51941443772063,6.670375026742603,7.747408054420772,549.8462188301938,1.0,0.3565720476372099
STN003,05/08/2024 03:45,76.48333469906758,7.048693198304956,2.62154300081271,444.4050467407207,1.0,0.7988983243152787
STN003,05/08/2024 04:00,76.22266844857005,6.5,2.0353900280181803,428.8977456593437,0.5,0.292301141400618
STN003,05/08/2024 04:15,78.79049184257757,6.895352345534977,3.5963886277403656,402.3490444930535,0.2,0.2794453026790956
STN003,05/08/2024 04:30,56.91921390617482,6.76032101686649,2.724683480902964,491.7173169616796,2.0,0.0500058252922255
STN003,05/08/2024 04:45,57.793176643440624,6.649694549643091,7.844161488452524,529.1146598511798,1.0,0.171896869632029
STN003,05/08/2024 05:00,66.95230500141476,6.8008774002828165,3.604734025622424,459.7524123568277,0.2,0.4133941450599526
STN003,05/08/2024 05:15,56.54794240269132,7.116032569310223,3.670826083309228,475.1437972791289,0.5,0.2786881891275347
STN003,05/08/2024 05:30,69.42859048612468,7.328738000447562,1.2919883974098276,442.76223589447306,2.0,0.9025170552893418
STN003,05/08/2024 05:45,57.040317667746095,6.963593572858052,1.5453310923738863,459.9667212676092,2.0,0.4083989581884347
STN003,05/08/2024 06:00,70.8487688113695,7.017531284817157,2.9766900372480523,476.9573253083518,0.5,0.0679825675096804
STN003,05/08/2024 06:15,63.443649095936664,6.737527828517882,4.23466656734195,480.3988880681314,0.0,0.2080615677721992
STN003,05/08/2024 06:30,67.30005706005562,6.624521301632361,4.491482441736423,484.6565876555986,0.0,0.4988435975048651
STN003,05/08/2024 06:45,62.605703593405394,6.553891940283007,2.1579423475442168,411.9820057078127,0.2,0.2284573595403273
STN003,05/08/2024 07:00,56.386816537547894,7.527438261511421,6.517274613819524,495.4373328258512,1.0,0.4567021933499118
STN003,05/08/2024 07:15,70.92071944028056,6.623734124373072,3.39469044998311,462.9707544794931,0.5,0.4252595822667767
STN003,05/08/2024 07:30,63.740236837769245,7.065701658873131,7.806195144246154,604.7708266181598,1.0,1.2205569046858402
STN003,05/08/2024 07:45,78.60268990365552,6.859576975273684,6.998277440773125,540.1230076076349,1.0,0.3498340938585541
STN003,05/08/2024 08:00,57.84315768588469,7.563181186362672,7.620933100497064,571.0390407000473,0.0,0.2165933505285483
STN003,05/08/2024 08:15,60.298966565524964,7.186635351801008,2.559443622827987,466.51611232724514,0.2,0.3339226271259992
STN003,05/08/2024 08:30,60.66764463133027,6.550219699695356,7.91369567054741,555.7139544434884,0.5,0.3823637024552304
STN003,05/08/2024 08:45,56.936536565698205,6.892473311885698,5.035890602694727,476.1426671031708,0.2,0.3907971654193375
STN003,05/08/2024 09:00,65.67006510224826,6.920733690247178,5.071836636294874,483.1273643822008,0.0,0.118730331725348
STN003,05/08/2024 09:15,76.30986994724363,7.10341149863184,7.642566719648155,539.4470530350303,1.0,0.0134790109213925
STN003,05/08/2024 09:30,70.60256474899788,7.2435991414339,2.817896021251625,480.44978825579824,2.0,0.1313903785203679
STN003,05/08/2024 09:45,79.77800959196773,6.636678910982218,6.954449508667945,504.373863048959,1.0,0.2025055650706813
STN003,05/08/2024 10:00,72.71131562852864,6.756687984484576,2.8142807481556207,474.0150832053761,2.0,0.8743689724835522
STN003,05/08/2024 10:15,77.70388053844088,6.967535561488708,5.203020181899593,517.2790140574326,1.0,0.2424538675148825
STN003,05/08/2024 10:30,75.97163252319137,6.757811260106652,3.539685560112707,484.1480497073182,1.0,0.2405979515403501
STN003,05/08/2024 10:45,73.13186524551195,6.586581298256719,6.151959667395759,518.7594333835693,0.2,0.4369743268698108
STN003,05/08/2024 11:00,77.63802332501206,6.651356975732583,2.3243052482615743,453.145634931714,2.0,0.3955137091412547
STN003,05/08/2024 11:15,75.34039803146257,7.131991648971861,5.31840818338906,566.2473878372103,0.2,0.4732175097100169
STN003,05/08/2024 11:30,62.84141591184543,6.637332655713552,2.332381615006674,442.0069787192895,0.2,0.1184924626032983
STN003,05/08/2024 11:45,79.67529041751474,6.578522843062746,4.565106627903197,464.30733454751896,0.2,0.3336164967032577
STN003,05/08/2024 12:00,73.17941186249462,6.5,1.6115823497648376,397.3142474873438,2.0,0.143841880214242
STN003,05/08/2024 12:15,56.00325457153339,7.12310973984787,2.480644483566814,455.7854588016255,2.0,0.3506405250881784
STN003,05/08/2024 12:30,79.03676717428694,6.551021607837826,5.070705798689112,564.9647399435836,1.0,0.2726733684210217
STN003,05/08/2024 12:45,56.26646498089868,6.657708541154912,4.596553241308792,530.5367210935818,1.0,0.1021092088800906
STN003,05/08/2024 13:00,72.96122746372669,7.06335568966343,7.881865809817866,529.7667273720875,0.5,0.4767897557758112
STN003,05/08/2024 13:15,63.57541653336414,6.713137460805441,2.9820004904322417,452.4189483973216,2.0,1.4680839091482425
STN003,05/08/2024 13:30,55.345466629798686,6.956872465916127,6.243534293524382,508.3291084127038,1.0,0.4705075562846956
STN003,05/08/2024 13:45,64.88887190818345,6.75134435852731,1.37295917279748,423.30475044006914,2.0,0.2666665484669909
STN003,05/08/2024 14:00,55.53244741385086,7.040411343407728,5.982552693268468,578.6481359759539,0.5,0.6745661358926311
STN003,05/08/2024 14:15,56.81087143295216,7.09923204353758,2.881745570031709,446.499186111899,0.5,1.2180652060014705
STN003,05/08/2024 14:30,72.4530610571276,7.453560785220791,2.080730336093497,473.9542219356686,2.0,0.4156754445416703
STN003,05/08/2024 14:45,69.02843261813311,6.5,3.914034907451506,502.259199048001,0.2,0.0543580290961174
STN003,05/08/2024 15:00,55.59129828820378,6.891076446725082,0.6964002345370299,440.1616323593466,2.0,0.1612611317965984
STN003,05/08/2024 15:15,64.46966120521752,6.698702613981038,2.1123529038479174,451.8694482078959,0.5,0.0374021568348417
STN003,05/08/2024 15:30,56.28905680948965,6.653523643533486,1.7767719039669,437.6786067468262,2.0,0.3829087189275409
STN003,05/08/2024 15:45,57.69481063629281,7.086298178788865,6.279479477056762,513.9666655928816,0.5,1.1503060889763728
STN003,05/08/2024 16:00,65.33402839900245,6.530526894374346,6.242806510718261,530.8326660072678,1.0,0.2795931960797893
STN003,05/08/2024 16:15,78.09187038336682,6.5,2.4216028437932424,458.7156282025944,0.5,0.3151704580433718
STN003,05/08/2024 16:30,75.09959940627506,6.96304003193023,2.818996161097357,455.6595667021446,1.0,0.9507535778237703
STN003,05/08/2024 16:45,65.24801823076204,6.560862027215639,3.5180951259656643,418.2882717940293,0.5,0.1106557526928792
STN003,05/08/2024 17:00,62.17095458826584,6.7962641962588375,2.94906267657221,427.0442373276221,2.0,0.1338725661501779
STN003,05/08/2024 17:15,69.27104005290566,6.875911393993143,5.544972723202071,562.228163343257,1.0,0.4560473148869394
STN003,05/08/2024 17:30,67.7686452141283,6.908946457636616,5.191621947953352,482.7896593662112,0.2,0.3573506576800356
STN003,05/08/2024 17:45,62.27061711640131,6.969589578460885,1.6449236279859458,483.8591558243826,2.0,0.4085426664592432
STN003,05/08/2024 18:00,58.475007735678844,7.555911965858982,6.721681950432515,499.52288698670185,0.2,0.6168182267543246
STN003,05/08/2024 18:15,74.38861734569898,6.609145330739931,7.463048470810468,569.1886155499276,0.5,0.3298092076742662
STN003,05/08/2024 18:30,64.0540680249762,6.6834010074575,3.0014675865691114,469.4372284539733,0.2,1.1948072610750282
STN003,05/08/2024 18:45,58.16923120640167,6.842423464433566,1.3211173614257343,437.4041911780808,2.0,0.4244485470506766
STN003,05/08/2024 19:00,77.51340686245776,6.695188286551058,4.105018710598092,435.0678364682842,0.2,0.0496140719874072
STN003,05/08/2024 19:15,75.51695001173871,6.780264245873483,5.99966225719052,517.7298661464283,0.2,0.3372363880795491
STN003,05/08/2024 19:30,55.079128523901495,7.342894980700954,0.4936787903949288,446.5841394241902,2.0,1.2200243036117775
STN003,05/08/2024 19:45,64.30680924043523,6.870099673598246,1.0262521215813885,381.0132306668976,2.0,0.0857661117713834
STN003,05/08/2024 20:00,57.95418205426815,6.808155449830779,5.925284706175799,462.69195715538825,0.2,1.2649703622429886
STN003,05/08/2024 20:15,60.67015464766756,7.135807814157232,3.0601330300123784,442.6366128184089,1.0,0.4346543906457017
STN003,05/08/2024 20:30,65.1155319830505,6.860011066682291,0.8285946418864341,428.4400836891831,2.0,0.3004496248116485
STN003,05/08/2024 20:45,59.02956679876068,7.270971736298635,6.700383094453529,523.5885619362695,0.0,0.3904155437963342
STN003,05/08/2024 21:00,77.03108839182906,6.805599778602455,0.3541254121083158,385.881446753481,2.0,0.2157661607228069
STN003,05/08/2024 21:15,76.54583747706934,6.756446277053795,6.514964957011053,549.1251849774144,0.5,0.3395339398584005
STN003,05/08/2024 21:30,59.670833110132065,6.841859760660561,7.63394926342621,597.286008768661,1.0,0.5677496130410546
STN003,05/08/2024 21:45,74.24019338614218,6.5,5.803151482714929,555.7237546371414,0.5,0.4397863807656352
STN003,05/08/2024 22:00,79.01802513086116,6.760168936123529,2.6773679946365387,456.2508716587461,1.0,0.3128291402735091
STN003,05/08/2024 22:15,70.23701289920339,6.908841308369801,3.834875901273953,420.9216489338111,0.0,0.2113816602635987
STN003,05/08/2024 22:30,55.21433719606097,6.86491307744645,2.2813351188121205,425.6176674944738,1.0,0.4102804707786058
STN003,05/08/2024 22:45,57.75790858511509,7.076999826704335,7.971940015277733,583.1117847770296,0.0,0.1370347874737172
STN003,05/08/2024 23:00,65.31579033863753,6.617384977197764,2.616710021812003,492.3428209561921,0.5,0.1777461198534567
STN003,05/08/2024 23:15,67.7557907271223,6.5,6.1617633854739005,497.2953707300565,0.2,0.3464601083450114
STN003,05/08/2024 23:30,56.89888078457541,6.5,0.3679828141994799,400.58280765272167,2.0,0.4637419898868513
STN003,05/08/2024 23:45,64.77360276293072,6.986375600236756,3.1257296846258438,482.22942096447736,0.5,1.1203337961803013
STN003,06/08/2024 00:00,72.07966177863811,6.941152592701315,3.5298245508647765,436.3821479549153,0.5,0.4587945999207244
STN003,06/08/2024 00:15,75.66978103080186,6.69645540478156,7.472081223503839,552.4701789383131,0.5,0.2749774243079497
STN003,06/08/2024 00:30,64.75022634232197,7.218084143057179,3.154062964180586,479.8859561511904,1.0,0.3614889234794302
STN003,06/08/2024 00:45,72.25242669106893,7.250532352424347,3.866035248351813,475.6713671365857,0.5,0.9476893596472672
STN003,06/08/2024 01:00,67.90698667898934,6.875236647602718,7.652430827376094,499.872199132763,1.0,0.0442360851728095
STN003,06/08/2024 01:15,55.63367011730606,7.275686501797998,6.581607757926174,503.9108451342904,0.0,0.4854956334116982
STN003,06/08/2024 01:30,68.24064919067203,6.568575035620898,4.910125867354743,534.3815608304137,0.2,1.1263710824569284
STN003,06/08/2024 01:45,78.0357332461813,7.350384182888757,6.8167239813927685,565.7908103793933,0.5,1.3965190653289472
STN003,06/08/2024 02:00,56.596431355895604,7.150869705327552,1.3779872515052356,462.34223801176256,2.0,0.1118361591245354
STN003,06/08/2024 02:15,67.7587236594743,6.973379275425655,6.648360887221263,500.6136130886301,0.0,0.0263968127639911
STN003,06/08/2024 02:30,77.57860881455613,6.829831451181168,5.709956149555987,501.3516678284146,0.0,0.0871762908988016
STN003,06/08/2024 02:45,56.60445587273205,6.952519748351353,3.0203727064295443,481.2976949815584,0.2,0.4403674953354914
STN003,06/08/2024 03:00,71.57751090243625,7.244018921294899,7.519574043246833,561.876412855234,1.0,1.3894281502402832
STN003,06/08/2024 03:15,55.22542537479037,7.5285237814936385,3.247418533548246,432.9487992979588,0.5,0.710975727086324
STN003,06/08/2024 03:30,67.54453236822755,6.694200509520482,1.9165785468149048,437.1517157313088,2.0,0.2796379113198546
STN003,06/08/2024 03:45,72.22993877722,6.5,4.660598153027503,451.292114080653,0.0,0.2229206794382173
STN003,06/08/2024 04:00,66.64532433131386,6.767802433427864,7.067186315444983,490.5238505584932,0.2,0.2427449407773717
STN003,06/08/2024 04:15,75.78925864776652,7.051048398956857,6.869388193483453,516.87521790395,0.5,0.9377055630381612
STN003,06/08/2024 04:30,57.77974528278244,6.91920037755776,3.852359322126609,487.2960235164725,1.0,0.5027132973458368
STN003,06/08/2024 04:45,55.52162103134585,7.296315782305509,6.642392161820812,560.3422504348686,1.0,0.2661729636111549
STN003,06/08/2024 05:00,58.88631451731483,6.5,7.168249751904054,538.8817575240726,0.2,0.1837948667979481
STN003,06/08/2024 05:15,78.34526482456465,6.5,2.27560278139846,493.8454993027038,2.0,0.2339041365235509
STN003,06/08/2024 05:30,68.2753127591107,6.621185173066005,4.426959122571791,478.4466880211148,0.5,0.0275999250472744
STN003,06/08/2024 05:45,76.19671427932275,6.669320663813935,4.06601769910427,533.156131512594,1.0,0.1783445889973467
STN003,06/08/2024 06:00,69.95803918835574,6.736549680821211,4.179607584794503,488.4453172670853,0.5,0.4601401543373531
STN003,06/08/2024 06:15,60.40523502131327,6.931577963140382,2.537878136956924,443.654055435854,0.2,0.7964287042895231
STN003,06/08/2024 06:30,59.121478103411036,6.6637124357354285,1.347587038845349,435.39567717478633,2.0,0.2277744730148874
STN003,06/08/2024 06:45,66.08753875728556,7.546441532464954,1.6172946758945246,431.70996086858617,2.0,0.3667890930863045
STN003,06/08/2024 07:00,64.60773054199093,6.844789445302945,6.84574502941725,610.2811896271897,0.5,0.4458825005573449
STN003,06/08/2024 07:15,64.0999439297382,6.991568259733764,4.258101637296404,507.72753187757735,0.5,0.3065184056993688
STN003,06/08/2024 07:30,65.96286488422305,6.716326658474084,5.903744091381034,522.7587935866374,0.2,0.0412717678849846
STN003,06/08/2024 07:45,64.49854509595217,6.695328650576242,6.412655836134594,531.5165417879938,1.0,0.3674072352183267
STN003,06/08/2024 08:00,68.54943095779902,7.080298066580278,7.663079956596581,545.9929792506514,0.5,1.20524554109925
STN003,06/08/2024 08:15,79.99593900029544,6.58204636886859,2.502696628888786,479.3794995984649,2.0,0.1695834844648068
STN003,06/08/2024 08:30,60.70761762375235,6.738726151271741,5.810479233116051,537.6722779037392,0.2,1.0639557304679632
STN003,06/08/2024 08:45,57.78802315174844,6.8583433559123455,7.427423741822766,539.6626873245123,0.0,0.0387605851280696
STN003,06/08/2024 09:00,76.47083971028076,7.446585260660713,3.000819390000941,444.1362713691962,0.2,0.4683282853168723
STN003,06/08/2024 09:15,59.150713371642034,7.095503479545644,3.9708826381910662,505.23016341930446,0.2,0.0015945557156847
STN003,06/08/2024 09:30,62.000723105332845,7.317170959346745,2.359312845935073,459.4532319676692,0.5,0.0928779722388127
STN003,06/08/2024 09:45,57.81647834886327,6.85252182374063,4.80033763834086,497.1875790066118,0.2,0.0517565838610125
STN003,06/08/2024 10:00,65.53686705624233,6.805578477333687,3.07553415632541,511.7018486209423,1.0,0.2756632341150103
STN003,06/08/2024 10:15,73.7053539721266,7.228693305598757,3.756753924274156,461.2403957091427,0.2,0.1671888291956207
STN003,06/08/2024 10:30,59.79636612288997,6.988941320515441,3.207533296518349,548.2808317296688,1.0,0.0761814251056164
STN003,06/08/2024 10:45,65.63376465854822,6.837926913992203,5.025842636065121,491.01917179814245,0.5,0.9752686971992728
STN003,06/08/2024 11:00,64.04615378981057,7.483057480705893,1.7024402514773116,451.4450446326363,2.0,0.4539648768626584
STN003,06/08/2024 11:15,66.03101460965382,7.224978158801658,2.6844880998291862,455.2809132090861,2.0,0.4385853765098397
STN003,06/08/2024 11:30,64.86064594869413,7.11830649284593,1.184183953268245,409.34628296136,2.0,0.1070334017900236
STN003,06/08/2024 11:45,70.5502245311259,6.983722788368063,6.364342278139149,517.2465056761387,1.0,0.4946915267271255
STN003,06/08/2024 12:00,75.86045964962044,6.5,3.080349255233813,464.9576840390866,0.5,0.3242809714004578
STN003,06/08/2024 12:15,77.45692694247637,6.5,3.931101279849495,457.9720923469068,1.0,0.0024602228614229
STN003,06/08/2024 12:30,61.84457580120488,7.475957557779044,2.300166167063945,471.9090695159325,2.0,0.4330079203387245
STN003,06/08/2024 12:45,55.04780396146338,6.788716486846873,7.091819326268919,604.6195226749289,0.0,0.4303010367227616
STN003,06/08/2024 13:00,69.18701689582093,6.709686857908483,5.979373698163984,522.8755800701733,0.5,0.3976627087918941
STN003,06/08/2024 13:15,70.58902624900789,7.582360299069109,7.325049707947795,531.4902073242334,0.2,0.6948029712209342
STN003,06/08/2024 13:30,78.1140460668884,6.968981890535925,3.5901597513464467,496.31507964540674,0.5,0.46702307550908
STN003,06/08/2024 13:45,74.07035003031585,7.389010204275485,5.840986264489219,515.7437367350364,0.5,0.0977927417861881
STN003,06/08/2024 14:00,78.88764905783391,6.797476748054398,7.199992879770563,519.1765179987325,0.5,0.3385482883690529
STN003,06/08/2024 14:15,68.55755590407989,7.524253326482903,2.7926507104634384,452.71826457415546,0.5,0.0546449658182393
STN003,06/08/2024 14:30,58.84920221426836,7.209827090531522,0.3985230278926054,441.0542283638606,2.0,0.4979267619664233
STN003,06/08/2024 14:45,68.755697982677,6.718392447479123,3.923594469671552,458.7493375620146,0.5,0.1612447097188369
STN003,06/08/2024 15:00,68.4948254999104,7.497847841651667,2.8815148402094155,445.5220891436747,2.0,0.1948600098839558
STN003,06/08/2024 15:15,63.376258119523364,6.5,6.511197471428639,528.2812824542596,0.5,0.323023395703519
STN003,06/08/2024 15:30,71.33585722478824,7.1848889952971575,6.974427326592508,540.4758659052721,0.5,0.2716866274781856
STN003,06/08/2024 15:45,63.64141435864049,6.580937259855004,6.34441222555121,476.2233196595564,0.5,0.6038334974371693
STN003,06/08/2024 16:00,56.08230885640425,6.612605876563532,3.219203782549679,443.603202222884,0.2,1.4964283387591473
STN003,06/08/2024 16:15,64.72079071980286,6.893397404047397,6.804972792497551,499.3474032838336,0.5,0.1940815965908585
STN003,06/08/2024 16:30,56.89469469546475,7.210184151677011,6.338621132983022,554.5797719255561,0.5,1.1204336989665804
STN003,06/08/2024 16:45,73.16471193512982,6.913867169188474,5.859053918071395,529.601773851564,0.5,0.365587401390493
STN003,06/08/2024 17:00,69.32139670243926,6.877467214843521,2.1374021233798546,460.27948061609567,1.0,0.2042352275897967
STN003,06/08/2024 17:15,55.107970170197866,7.228423850330109,6.889922251357208,557.9111009471844,0.5,0.5869818397556756
STN003,06/08/2024 17:30,64.90653050842717,6.807468087344866,5.5193403764693,522.3881138213943,0.5,0.0582945142473869
STN003,06/08/2024 17:45,66.61563184236843,6.824792202994019,2.962770932902541,453.44280357641134,1.0,0.3733262686370295
STN003,06/08/2024 18:00,72.3671573850331,7.119714890067395,2.254669913731941,438.12852374607496,0.2,0.8327788295537029
STN003,06/08/2024 18:15,75.25271280844524,7.384920881602454,2.748646754086413,400.6369376036539,0.2,0.4330991471888116
STN003,06/08/2024 18:30,68.0081396464227,6.995444918980261,5.204090861663462,467.1318041194745,0.0,0.4329915923167775
STN003,06/08/2024 18:45,75.88948392663443,6.707001886731585,6.671922850377385,555.3562158863353,0.0,0.146804844150874
STN003,06/08/2024 19:00,70.56775796720927,6.5,5.115189103079279,466.5983563914631,0.2,0.1456451989668192
STN003,06/08/2024 19:15,60.70537407338201,6.871063370486652,5.431042879947876,444.9556983600305,0.0,0.3722808866878583
STN003,06/08/2024 19:30,62.033573101073785,6.791741977972006,7.82528053407756,536.2733974283145,0.2,0.2946228491466771
STN003,06/08/2024 19:45,58.116724778027475,6.968549200472638,3.732489459890649,506.9348439449196,1.0,0.0154478175597044
STN003,06/08/2024 20:00,61.81534013500378,6.831304867314425,3.492156224233667,448.515321384528,0.0,0.1977214946016519
STN003,06/08/2024 20:15,70.47453216098629,7.148574180687902,4.179958273262622,426.4200460503498,0.5,0.5419585921091212
STN003,06/08/2024 20:30,69.21598718407095,6.5,2.842181239678671,444.4079161572336,2.0,1.3443687423216988
STN003,06/08/2024 20:45,56.04822907528092,7.122671492329477,7.920780137396642,638.4950275247307,1.0,0.3768710524522625
STN003,06/08/2024 21:00,76.34318808314876,6.905632532142931,2.435254021264292,434.61618327582505,0.5,0.3110553640143408
STN003,06/08/2024 21:15,78.9791710307334,6.834508701639154,2.395335502021834,455.6252285026296,2.0,0.4765390702959569
STN003,06/08/2024 21:30,69.83450231575983,6.978323896434317,6.115552241659939,510.8324139166041,0.5,0.0708554623084496
STN003,06/08/2024 21:45,68.40518064036061,6.892484426510292,4.358906904249596,414.10101728602245,0.0,0.4211713625027414
STN003,06/08/2024 22:00,74.0415400165406,7.057256763539376,0.9207400696115706,385.3773547573473,2.0,0.3113907776329431
STN003,06/08/2024 22:15,67.84351538710496,6.792913410909653,2.978554940584233,445.4691483861501,2.0,0.4681224962547802
STN003,06/08/2024 22:30,63.123822345099185,6.5,6.546424501962706,503.2796077275317,0.5,0.1445342650755651
STN003,06/08/2024 22:45,78.18295433248694,6.5,3.1235413327681414,500.58621443766873,1.0,0.365124332747362
STN003,06/08/2024 23:00,68.54140623520442,6.55908418953458,4.29506209942916,504.5142278258408,1.0,0.0303504095144681
STN003,06/08/2024 23:15,76.79710212410994,6.797384763432557,7.981086244645907,600.0298075651028,0.2,0.2021661751838148
STN003,06/08/2024 23:30,67.54258668321043,7.069107056665424,3.5418464161948537,461.14149875764,0.2,0.0589432151122038
STN003,06/08/2024 23:45,57.2302663071399,6.5,2.447790884749661,442.37911465978783,0.5,0.198250674056149
STN003,07/08/2024 00:00,70.94476888399026,7.14800483631514,2.8079965328066256,416.53859155079306,2.0,0.4828881698195721
STN003,07/08/2024 00:15,68.4444968938285,6.906674192353117,5.794331530909181,495.74430216635534,0.0,1.1604252183542478
STN003,07/08/2024 00:30,57.59127984697462,6.987579716579794,4.153462534440164,490.0047409317154,1.0,0.2578191280786604
STN003,07/08/2024 00:45,68.76450580268677,7.183577614164271,4.2522253595679125,524.0404399135928,0.0,0.1244817093063428
STN003,07/08/2024 01:00,65.09108686727566,6.846645425578929,5.008951857757471,539.7549372554522,0.5,0.3842150466390052
STN003,07/08/2024 01:15,66.9761240226572,6.730056570078145,7.008247330649128,495.4010269111857,1.0,1.2296710555409514
STN003,07/08/2024 01:30,68.97772173649318,6.584238014382593,2.6548474196856806,470.3975018450302,1.0,0.2212833836873304
STN003,07/08/2024 01:45,68.20056969548882,6.596495509429446,2.1019641177286044,500.7873567508829,0.0,0.0804682058598749
STN003,07/08/2024 02:00,58.55828628713746,7.401616781933299,5.245536134042801,530.2303785721873,0.5,1.364872260345825
STN003,07/08/2024 02:15,59.72564671949717,6.599012907067982,2.509101818100757,516.1251997206051,0.5,0.1390845305934472
STN003,07/08/2024 02:30,68.41970336551802,6.897946735773292,7.136531730662012,525.670103326419,0.0,0.2753623576257084
STN003,07/08/2024 02:45,71.5872311540269,7.132776796177992,3.5445300436841696,442.37821764246576,0.2,0.4501792743938786
STN003,07/08/2024 03:00,74.0242446429146,6.816843249530777,7.23742046275448,532.3470964975015,1.0,0.0684182092282045
STN003,07/08/2024 03:15,74.9808386829809,7.013580586331209,7.5511491311567,558.803136374084,0.5,0.0063895898670422
STN003,07/08/2024 03:30,71.51281830786282,7.086463339522751,7.742205229441099,534.7127616454684,0.2,0.0635252243353768
STN003,07/08/2024 03:45,68.99498082861444,7.159817556109333,6.065142268808834,524.4459601950423,0.5,0.9303956991217336
STN003,07/08/2024 04:00,55.97442199451396,6.901368969860601,2.2691548654878573,467.1331119025044,2.0,0.1835909747575633
STN003,07/08/2024 04:15,70.04883652259691,6.6125161285801335,4.144788582477662,420.1073238449686,0.0,0.0550814313601867
STN003,07/08/2024 04:30,56.10198719421078,6.822223777523361,7.852647733184867,513.129944232814,1.0,0.3103869289950461
STN003,07/08/2024 04:45,61.70732972051013,6.650166208705956,7.808527714579766,498.1335788047851,0.0,0.3861431532632631
STN003,07/08/2024 05:00,63.82900186934188,6.5,2.2725810701831173,426.3483615701355,0.0,1.2079276875727694
STN003,07/08/2024 05:15,69.44409920798999,6.5495223575781765,4.714706611256915,529.7156240586827,0.2,0.496036836569829
STN003,07/08/2024 05:30,67.9590911137329,7.262518528550145,5.073343030272885,501.8874713239212,0.5,0.3598590505703697
STN003,07/08/2024 05:45,79.66844438189969,6.5,0.4059502454830026,400.0016696321085,2.0,0.1115831242891325
STN003,07/08/2024 06:00,79.9934312435171,7.308873732045571,4.338534228983163,446.9097989298925,0.2,1.24810179208361
STN003,07/08/2024 06:15,55.19399150792917,6.653631947202593,5.363276850243535,576.5705801980819,1.0,0.054071993828256
STN003,07/08/2024 06:30,70.29238226168381,6.890364888826377,2.4317405517275863,458.5533841106707,0.5,0.2500789400648779
STN003,07/08/2024 06:45,66.92801349853619,6.753319354469584,4.296928681840458,477.2126265590363,0.2,0.0902722916210373
STN003,07/08/2024 07:00,77.01828215738159,7.90346541744963,3.780840284304831,527.8766290997621,0.5,0.8990312238257019
STN003,07/08/2024 07:15,66.89981219831058,7.283115520848428,5.097671751072484,525.969719633557,1.0,0.51925397570145
STN003,07/08/2024 07:30,76.12767837888867,6.827069233534984,0.540543280735592,410.8518040474866,2.0,0.2393051315795283
STN003,07/08/2024 07:45,60.461629229116724,7.213257468556964,2.6972232749019804,472.9841061141817,2.0,0.472195958310619
STN003,07/08/2024 08:00,65.21908835760273,6.5,4.397493590894194,498.6192275007765,0.5,0.3339878242521328
STN003,07/08/2024 08:15,64.71996545031693,6.92706884105038,3.677048202095818,507.6833502901709,1.0,0.8624674941806545
STN003,07/08/2024 08:30,75.76549909006266,6.5,7.117070857539561,503.7703773536792,0.2,0.0635384934071921
STN003,07/08/2024 08:45,72.14296212192494,7.038313845912641,7.189122792060475,539.8633144122992,1.0,0.3150105034211198
STN003,07/08/2024 09:00,79.4614313888657,7.330529168162613,2.8894539213032053,423.0348743526076,2.0,0.0292254419941322
STN003,07/08/2024 09:15,74.93293120338066,6.707884502764653,5.964850414830964,544.1264944234572,0.0,0.2135753239321256
STN003,07/08/2024 09:30,63.243475873315404,7.1033534316274505,6.565588272431404,548.3424278766961,0.5,1.1960640949211103
STN003,07/08/2024 09:45,73.71245526902412,6.939567713881293,5.1935645560069545,529.3901202937952,1.0,1.243634933614542
STN003,07/08/2024 10:00,68.31276211745053,6.981107674415551,7.304126963571697,566.347672788086,1.0,0.4494701326082828
STN003,07/08/2024 10:15,58.76352971907083,7.819063100979165,2.81931964677702,493.6170722226178,0.2,1.2300675169343571
STN003,07/08/2024 10:30,75.80830953165886,7.510828420392692,2.6407454552486325,501.84396941474967,2.0,1.0210237843270789
STN003,07/08/2024 10:45,58.150167125436546,6.578296168981488,3.197382936004931,440.1341355914749,1.0,0.2286389733236769
STN003,07/08/2024 11:00,60.87393509277179,6.648579863248768,3.578733063943172,466.3286616370933,0.2,0.2185107135307792
STN003,07/08/2024 11:15,69.80827996298262,6.66823331056609,7.394104899209069,564.0806196743974,0.0,0.1257385587363385
STN003,07/08/2024 11:30,59.44643967906973,6.996823791491998,2.257918366668486,491.7702703163832,1.0,0.3906410900238968
STN003,07/08/2024 11:45,75.13182793103144,6.5,2.550357034440878,457.5969567503758,0.0,0.4039310535935557
STN003,07/08/2024 12:00,67.99209839962472,6.724788412363932,7.724293719351214,535.9986583297801,0.2,0.2208524855860693
STN003,07/08/2024 12:15,63.55119679281197,7.088062771634034,4.058096928282359,470.7673030024294,0.5,0.6726798469237276
STN003,07/08/2024 12:30,65.93789073661608,6.5,7.244203841662844,526.2754662051624,1.0,0.2698787576333514
STN003,07/08/2024 12:45,68.37428150155236,7.0835397755239216,2.299631835225276,449.1353627276141,1.0,0.4033606200646802
STN003,07/08/2024 13:00,61.3782676009501,6.710143905197347,3.0431040362030286,485.753545771934,0.5,0.3367597917670597
STN003,07/08/2024 13:15,67.32835414953982,6.763387386508578,3.796921542691084,450.44502079832125,1.0,0.2168251626602144
STN003,07/08/2024 13:30,72.819132762316,7.255183373806791,2.5119709961709558,435.4377928753894,2.0,0.4084646885088176
STN003,07/08/2024 13:45,75.98112336437367,6.800509266942504,3.734797094020061,440.8654600249102,0.2,1.006426292627575
STN003,07/08/2024 14:00,79.35268734273595,6.824460494937889,2.1044747470217646,457.8805775238417,1.0,0.3455357640888292
STN003,07/08/2024 14:15,61.24176931166036,7.086844204182651,0.7463248232466471,425.316560702992,2.0,0.4297194044561415
STN003,07/08/2024 14:30,73.11173090337616,6.855231903698856,3.2370664069963,449.1447310421535,1.0,0.961837991279509
STN003,07/08/2024 14:45,78.20906487744789,7.178158612175261,5.352231419590549,508.6937373918017,1.0,0.2385164534395037
STN003,07/08/2024 15:00,66.77097209433562,7.10077035906025,3.1561338846839866,458.7793526610818,0.2,0.096945801385097
STN003,07/08/2024 15:15,64.67948093389003,6.895989111867937,3.937216220039337,497.5378997180324,0.5,0.0784657876581507
STN003,07/08/2024 15:30,59.054846227412106,7.004141574034575,3.92791236004009,480.5697693960266,0.5,0.2250966968217455
STN003,07/08/2024 15:45,64.76382614228639,6.815156924402112,2.678890297127012,460.91205893916106,1.0,1.0805392935894418
STN003,07/08/2024 16:00,72.9870668785409,7.150811167099336,2.6046811757115056,389.3828485241454,2.0,0.2183561488110872
STN003,07/08/2024 16:15,56.043856079313585,7.088908857256082,4.907928176188143,541.8995783266006,0.0,0.0129833324253923
STN003,07/08/2024 16:30,66.3662256499,7.000471239092084,3.3677109460890167,494.5453297134828,0.0,0.8472508296000878
STN003,07/08/2024 16:45,57.72247658521417,6.985457475657877,6.968265127627102,616.1546478690407,0.0,0.7258963196048072
STN003,07/08/2024 17:00,73.80783007222794,6.639150537237732,2.710728699832619,475.7173699918321,1.0,0.1804166058836563
STN003,07/08/2024 17:15,68.61564220894307,7.036079207506912,7.407670932805063,505.154793720632,0.2,0.9804768138204756
STN003,07/08/2024 17:30,79.08678111926568,6.881849007832969,4.449311413607701,520.7267373005742,1.0,0.2302680886188537
STN003,07/08/2024 17:45,61.55012744798219,7.0681528110798135,4.788083435445849,491.658551750406,0.5,0.1372725374847213
STN003,07/08/2024 18:00,55.239557047911774,7.115719678773957,7.684479794770541,546.6615934459005,0.5,1.1837662409034695
STN003,07/08/2024 18:15,73.5487174172332,6.774919671584065,6.766691744824826,585.8355701511136,0.2,0.0207468970294045
STN003,07/08/2024 18:30,58.18629540926426,6.752551744087583,0.5982323519135049,449.9881728418261,2.0,0.0735914733570843
STN003,07/08/2024 18:45,78.10419911885268,7.537092138774968,6.388376721069047,589.7885185260186,0.5,0.435644176708966
STN003,07/08/2024 19:00,59.05793495701104,6.5,2.901341457910946,465.6203875807852,2.0,0.3534312893709088
STN003,07/08/2024 19:15,78.85973462724063,7.046998352840262,2.437321765702176,479.0438707988309,0.5,1.435302076596498
STN003,07/08/2024 19:30,57.42044915285419,6.638923662820066,2.613261377143071,526.824771135898,0.2,0.8373585506227923
STN003,07/08/2024 19:45,75.17568315757295,6.565089861474197,4.398693887882776,450.23826030701343,0.2,0.7070891739767449
STN003,07/08/2024 20:00,73.99210812261803,6.5,1.0859500509613953,371.3346383432239,2.0,0.0593030767161094
STN003,07/08/2024 20:15,62.19979527204075,6.50753937203223,4.817364538480959,500.3367949328225,1.0,1.439172330180371
STN003,07/08/2024 20:30,73.1052482635616,7.084641974537794,2.639232587016299,428.6337373200342,0.0,0.4987869191597246
STN003,07/08/2024 20:45,58.579889459743754,6.5,7.823873914632931,554.5435893555233,1.0,0.1254772920044485
STN003,07/08/2024 21:00,68.23511046837187,7.241507295538977,4.822231253835039,492.063354626274,0.5,0.9168797164546733
STN003,07/08/2024 21:15,76.30452484641056,7.054591275096633,6.531544809380014,538.7363979220064,0.5,0.978410297420581
STN003,07/08/2024 21:30,55.4149614212837,7.279523523173112,5.340386538389441,522.5045478595135,0.2,1.134603434675997
STN003,07/08/2024 21:45,78.35596931662602,6.590828346215127,1.394667675891314,472.0960667787057,2.0,0.4639389951950432
STN003,07/08/2024 22:00,72.90491938885663,7.055705552210699,2.286629577745157,400.4789851103497,0.0,0.0210053456860709
STN003,07/08/2024 22:15,77.78429775114714,6.8531401051842105,3.489405740049077,502.95619996721865,0.2,0.158549038781667
STN003,07/08/2024 22:30,65.51380118443741,6.832500064355165,3.5609952977443955,461.9912762253141,0.5,0.1219659622649815
STN003,07/08/2024 22:45,77.55021351819666,7.303122250840754,7.734768513345471,567.8446721998846,0.2,1.405183590836563
STN003,07/08/2024 23:00,65.45135385889813,6.868369200165234,2.411406951599909,481.2263678799396,0.5,0.9363828015738092
STN003,07/08/2024 23:15,70.5224729573307,7.038536619115353,3.059116033248797,439.3383810774433,0.0,0.7690519903582556
STN003,07/08/2024 23:30,68.84965168726154,6.716637534954352,6.080238881405708,520.1380052528864,0.5,1.366329987663674
STN003,07/08/2024 23:45,55.60045533535323,6.855636948636022,2.236066957341834,431.3690343160719,2.0,0.4329064144754337
STN003,08/08/2024 00:00,64.87357641465971,6.520290828205084,4.109952931693972,463.4720041373766,0.5,0.3278929335289077
STN004,01/08/2024 00:00,72.37406329947365,6.600165725983097,6.790726319271878,525.9094894268371,0.2,0.3952369663320732
STN004,01/08/2024 00:15,60.40237539467402,6.972970676345897,2.1478413058594263,407.6316681783144,0.2,0.243113731633467
STN004,01/08/2024 00:30,74.23148858705039,6.679873453603874,4.217980907860721,476.813456168788,1.0,1.4680788759066514
STN004,01/08/2024 00:45,58.719101645860206,6.5,1.5096595650793154,436.8776381199221,2.0,0.9591348157213496
STN004,01/08/2024 01:00,75.66006515778074,6.967231976022441,2.354697200587642,474.09257055511137,2.0,0.1807250422725201
STN004,01/08/2024 01:15,72.19171391458238,7.225255158043505,2.523962758835017,452.17300182858605,0.5,0.0034655557703449
STN004,01/08/2024 01:30,56.17515169485696,6.924501636281237,5.928050356115774,526.3824207044031,0.5,1.3640636996452145
STN004,01/08/2024 01:45,68.62596605562115,7.252694627064482,1.7000450395649924,447.0682218567133,2.0,0.2150018302520166
STN004,01/08/2024 02:00,75.62405732772977,7.13239883393936,5.196693453282878,506.2651266226292,0.5,0.3776344818751121
STN004,01/08/2024 02:15,68.43628353258795,6.769715232805183,2.0407292744966705,480.7534731459986,0.5,0.7500786248868168
STN004,01/08/2024 02:30,59.58120713038079,6.952521169557456,2.7829917576743104,471.25133024210754,2.0,0.2678943601028077
STN004,01/08/2024 02:45,64.98721972853558,6.686438115903262,6.509423353700584,549.0706120934232,0.2,0.3183044323503593
STN004,01/08/2024 03:00,70.07313997049289,6.804540476500899,6.4096172748371885,505.15548652332507,0.0,0.3904506193442037
STN004,01/08/2024 03:15,79.67763190369327,7.135924691632273,2.501101498223208,515.3367756887145,1.0,0.1354736986944653
STN004,01/08/2024 03:30,70.71800285599187,7.105873170284384,6.881368975719717,571.3142434004416,0.0,0.4683210344580796
STN004,01/08/2024 03:45,65.6866343125539,6.548783191189368,4.259685675036604,486.22430413414247,0.5,1.1522463312446485
STN004,01/08/2024 04:00,59.809638382068954,6.5,4.137674317621043,457.4271984948473,0.5,0.0616677908884087
STN004,01/08/2024 04:15,75.38291811019337,6.787383874926928,3.0122223849316603,440.36927585043554,0.5,1.3536897811454278
STN004,01/08/2024 04:30,66.69933081144653,6.926195197267353,1.2093606232954683,403.4954001181334,2.0,0.3447433069902594
STN004,01/08/2024 04:45,70.23428230504157,7.378427531952898,2.277355195892026,416.1551763711509,0.2,0.4026262842395821
STN004,01/08/2024 05:00,61.52689067230308,6.5,2.6954529350534813,482.3136183400545,0.5,0.0803608047574388
STN004,01/08/2024 05:15,56.701556374681175,7.073835726055873,6.117517278446414,547.3247576072729,0.2,0.0370646810722697
STN004,01/08/2024 05:30,63.2369275893756,7.332876251370435,5.499564618201332,493.23357579853626,1.0,0.1301401069055143
STN004,01/08/2024 05:45,76.10620133380345,6.687358303743032,2.5991072761613294,482.9933862173619,1.0,0.6261240521228262
STN004,01/08/2024 06:00,70.48737214512958,6.860815331835447,6.799236659895507,507.70141833924697,0.5,1.2740045537564568
STN004,01/08/2024 06:15,59.19691203957747,6.86384447633439,7.242558290411735,521.408328427818,0.2,0.6195221365566053
STN004,01/08/2024 06:30,73.12737036455724,6.864866854164713,7.55281481453345,539.3102078997877,1.0,0.2941107467432295
STN004,01/08/2024 06:45,60.06261264735434,6.5,2.193874934175228,455.4177028689988,0.5,0.4591408009409594
STN004,01/08/2024 07:00,63.582991874396505,6.949111271280523,5.018969323738641,516.775316887405,0.2,1.4204305625599667
STN004,01/08/2024 07:15,59.42100597086416,6.945704749644681,2.2165533920888603,476.2135555562779,0.5,0.4527779370745491
STN004,01/08/2024 07:30,63.521560518927174,6.587548107451871,6.364004485853036,542.1888524158918,0.5,0.8045262464319969
STN004,01/08/2024 07:45,64.33926778900707,6.5,1.080893281515799,456.7681322163224,2.0,0.1772606685475863
STN004,01/08/2024 08:00,76.98217291603062,7.189270638506338,1.315412296596966,429.80607749894494,2.0,1.3140688501032107
STN004,01/08/2024 08:15,67.07158683470135,6.914236576505068,3.6433536275483567,449.7617467723371,1.0,0.1585277754878057
STN004,01/08/2024 08:30,61.20077610729975,6.5,0.6145955638618084,448.4024052229853,2.0,0.188788927005796
STN004,01/08/2024 08:45,65.86244532184759,6.78191969137089,7.508331509878625,530.6012215773593,1.0,0.0162579727677167
STN004,01/08/2024 09:00,67.60456151210863,6.914195937960836,2.53139176767744,442.2173323379688,2.0,0.3905787132348849
STN004,01/08/2024 09:15,62.24786285998192,6.971983283493259,5.313053698728278,486.82712508026174,0.0,0.9614100239946036
STN004,01/08/2024 09:30,62.32011517129579,6.909082834574301,7.075454655239443,572.3235444331459,0.5,1.2532047401295991
STN004,01/08/2024 09:45,56.64425119330561,6.81454299221342,7.572359384888321,568.758626922946,1.0,0.4987618399638296
STN004,01/08/2024 10:00,64.25019410998222,7.22565659148513,3.953968595912352,441.3104163154976,0.5,0.8735413629195006
STN004,01/08/2024 10:15,79.09445791997585,6.823254812496293,5.16233182869038,501.7267187703104,0.2,1.2003739337880257
STN004,01/08/2024 10:30,61.089018385736125,6.766893919032291,5.0753189133280685,499.73202562627176,0.5,0.1051241919959086
STN004,01/08/2024 10:45,63.78865042042142,7.012366319302222,3.09840723870014,479.8478300295206,0.5,1.0746912975835905
STN004,01/08/2024 11:00,77.69797647929586,6.5,6.893620379649279,463.15784433857897,0.2,0.1671969085367128
STN004,01/08/2024 11:15,74.84283565658608,6.72107947006297,5.503364723011003,538.7412101131127,0.5,0.6228411537425111
STN004,01/08/2024 11:30,70.61494291257289,6.838973041235293,2.2243912932645147,448.7850636835931,0.5,0.1411869820327314
STN004,01/08/2024 11:45,64.16025720043918,6.733563707609375,2.3662846021562918,426.1941238437254,2.0,0.9486531075058526
STN004,01/08/2024 12:00,79.65109199590685,6.5,3.375686793229572,489.787975909584,1.0,0.129308081788369
STN004,01/08/2024 12:15,77.3113149337857,6.647910495786144,1.4291474637028811,415.7142288206621,2.0,0.2663061112695976
STN004,01/08/2024 12:30,77.12784376471137,7.167959845854647,2.783624536899811,464.10124621330425,2.0,0.5329570302437658
STN004,01/08/2024 12:45,55.45745827308141,6.5,6.101711405493824,511.7276618206062,0.5,0.1141602090429657
STN004,01/08/2024 13:00,79.17903753330016,6.5,3.73994110772274,471.2153399025853,0.5,0.1099807796735041
STN004,01/08/2024 13:15,66.47206524822225,7.222857152226981,2.8384891329349085,425.229677434109,0.0,0.458254403601355
STN004,01/08/2024 13:30,59.477588718760394,6.963345976874861,1.062632478318146,389.40769410398383,2.0,0.2285176352405603
STN004,01/08/2024 13:45,59.56422342228519,7.040433564075026,2.908583268500606,464.2576403700546,0.0,0.8229269940966062
STN004,01/08/2024 14:00,76.88905880147622,6.742293220096543,7.030048311996604,534.0950801222921,1.0,0.03330899553928
STN004,01/08/2024 14:15,60.48304064603809,6.692172564977937,7.503490591347161,501.3442715080808,0.5,0.2915260112152651
STN004,01/08/2024 14:30,77.44135642984838,6.5,0.473831341825646,402.52690879778,2.0,0.0129788544307921
STN004,01/08/2024 14:45,68.80144528224547,6.5,5.370686879805591,516.4954995761512,0.5,0.3627749540073552
STN004,01/08/2024 15:00,75.86308330965078,6.940313533318458,2.7051928972697565,428.6132731130271,2.0,0.0194951666114823
STN004,01/08/2024 15:15,79.04019160625973,6.8699089136431954,4.560749928155614,473.8660328550328,0.2,0.2398388097881399
STN004,01/08/2024 15:30,59.48777473105288,6.59212585760854,3.939763594125497,475.8528653708853,0.2,0.3929200655818345
STN004,01/08/2024 15:45,56.97452884112058,6.806818992461729,4.746419995771351,475.4618811680791,0.5,0.0541388614124918
STN004,01/08/2024 16:00,70.24019073423904,6.736951133389708,0.3963292049077117,368.4059714303284,2.0,0.4482215416096036
STN004,01/08/2024 16:15,60.15054714128203,7.085886460819312,6.442949224423032,506.0854587838495,0.5,1.3182138165898492
STN004,01/08/2024 16:30,75.51387753003957,6.808147227594598,2.930999382534593,455.8989407615288,2.0,0.3199553148783668
STN004,01/08/2024 16:45,58.425487078340716,7.212924112464119,5.532478661617285,483.6095130274353,1.0,0.8010753747493555
STN004,01/08/2024 17:00,64.71897145573543,6.599733820197845,5.244478514034223,481.28318185064745,1.0,0.2156159840556889
STN004,01/08/2024 17:15,76.87355703635947,7.662630814477377,3.290176305865478,490.25750567897165,0.5,0.5360500266696067
STN004,01/08/2024 17:30,77.79586607811852,6.5,4.277127429660236,464.7052460003221,0.5,0.0607068477580892
STN004,01/08/2024 17:45,74.27881885261834,7.687236465039149,6.674298640604967,575.0114283972583,0.2,1.1730992746487847
STN004,01/08/2024 18:00,56.542310269913145,6.583038939855959,2.896229623749054,456.439176046868,2.0,0.2913822858912857
STN004,01/08/2024 18:15,76.90481253869858,6.915581597931637,1.3366726982429038,381.1636903377546,2.0,0.2624670614529978
STN004,01/08/2024 18:30,55.5016772788473,6.613039346432905,5.130947486200867,577.2322532236794,1.0,1.1335485235556308
STN004,01/08/2024 18:45,61.531583871161644,7.648806166797529,4.999624236675345,530.0051047934937,0.2,0.4168159287169322
STN004,01/08/2024 19:00,69.89308014730015,6.528438170515437,5.2227426728817,531.5017197533186,0.2,0.3126722537991971
STN004,01/08/2024 19:15,57.38767711113728,7.197192586001975,1.3993582585493116,451.65235256667313,2.0,0.7829926847107327
STN004,01/08/2024 19:30,63.63463611812388,7.56381418111742,4.434566841325118,542.9139595768218,0.0,0.4113446620296641
STN004,01/08/2024 19:45,68.93885484310039,7.581157171962234,2.665450015088502,430.56603844503655,2.0,0.469241706652518
STN004,01/08/2024 20:00,70.02285735993588,7.03872233141631,6.370201351336551,564.3708294024361,0.5,0.1227480044646476
STN004,01/08/2024 20:15,66.56980287489053,7.147288350694532,5.741520107823068,466.2878783018047,0.5,1.079409164479205
STN004,01/08/2024 20:30,73.76785024977634,6.934734230835155,1.8022438708218436,417.1536962686924,2.0,0.4691008592396455
STN004,01/08/2024 20:45,66.49065332510087,6.634048714030708,4.314985644955795,475.0197303795415,0.0,0.0270649817579787
STN004,01/08/2024 21:00,59.16921322089667,6.675517826860098,5.377851071952149,523.7557146987442,0.5,0.368258932492732
STN004,01/08/2024 21:15,64.42326480171793,6.5,1.6329190423290378,415.044419306438,2.0,0.2146032547817629
STN004,01/08/2024 21:30,77.82211589706696,7.037365632952526,5.0695775131842815,495.60284304499146,1.0,0.4809272082207744
STN004,01/08/2024 21:45,57.154133824839995,6.730007389224081,5.363920531861306,474.4499158523682,1.0,0.1890983015260906
STN004,01/08/2024 22:00,63.38715739742093,6.663969865610498,4.538761425307641,466.3539452062882,1.0,0.1406516839026216
STN004,01/08/2024 22:15,73.43263976191388,6.844511166866847,4.302009864562296,464.7146875203109,0.0,0.445789120652898
STN004,01/08/2024 22:30,55.05968221038941,6.706449438966294,3.396934456202141,463.4685466547157,0.2,0.4857871793857174
STN004,01/08/2024 22:45,73.93735375757555,7.045729810609042,6.763641234707226,511.3995504508693,0.5,0.3824625214261762
STN004,01/08/2024 23:00,76.23062434269636,6.914850528881891,7.909799828386522,544.947651508611,0.5,0.4077763659856966
STN004,01/08/2024 23:15,72.44110232866565,7.218834655644242,6.508197751881876,493.8534667206511,0.5,0.4789077286320988
STN004,01/08/2024 23:30,76.0393889216647,6.715833039257889,6.031588921842557,533.9366970002627,1.0,0.1847493729098635
STN004,01/08/2024 23:45,66.14512904643098,7.281078082960057,2.887614600615924,469.6215342817102,0.0,0.4814587289375439
STN004,02/08/2024 00:00,57.117764115819476,7.013177954481856,3.3872937778112355,503.41291784116135,1.0,0.062313804738055
STN004,02/08/2024 00:15,63.585118184196276,7.19383572374295,5.312138030330137,571.2400230293067,0.0,0.2194769681824
STN004,02/08/2024 00:30,64.33569734934295,6.879674714269733,7.469006240226954,580.5207120109616,0.0,0.2410114786075323
STN004,02/08/2024 00:45,66.97861903946075,6.722159231297761,2.210297654103182,425.5406900836516,0.5,1.327757115588471
STN004,02/08/2024 01:00,71.10939512191474,6.91766996024607,1.0501974710378812,409.3501669457508,2.0,0.0365736222134789
STN004,02/08/2024 01:15,73.78210495764324,6.603714333777386,5.813024848714974,522.5434698607954,0.2,0.2685282181258481
STN004,02/08/2024 01:30,68.54737945450665,6.788590038576384,3.281248534826755,446.96124988403295,0.5,0.3843089998163425
STN004,02/08/2024 01:45,74.70761026439241,6.5,7.17450524555081,548.8799230098446,1.0,0.1692110806964665
STN004,02/08/2024 02:00,71.02847949204326,6.825814951607522,4.366641375369317,453.16037701953576,0.2,0.4584247184655193
STN004,02/08/2024 02:15,60.71004448071369,6.592576850430244,3.919598494443124,486.2046745525094,0.5,0.0802156312922636
STN004,02/08/2024 02:30,73.04301398017755,6.894527811999333,1.2516409460918991,402.835600548714,2.0,0.1551946128527853
STN004,02/08/2024 02:45,58.74355301813074,6.913309865634367,6.161318535058248,504.69504766341015,0.5,0.8431144853903969
STN004,02/08/2024 03:00,79.46132467524754,6.727657944246484,6.391524483683593,538.1847756398121,0.2,0.2920969561354486
STN004,02/08/2024 03:15,76.00939969894671,6.994568984671793,4.341848392308267,524.022927124307,1.0,0.4562020959784314
STN004,02/08/2024 03:30,79.32964789962895,7.176048742832554,2.013743309697679,410.6997720308408,0.5,0.2056523925417461
STN004,02/08/2024 03:45,62.811704750238256,6.913698786787419,4.636023810796011,488.03017357987255,0.0,0.0470563957140438
STN004,02/08/2024 04:00,72.20067769311562,7.103904337471975,3.9417750751763454,483.55662803610977,0.0,0.7060035251876214
STN004,02/08/2024 04:15,64.32854559438324,6.718964840383945,7.592050736349484,555.5798334118094,0.2,0.3932435669067595
STN004,02/08/2024 04:30,75.03158536803292,6.5,7.361336464866067,503.8697450890032,0.2,0.018213191788472
STN004,02/08/2024 04:45,66.92579997310308,6.720025868346276,2.070986103553074,389.3590993712184,0.2,0.2797414702970962
STN004,02/08/2024 05:00,68.32906565710022,6.546893795598457,2.513090854379142,413.67866212097806,0.5,0.7539265959988646
STN004,02/08/2024 05:15,66.62446404384897,6.918235505260956,2.141769974067516,480.8945252607456,0.5,1.4539182843579312
STN004,02/08/2024 05:30,62.445106325002705,7.054112208181224,1.1471972641736872,424.636734444761,2.0,1.2505100398918054
STN004,02/08/2024 05:45,60.66349065071095,6.585598065686497,4.906753773087013,521.6062392711418,1.0,0.3343256096122757
STN004,02/08/2024 06:00,79.05823576095372,6.5,0.914831857387266,470.9037208492428,2.0,0.2946515568019823
STN004,02/08/2024 06:15,76.02743061155635,7.341017615176113,6.595971718368322,570.112812515601,0.5,0.7219516311529395
STN004,02/08/2024 06:30,72.23176995233898,7.077657586079607,7.639669783415984,553.8072704679233,0.0,0.0830005183234697
STN004,02/08/2024 06:45,63.59974452215375,6.825377666130319,3.983269921755507,467.8732578016759,0.5,0.512890808008892
STN004,02/08/2024 07:00,62.089676143749756,6.50075735129217,0.9834125502391406,437.6350447949719,2.0,0.2165175911625801
STN004,02/08/2024 07:15,56.437268239191795,6.726442735757834,2.041325021456392,464.926303562913,0.2,0.0823932566722139
STN004,02/08/2024 07:30,79.3117555761946,7.458620337982407,2.6607934349896416,442.60884059189226,0.0,0.2549211359976471
STN004,02/08/2024 07:45,77.82857967453245,6.686358720071282,7.223047581136132,548.4606542898771,0.5,0.2021623958019981
STN004,02/08/2024 08:00,66.58588017351408,6.881172651485273,3.943906120377521,505.67343192896607,0.5,0.0238769759703726
STN004,02/08/2024 08:15,70.16714674619995,7.193630085366562,4.299966770829153,485.412797131973,0.5,0.011108224120255
STN004,02/08/2024 08:30,72.14692258403473,6.52523064286766,2.3822070680315046,429.4881404793308,0.2,0.4992191532470684
STN004,02/08/2024 08:45,72.89914036480894,6.788034028045599,2.2373941880082358,421.555266483344,0.2,0.1476709856309124
STN004,02/08/2024 09:00,57.68846860539854,6.867963020979481,4.958568377588863,482.7738200058765,1.0,0.1691951346253662
STN004,02/08/2024 09:15,68.59755384345475,6.764175205350069,4.782368855260062,525.2875644683756,0.5,0.1616593391240514
STN004,02/08/2024 09:30,65.26327827753153,7.360546225971108,6.086401292202692,479.28490794241554,1.0,1.0559285145058308
STN004,02/08/2024 09:45,58.171005701242905,6.754541727683146,7.140540774403736,554.996225786927,0.5,0.2631617138459287
STN004,02/08/2024 10:00,55.35374116299373,7.02033984378678,2.312073385555691,491.7137500276441,0.5,0.4317561522481277
STN004,02/08/2024 10:15,60.407762011144136,6.777214904268732,7.147565234556107,534.7292394628751,0.2,1.116596916134148
STN004,02/08/2024 10:30,75.1177993182688,7.151805315090719,7.495609585080762,557.9030508145908,0.5,0.9450516682503438
STN004,02/08/2024 10:45,58.85510074641319,7.223325981642525,2.201007326301466,419.1019177728613,0.0,1.1149308296345204
STN004,02/08/2024 11:00,67.74215830780666,6.8931988608377495,3.4462013297842407,487.45183724808703,0.5,0.1124531900551632
STN004,02/08/2024 11:15,62.14012628505141,6.784490108470988,6.405745899613601,511.12626752481407,0.5,0.3406596463415134
STN004,02/08/2024 11:30,60.311917260541044,6.864619621138671,3.42628720499225,474.8981102177101,0.2,0.0167116320707559
STN004,02/08/2024 11:45,77.86391020343703,6.91194504737244,6.916630806400944,568.7266905147819,0.2,0.4078300413750433
STN004,02/08/2024 12:00,56.67195158122439,6.733507807438061,7.244671116374453,519.679262120409,0.2,1.0360618176765573
STN004,02/08/2024 12:15,68.79833457310492,7.157008222891929,7.4949816819770785,525.5447007067229,0.0,0.625925929502505
STN004,02/08/2024 12:30,56.304724079940826,6.8859417346624205,6.949458571353145,487.45115446888593,0.5,0.3271761286208064
STN004,02/08/2024 12:45,73.40656967505328,6.5,2.110816668711037,413.2388579515172,2.0,0.4695072912710888
STN004,02/08/2024 13:00,57.67626533502384,7.432319246114266,5.992701866777384,454.2685400894332,0.5,1.267457104167666
STN004,02/08/2024 13:15,67.3746209682858,7.007945342675457,5.668982072873919,540.3020066519742,0.5,0.2931728268740853
STN004,02/08/2024 13:30,70.24129672143383,6.685670449466213,6.141962546921949,555.4839397972211,1.0,0.3208554717342433
STN004,02/08/2024 13:45,58.086707662461066,6.929229462110414,2.2997182110735617,382.6694817976039,1.0,0.0425162560161431
STN004,02/08/2024 14:00,65.66251757283058,6.808055107262804,1.607271688173689,409.8934408065785,2.0,0.2274596971771181
STN004,02/08/2024 14:15,73.15208989663694,7.182239475207391,1.3069080180455577,415.4520360027292,2.0,0.1222368790884808
STN004,02/08/2024 14:30,78.89028743957756,6.825419687413785,7.6385802691270595,554.8138605197424,1.0,0.0170159485278373
STN004,02/08/2024 14:45,59.25890981891162,7.118891036590343,2.026345590435542,446.7966970498682,2.0,0.4471945946561013
STN004,02/08/2024 15:00,76.24550092704825,6.942270767944115,6.891842205385817,577.0270261492532,0.2,0.3025671889948219
STN004,02/08/2024 15:15,66.2669390045183,6.84115112140927,3.180302444144872,487.5871129079823,1.0,0.5279536911262116
STN004,02/08/2024 15:30,72.14653710910918,6.606001898714023,1.927333142599449,436.127037031561,2.0,0.3283469330968478
STN004,02/08/2024 15:45,64.81650924917047,7.011204581502626,6.463067761318258,498.21400304620215,1.0,0.3136105401602597
STN004,02/08/2024 16:00,58.48632285050749,6.5,0.4486307773595577,431.5379045679176,2.0,0.4280063971256078
STN004,02/08/2024 16:15,75.80099745130296,6.57868478750787,2.3602771000974005,427.04036875981336,0.2,0.3833149465424128
STN004,02/08/2024 16:30,66.18334090942618,6.799479207153671,7.875087857019476,597.8851415908937,0.5,1.262322897294046
STN004,02/08/2024 16:45,69.5793927246264,7.055514525144638,1.897835218120052,423.5166075466525,2.0,0.2574834948836306
STN004,02/08/2024 17:00,58.88652371864923,6.745156661153637,6.016721641655858,508.3945944329411,0.5,1.343867669397975
STN004,02/08/2024 17:15,64.37615927400586,6.7207349358741775,7.744612805407431,586.6481466435333,1.0,0.3496700100754607
STN004,02/08/2024 17:30,65.59134653126448,6.858940370322388,7.308811511664113,525.5567137974057,0.0,0.0937674345505946
STN004,02/08/2024 17:45,57.076476322521714,6.829006738706454,3.1602305200491045,448.4296681492583,1.0,0.157050937977143
STN004,02/08/2024 18:00,71.69245866758766,6.742362218369343,0.5354620744248892,327.929691159207,2.0,0.2373300205225834
STN004,02/08/2024 18:15,58.66356988359248,7.053746678227129,3.162275562721349,440.1248260960162,0.5,0.3796715723350288
STN004,02/08/2024 18:30,74.46014952860668,6.5,6.012511201383084,499.56476768981696,0.0,1.3934369611139306
STN004,02/08/2024 18:45,69.97216459890396,7.374168251166686,3.3387829911704374,477.12666032609707,0.0,1.016182207368073
STN004,02/08/2024 19:00,68.88406215879088,6.661076856828901,1.3924149080542465,444.5831856892177,2.0,0.3588911411117786
STN004,02/08/2024 19:15,64.71110030860078,7.046695648956935,3.235110077339377,446.13622578589536,1.0,0.357550833786674
STN004,02/08/2024 19:30,67.9736995064744,7.105063363343229,3.782228877241198,463.394630457648,0.2,0.4745457093094891
STN004,02/08/2024 19:45,63.96292914482554,7.166330497401232,5.684799139873788,512.151689425828,0.0,0.3710578797286967
STN004,02/08/2024 20:00,71.92896476694736,7.255556041771105,2.78981267595405,417.0939885010188,2.0,0.0277205196771768
STN004,02/08/2024 20:15,64.97295356730298,7.140028117954411,0.6726849726488076,379.9945905186065,2.0,0.060882703372895
STN004,02/08/2024 20:30,60.64627457130753,6.857054575073697,2.1858622529487928,392.94732172261536,0.2,0.210433863167108
STN004,02/08/2024 20:45,66.31756503562248,7.180060590964665,7.463119838052213,560.9678969243687,0.5,0.3958951410481843
STN004,02/08/2024 21:00,65.09778076756818,6.842415580012345,5.509594290390657,460.01239308181096,1.0,1.044900908488578
STN004,02/08/2024 21:15,60.397484098887986,6.5,7.352063635081565,562.5208036178585,0.5,0.34481566336293
STN004,02/08/2024 21:30,59.29772081359654,7.049474355607247,1.5128573454381298,413.5340373394604,2.0,0.0404014935153889
STN004,02/08/2024 21:45,57.04180067508497,6.68759172998096,4.569982759863491,479.9707132495764,0.5,0.3476091442647189
STN004,02/08/2024 22:00,66.02791967032286,6.5,7.890426488192318,516.9787462677648,1.0,0.3220690969150489
STN004,02/08/2024 22:15,59.53441715978447,7.132196119661279,4.036107103317227,471.50442529714775,0.5,0.0528733515584687
STN004,02/08/2024 22:30,56.76682564188942,6.962091446389749,2.6771311136770124,460.3775484342109,2.0,0.5747887577294822
STN004,02/08/2024 22:45,71.71331795141163,6.866825706320006,7.551461196330146,574.6886199884077,0.5,0.4154086128954584
STN004,02/08/2024 23:00,62.26356495401378,7.407435878171034,3.953658313144703,441.560656650564,0.2,0.4413126087550583
STN004,02/08/2024 23:15,72.61318359295724,7.313576611477163,6.750990100637273,500.6063047744782,0.5,0.0384517074941163
STN004,02/08/2024 23:30,72.52546784275444,6.6544581380675,2.1972850963389363,446.7555612390036,2.0,0.1941898029862539
STN004,02/08/2024 23:45,75.9513120571198,6.711494639329779,7.07393325972518,557.9888841618684,0.5,0.1937095162348752
STN004,03/08/2024 00:00,66.02651222795522,6.873501435348215,4.289127033198741,474.8008836959112,0.5,0.8517915120251616
STN004,03/08/2024 00:15,64.40343320150706,7.638863808327667,4.339702649407567,484.0332263581154,0.5,1.4350391664339028
STN004,03/08/2024 00:30,76.70123142145638,7.31216156403598,7.19130172978216,519.5132284923452,0.2,1.3737279632050594
STN004,03/08/2024 00:45,78.12268540745,6.578773448348842,2.6935721962071875,449.6353417414463,0.0,0.137797647578223
STN004,03/08/2024 01:00,78.39478527332986,7.006974761415531,5.7671550598827,465.9488265905232,0.2,0.4531725559307605
STN004,03/08/2024 01:15,60.533039375830896,7.076343168752272,2.841412142322822,502.0022641078884,1.0,1.4834972568008968
STN004,03/08/2024 01:30,60.83665120795903,6.550061915182365,5.003626133772453,461.05659772712215,1.0,0.9077166891458368
STN004,03/08/2024 01:45,76.49988545254023,6.777570821587399,2.3160674300508965,432.36971561612194,2.0,0.4493306384975034
STN004,03/08/2024 02:00,76.70978495716355,6.5,0.4566230101973959,405.5164034964087,2.0,0.3341017688528379
STN004,03/08/2024 02:15,68.77902501232673,6.705626087718011,5.771708767767722,498.8907656032642,0.5,0.4025017544263305
STN004,03/08/2024 02:30,59.255865135811376,6.976202245894094,2.642304367937931,544.8125140127505,1.0,0.7113510991069298
STN004,03/08/2024 02:45,59.00842859962356,7.190185069220017,3.6668219402186377,479.934423447947,0.0,0.4356022658781801
STN004,03/08/2024 03:00,59.70089627941412,6.5,3.42162378512341,518.5240741874352,0.0,0.3120523451297092
STN004,03/08/2024 03:15,74.75193068311502,6.525950824313975,5.080151963828142,512.4935671154042,0.2,0.107060229757225
STN004,03/08/2024 03:30,75.09282017809116,7.10564526084182,6.638016752887009,505.73423290250577,0.5,0.3390322633009445
STN004,03/08/2024 03:45,65.74644204489711,6.604378657833312,5.497708341425197,516.8057272324036,0.2,0.264388979358166
STN004,03/08/2024 04:00,55.16839445644988,6.704852977960609,4.070831975396903,439.6731022821283,0.2,0.1690059257342485
STN004,03/08/2024 04:15,61.798583090048346,6.977285932180529,2.0060870761091056,465.74048594359294,1.0,0.378690802513343
STN004,03/08/2024 04:30,73.49920252959751,7.036793825455288,5.253039656668129,465.72763617812,0.5,0.4671107933405743
STN004,03/08/2024 04:45,78.02196517188757,6.511454820544745,5.517266932487944,497.0604774683324,0.5,0.1294166809241173
STN004,03/08/2024 05:00,63.54759723780883,6.5,7.032193131739043,546.8849152887268,0.5,0.3775841138089784
STN004,03/08/2024 05:15,62.65363471748492,6.5,6.293081401528003,527.2528943005915,0.2,0.1024953636781346
STN004,03/08/2024 05:30,79.33803275491883,6.819688895914501,4.025637110579372,479.9949796817155,0.0,0.4985530067393515
STN004,03/08/2024 05:45,58.41956288599516,6.719214442235323,3.045823256320391,431.62872956940527,0.2,0.7755969596519581
STN004,03/08/2024 06:00,72.0677557177049,6.660187487814426,4.06742766728288,426.2676324769421,0.0,1.4891672254861366
STN004,03/08/2024 06:15,79.89534493578505,6.830491229866756,5.680634853305235,496.9908736333927,1.0,0.3705325947499562
STN004,03/08/2024 06:30,63.94331705460176,7.05309039693735,7.31540395695907,533.4829095035831,1.0,0.2639013268463934
STN004,03/08/2024 06:45,55.74390242508059,6.671266890226233,4.63217612776397,496.335014562484,0.5,0.296321687058128
STN004,03/08/2024 07:00,75.81126294966182,6.750151592083115,3.9501161021251376,455.0083199597284,0.5,0.620976840031711
STN004,03/08/2024 07:15,56.76010672342331,7.380889407434024,1.922967819838376,484.41654464141953,2.0,0.82958744438412
STN004,03/08/2024 07:30,74.45426034383775,6.8382159509177045,7.814768112812378,519.054604424904,0.2,0.8383017731243152
STN004,03/08/2024 07:45,70.32038652190467,6.880991923275234,2.220485736197484,498.7221661611317,0.2,0.0144167952964774
STN004,03/08/2024 08:00,61.135205218854644,6.865365818434786,6.055333734836728,515.366598425236,0.5,1.3475036606423354
STN004,03/08/2024 08:15,65.5986638674957,6.553667019295121,6.667534589866885,519.1181329352447,1.0,0.4024860680651246
STN004,03/08/2024 08:30,69.7820617808703,6.537807086098548,7.507793644933098,581.3958450542581,0.5,0.0816552889119297
STN004,03/08/2024 08:45,64.66072781543858,6.506756623069342,6.461151788767432,511.1529317309482,1.0,0.3998999102666448
STN004,03/08/2024 09:00,55.25305620084006,6.5,7.162626253344497,505.8322053449519,0.0,0.0945992382085418
STN004,03/08/2024 09:15,78.89952954712162,6.823368258839582,2.720414818303837,435.1763073359145,0.5,0.6576910962187199
STN004,03/08/2024 09:30,60.25327994954321,6.549821923317749,3.129739917052885,450.94554713907655,0.2,0.0793409607144456
STN004,03/08/2024 09:45,72.22063961817207,6.597811640542506,2.5412056087182995,449.3707170753672,1.0,0.4281937876304738
STN004,03/08/2024 10:00,55.12680147395733,6.727951882768645,0.7279938898690099,389.0560156569628,2.0,0.1504629818554169
STN004,03/08/2024 10:15,58.916351073389166,6.863956632833677,7.871913672207076,530.8597230051035,0.2,0.4376856612973723
STN004,03/08/2024 10:30,74.98182193880879,6.9560459048803445,3.4163161498308163,483.76234366535016,0.0,0.4304449570848946
STN004,03/08/2024 10:45,66.56680789592544,6.5,3.016541171449968,461.0726281490801,0.2,0.3368733031573604
STN004,03/08/2024 11:00,58.06073119113941,7.034397944541326,3.301456986995797,523.6953201650373,0.2,0.7780384113670128
STN004,03/08/2024 11:15,66.29954325629073,7.287345537501262,3.887279211972889,472.4905415181354,0.5,0.0555150074336088
STN004,03/08/2024 11:30,76.64370710869416,7.0174803617740125,2.6587389020514016,450.962658950292,0.5,0.2075093758218781
STN004,03/08/2024 11:45,67.05188847029558,6.640369928205042,0.8153922894151453,410.7561616635497,2.0,1.183724891605514
STN004,03/08/2024 12:00,78.58597106215363,6.895232318699761,2.0980873554315016,334.72732798964535,0.5,0.832739589025224
STN004,03/08/2024 12:15,56.53808716106305,6.843064539811478,3.533275285344436,414.1997291956202,0.2,0.1142354693445505
STN004,03/08/2024 12:30,73.3955515093167,6.5,6.866904702914224,546.4388262165181,0.2,0.1779659170057425
STN004,03/08/2024 12:45,72.08081581342928,7.093427447831546,6.145806852551412,526.5749589457756,0.2,0.0399444204988644
STN004,03/08/2024 13:00,58.03663513545354,6.80754333510073,4.546691663967222,490.4107338711685,0.2,0.013954822280308
STN004,03/08/2024 13:15,62.23207962384785,6.907329209107497,3.1994070792845037,413.18924213859054,1.0,1.4430014793527777
STN004,03/08/2024 13:30,70.97909206503999,6.967545710728029,6.209727591011813,499.8186859142944,0.0,0.4418291364833219
STN004,03/08/2024 13:45,65.35706286868223,6.5,2.992262109492001,495.67048761373513,2.0,0.1265848478345586
STN004,03/08/2024 14:00,60.974158777019525,6.5,4.879180203455527,555.6989494166751,0.5,0.0664146493106074
STN004,03/08/2024 14:15,58.14250508467931,7.093874467626821,6.610679564338875,478.0820513101129,0.5,0.0792924884569648
STN004,03/08/2024 14:30,64.67631202932164,7.619525957381574,5.952887341460052,540.3307442713055,0.5,0.8417083654289279
STN004,03/08/2024 14:45,78.13242138774798,6.5,3.6867148333066138,519.6131662713699,1.0,0.1123666041514483
STN004,03/08/2024 15:00,76.77407284084374,6.982087629842432,4.396731249266114,466.72465886150775,0.5,1.0455922452125197
STN004,03/08/2024 15:15,76.01798978304251,6.99266782340353,6.4428020201436,531.2038767339748,0.5,1.183693588804942
STN004,03/08/2024 15:30,78.89351506796407,7.006489011890644,5.231305559953594,483.6843995117383,0.2,0.5833246203248355
STN004,03/08/2024 15:45,72.25788726323478,6.506202127175187,1.2652481513169158,411.0302085808371,2.0,0.394688613923423
STN004,03/08/2024 16:00,78.47870919411389,6.921360329585051,3.744720468057716,486.57276375442245,0.2,0.5609746754865746
STN004,03/08/2024 16:15,64.52542910988096,7.207295409262803,2.2921877256677905,449.87761724084856,0.5,0.3399154890835436
STN004,03/08/2024 16:30,64.84696715593614,7.325254924465697,3.0033926704034144,479.1472221167244,0.5,0.2799482263623436
STN004,03/08/2024 16:45,56.14594399523377,6.693234123687867,6.900708204878493,522.5704662268848,0.0,0.1233849432670942
STN004,03/08/2024 17:00,68.67043897380631,6.901490296391007,3.946263734189636,547.8453371291226,0.2,0.1719917760662196
STN004,03/08/2024 17:15,78.96488590185106,6.693193677691133,5.875015007411381,520.5791444681207,0.2,0.2386960763144911
STN004,03/08/2024 17:30,63.39363068106588,7.130773296054009,7.490400644183221,566.3187687943915,1.0,0.0184582590413162
STN004,03/08/2024 17:45,76.06133447079853,7.0338512188783495,7.450468606320353,581.7964628689116,0.5,0.129313022610809
STN004,03/08/2024 18:00,64.28813589690662,6.715432264619439,4.460876327010309,513.3273578425151,1.0,0.8708439718865779
STN004,03/08/2024 18:15,64.49047429384915,6.598266987856067,3.298462662423506,473.3235755453089,1.0,0.0497781259635675
STN004,03/08/2024 18:30,62.72924838851945,6.63728550455057,4.450245490079803,477.39107229622726,0.2,0.0432276494792583
STN004,03/08/2024 18:45,74.61044756541443,6.793016483312398,5.500639247684321,482.374303499013,0.5,1.360505447964342
STN004,03/08/2024 19:00,64.78695861706348,6.862546766448086,5.871148240663123,493.29535951086126,1.0,0.7663659908820128
STN004,03/08/2024 19:15,59.20019239810651,6.520517430087745,4.476779233323256,456.42596010683536,1.0,1.1457086054577963
STN004,03/08/2024 19:30,63.534639915377724,6.676646407179225,5.949110853881248,559.2747002984697,1.0,0.9129061404625308
STN004,03/08/2024 19:45,55.84921730542429,6.797333592099688,4.611797770144411,485.8260198347055,1.0,0.2655638411367582
STN004,03/08/2024 20:00,56.72604288067091,7.002780952060933,4.283457669327621,490.0318387705957,0.0,0.4753637168005344
STN004,03/08/2024 20:15,77.3255566350716,6.741989645492473,3.6121338147039657,464.54647363286216,1.0,0.3947909318514621
STN004,03/08/2024 20:30,72.83876978226921,6.5,4.788423301058737,490.8486154702931,0.2,0.2386513700867609
STN004,03/08/2024 20:45,59.20019890062275,7.051265312558424,6.580141483999709,517.9915408658017,0.5,1.4532129985025548
STN004,03/08/2024 21:00,78.054485221207,6.968793270215767,7.416511151979864,563.5122903969086,0.2,1.2043650859021453
STN004,03/08/2024 21:15,61.54900049139009,6.574049464819295,1.245976980733456,399.61065413942526,2.0,0.1725462074173445
STN004,03/08/2024 21:30,59.04704496344591,6.972297904418805,2.860971793604617,475.2010106243201,0.5,0.2818868900793931
STN004,03/08/2024 21:45,72.05174532831732,6.793875409925789,3.231913576434459,479.47541270652266,1.0,0.5743098563948563
STN004,03/08/2024 22:00,59.309377234783916,6.5,4.454554533564127,516.1296420585193,1.0,0.1236623526426776
STN004,03/08/2024 22:15,76.46426865166804,6.651571325524144,0.8301711287986668,392.2247466314399,2.0,1.4077901523883851
STN004,03/08/2024 22:30,71.71239972636342,7.029271106222693,7.912620851582272,532.4494807164671,1.0,0.4093347270571868
STN004,03/08/2024 22:45,62.73319134317804,7.209125448954517,6.307855366848208,510.773256475784,0.2,0.0071060209173144
STN004,03/08/2024 23:00,55.56318351556257,7.123069060226648,2.260260761842948,479.13074665381765,2.0,0.4206148795687341
STN004,03/08/2024 23:15,68.45220881571949,7.15030801489113,5.17245328495462,535.6544639139526,1.0,0.1262960617533737
STN004,03/08/2024 23:30,78.02061626312457,6.988988013843128,6.741220939683768,509.1237252464029,1.0,0.574903538286847
STN004,03/08/2024 23:45,65.45344997456567,6.909566959726583,1.234927915302316,427.5786980922709,2.0,0.0230725649964807
STN004,04/08/2024 00:00,56.39623944221633,7.019440009663746,6.869243161801271,566.3574166580871,0.2,0.321518119270991
STN004,04/08/2024 00:15,63.6182797487666,6.530779206294501,4.911617345661341,527.0846454807826,0.2,0.1171984219764897
STN004,04/08/2024 00:30,73.80337292145282,6.795614233687776,4.002373407511543,432.2909058657965,0.5,0.0593725057317454
STN004,04/08/2024 00:45,68.48088095962376,7.605508707481228,6.0756433259910185,514.6695054071628,1.0,0.4901690716250179
STN004,04/08/2024 01:00,62.151064540188564,7.021432892681248,7.942242476156868,560.5225900722853,0.5,1.2169568928499797
STN004,04/08/2024 01:15,73.47455153582052,6.950966614151736,5.982467522826532,502.2190580305371,1.0,0.3483320992824096
STN004,04/08/2024 01:30,73.58583934240866,6.746535821599781,2.8883907643247357,436.7526451645401,0.5,0.28902708685912
STN004,04/08/2024 01:45,72.28254715967226,6.59877057465637,3.7925401733074375,474.0557853215242,1.0,0.2917977717561901
STN004,04/08/2024 02:00,63.35084919593632,7.0690461833058285,0.6106570809750389,401.6304307224812,2.0,1.0100013492545616
STN004,04/08/2024 02:15,62.50947510293294,6.747385877554828,7.38933274109079,529.3113827847718,0.2,0.2086520983285781
STN004,04/08/2024 02:30,62.65326941935409,7.404038081411546,7.592250944542913,532.9330645907124,1.0,0.8624453624728234
STN004,04/08/2024 02:45,61.322786455493834,6.616017993521737,2.1349224357730865,439.32919286440114,1.0,0.3147290179463766
STN004,04/08/2024 03:00,65.09327897844584,6.5,6.179181673063066,529.7517584117494,0.5,0.1847067082949902
STN004,04/08/2024 03:15,67.39302203627784,7.519142217255972,4.879086475368217,472.03373739179307,0.5,1.1155935202246552
STN004,04/08/2024 03:30,64.78882433641128,7.293901334720672,5.763626637242862,443.9141313457815,0.0,0.4051767385496131
STN004,04/08/2024 03:45,60.57795543312086,6.880154123224668,2.5433287273684715,458.5518853306225,1.0,0.1528355515075445
STN004,04/08/2024 04:00,71.63717850755727,6.5,3.4149548414525186,443.4491905103032,0.5,0.3560549779469682
STN004,04/08/2024 04:15,69.69709814168709,7.395241110114661,4.42283543376603,473.7229112431872,0.5,0.6678185240269081
STN004,04/08/2024 04:30,72.73184506666114,7.152400457298088,7.91310801500405,541.7516569751754,0.5,0.7631414717480582
STN004,04/08/2024 04:45,58.068726954658146,6.831322266518016,2.4300618323141725,501.1191517987611,0.5,0.7717193402879412
STN004,04/08/2024 05:00,78.63322905444055,6.931444296739064,3.698293138355917,438.9194438959263,1.0,0.259986051209584
STN004,04/08/2024 05:15,77.49503335940653,6.6142958262629925,5.455591067234975,533.0871732098907,1.0,0.1319439788907491
STN004,04/08/2024 05:30,78.27255837222334,6.655486548065017,5.391158832637005,575.0349706366698,0.5,0.1171591662364399
STN004,04/08/2024 05:45,60.67912200901071,7.163170738830572,7.469324328895883,596.0054710702677,1.0,0.2007210609445007
STN004,04/08/2024 06:00,76.42092684045237,6.935333886888444,5.24919553119234,511.6543609667432,1.0,0.4122757309403418
STN004,04/08/2024 06:15,65.53446573572243,6.889963333474637,4.784355991330306,514.8400835659023,0.2,0.6685164200403539
STN004,04/08/2024 06:30,73.27756677180648,6.6091268429694905,3.545425961548731,455.0402254736005,0.0,0.2788155986301941
STN004,04/08/2024 06:45,59.48208105708978,6.66252597070853,2.314619189539412,509.3694723642431,2.0,0.2074181830698998
STN004,04/08/2024 07:00,71.91279555793461,6.689805938373523,6.451842744058995,502.8112538318516,1.0,0.4858242304043381
STN004,04/08/2024 07:15,75.0365733887511,6.6303587798252135,4.004912957708975,437.2887470126578,1.0,0.3508814783484962
STN004,04/08/2024 07:30,62.76221932922004,7.371096442399988,6.848077388482686,500.4700517029559,0.0,0.43018733359471
STN004,04/08/2024 07:45,59.34691600070364,7.141601544247414,1.862380215721676,440.9106155822013,2.0,0.141344297099412
STN004,04/08/2024 08:00,77.17620519460134,7.252079663544522,6.454989486612028,505.1174994380489,0.5,0.2970372326957819
STN004,04/08/2024 08:15,69.62110143487078,7.032252124274954,0.5804548681658146,390.3458494838828,2.0,0.7176433203517415
STN004,04/08/2024 08:30,77.97592744929061,6.853545206591199,2.4182096829613897,477.6891648406564,2.0,0.8686188674903674
STN004,04/08/2024 08:45,70.68882911737347,7.204481666886053,2.6621141273303306,398.8855926133392,2.0,0.3042334073774755
STN004,04/08/2024 09:00,60.712208651739864,7.227692387114957,0.8264983516115549,416.76816454466416,2.0,1.0922888057198412
STN004,04/08/2024 09:15,75.0492344195131,6.777206076788321,3.256844765831066,443.661143468955,0.0,0.2977357374457977
STN004,04/08/2024 09:30,69.34491038508607,6.64876431288948,1.2630198530491494,445.1540378795564,2.0,0.0325496059165893
STN004,04/08/2024 09:45,72.43023530446834,6.647289649899663,3.7102105968946777,414.7027212280036,0.0,0.1418381068674585
STN004,04/08/2024 10:00,72.28101873486739,6.999090413696419,0.9746756044897312,402.2841512827941,2.0,0.0578032139398955
STN004,04/08/2024 10:15,67.05193241774464,7.269757925401708,6.522079854076187,556.9066357651961,0.2,0.4736862995394283
STN004,04/08/2024 10:30,68.79026190530568,7.431950314475508,3.704429551239972,451.67157154530366,1.0,1.0407126032363043
STN004,04/08/2024 10:45,55.54746560447963,6.8481185202705,6.498233714474422,580.8446776073858,0.0,0.445563255729312
STN004,04/08/2024 11:00,59.24732695271676,7.207358947753165,3.557645760957982,492.6080409620503,1.0,0.1100276536850295
STN004,04/08/2024 11:15,59.17238056578932,6.6014719641359685,7.827869943482353,573.0309472407412,0.2,0.4656361309209904
STN004,04/08/2024 11:30,78.99807357859908,6.914514736891038,3.12924431773925,484.9498007641179,0.5,0.3271010546903556
STN004,04/08/2024 11:45,76.2753077861615,6.5,1.6347601361608064,424.7771106644297,2.0,0.1136572343766901
STN004,04/08/2024 12:00,66.62551775042853,7.017484997806263,7.936307256851535,564.6195780815254,1.0,0.3593158431163705
STN004,04/08/2024 12:15,67.59387144309252,6.785881108030032,2.8461928741027114,431.08940070808586,0.0,0.2003297872051203
STN004,04/08/2024 12:30,77.76971553108304,6.921236875821339,7.856018110880945,568.1526765662176,0.5,0.4940782721703305
STN004,04/08/2024 12:45,72.15188658850764,7.0138326457909805,6.359082839338241,561.514085174687,0.0,0.7416717832404092
STN004,04/08/2024 13:00,74.32069393002175,6.657163764274129,7.41335776156032,593.913306751877,1.0,0.4675227978943578
STN004,04/08/2024 13:15,77.28907558982684,6.949815942016491,1.2105265922696515,431.95228519177874,2.0,0.003171145809487
STN004,04/08/2024 13:30,77.74905459377311,6.651473963075301,5.558436458368271,512.3900370339861,1.0,0.5615817833294572
STN004,04/08/2024 13:45,57.59537100177663,7.199778510021258,6.2387179396453085,496.6980997120591,0.2,0.6753943077354063
STN004,04/08/2024 14:00,68.78605017887293,6.5,5.001803162634094,476.0426848274167,0.5,0.3345914704053098
STN004,04/08/2024 14:15,71.66887278598696,7.114869453104887,1.147972615250526,378.9853754298786,2.0,0.0217542490060103
STN004,04/08/2024 14:30,77.26565477940656,6.8426976705565234,2.560577751166899,450.0292796812771,0.2,1.3924923434706298
STN004,04/08/2024 14:45,56.12017550366325,6.757592789170588,5.797311549664679,518.6827926726264,0.5,0.4676432484727126
STN004,04/08/2024 15:00,64.70422920851887,6.730344504129553,7.539632760984958,533.5898163533429,0.5,0.3461944785550114
STN004,04/08/2024 15:15,65.65692366886981,7.057404535861941,5.768974783126358,510.45471867836864,1.0,0.4253601254011542
STN004,04/08/2024 15:30,66.70047981650016,6.8267553529216425,0.4545595990832022,418.6234109381011,2.0,0.8848819495305646
STN004,04/08/2024 15:45,65.0287963026382,6.829337149124052,6.304966959662583,536.7835434324829,0.5,0.1498009877769469
STN004,04/08/2024 16:00,68.0541865558828,6.5,4.685552813280671,484.10131504173296,1.0,0.0916549039613878
STN004,04/08/2024 16:15,78.06837070622649,7.13802348463517,7.383589164346887,588.6003187039177,0.5,0.8333165328787366
STN004,04/08/2024 16:30,76.03796243427507,6.5,4.159006576941664,523.9224674214697,0.2,0.1610076051065578
STN004,04/08/2024 16:45,59.61017242046328,7.329902310781964,3.327612909800637,502.8109348224845,0.2,1.005051580979568
STN004,04/08/2024 17:00,61.07008789780129,6.5,5.437957992483209,506.0600452204896,0.5,1.2972058926095078
STN004,04/08/2024 17:15,56.86153829679329,6.983334654358238,3.553141436186003,457.1878910773876,0.2,0.4212248125883762
STN004,04/08/2024 17:30,73.00628412373914,7.230054107369709,2.2608056025043344,458.9462898271527,2.0,0.4949404241230737
STN004,04/08/2024 17:45,64.30273887567687,6.650184249859698,7.943708147299601,588.867924857964,0.0,0.916766607706587
STN004,04/08/2024 18:00,68.2161528911942,6.773257086678151,5.847684388192741,479.61529700140136,0.0,0.1893520867728916
STN004,04/08/2024 18:15,69.39620483164188,7.434046324582127,2.2835265504018016,451.8534908845918,0.5,1.0781391715034383
STN004,04/08/2024 18:30,69.59499666012312,7.028461498472889,3.4257696369608848,464.90591470892855,0.2,0.4279769813173585
STN004,04/08/2024 18:45,73.67217740007173,6.533246563812992,5.772589763672073,510.0117377497808,0.5,0.333538932595224
STN004,04/08/2024 19:00,60.03457750684087,6.613606983171762,3.704331490589566,481.0289904017776,0.5,0.8154292990290877
STN004,04/08/2024 19:15,75.8434389196702,6.758146330940856,2.6174446335578083,491.33741855311945,1.0,0.155823359756912
STN004,04/08/2024 19:30,70.77132785417173,6.5,0.6227084019274237,425.4703925083824,2.0,0.4446207681658126
STN004,04/08/2024 19:45,65.52173142319009,6.557167121891453,7.698670802997285,596.7405565304606,1.0,0.0842480506709246
STN004,04/08/2024 20:00,57.3149441508704,7.102929109605413,6.342432931994647,511.0654782358635,0.2,0.4731669675996627
STN004,04/08/2024 20:15,71.47552404042933,7.102990109296604,1.4728672730960637,429.8306471988232,2.0,0.010777592415641
STN004,04/08/2024 20:30,77.82481588827243,7.01755873756102,3.278623520535276,445.7765668778,0.5,0.3803101912598861
STN004,04/08/2024 20:45,57.55558677313901,6.5,5.015878847795664,527.9065837979438,0.5,0.1424771160040159
STN004,04/08/2024 21:00,71.45703120572969,7.358289630864338,6.041859257310615,506.2379633518741,0.5,0.695579479724969
STN004,04/08/2024 21:15,57.43409840834583,7.147782911130858,4.1199092125086985,545.3569924711586,0.2,0.026910325105722
STN004,04/08/2024 21:30,60.51838089798843,6.778576404089089,1.4273023070754416,409.170770781104,2.0,0.4938383419523775
STN004,04/08/2024 21:45,64.20181532947794,6.558034459207906,7.580736684429397,561.6297772046656,0.5,0.4346417448476175
STN004,04/08/2024 22:00,62.39284619461647,6.761500963300749,5.284455774590081,474.4945179279543,0.5,1.3515929261476018
STN004,04/08/2024 22:15,61.66130049249479,7.250761453228373,3.920242064245864,483.66833152644887,0.2,0.4109873070320214
STN004,04/08/2024 22:30,76.72955736639658,7.059396177981517,4.603633912669629,526.7625751176829,1.0,0.3494243042459311
STN004,04/08/2024 22:45,62.64741496764864,7.008054914769023,4.460331383542755,538.0817039113269,1.0,0.2071981773059081
STN004,04/08/2024 23:00,73.16516727661099,6.937026129521394,7.504506228778661,555.3570745085982,0.2,0.5332202067374694
STN004,04/08/2024 23:15,77.89059902741721,6.9792928601923565,5.073920688286837,452.9114589862504,1.0,0.3104428425353309
STN004,04/08/2024 23:30,73.61938044985138,7.102179355011892,2.3793050999322816,366.3167896508596,1.0,0.0714807672694942
STN004,04/08/2024 23:45,77.16271918810511,6.971564662410248,6.726281316918825,586.4205486672553,0.5,0.1003486330566123
STN004,05/08/2024 00:00,57.30957734618766,6.763665942373726,5.166363346000408,517.7347315373227,1.0,1.2598475009017838
STN004,05/08/2024 00:15,66.53739145738885,6.995473998897878,4.1461980033202,487.76746524895344,0.5,0.4984028320320819
STN004,05/08/2024 00:30,66.52123826939653,7.133582760313653,2.5044416918503924,463.7956117242909,0.0,1.0983628488689827
STN004,05/08/2024 00:45,56.10020488106952,6.5,5.858703163750777,514.7376331783033,1.0,0.3841230753668844
STN004,05/08/2024 01:00,65.77587485290762,6.831452864024102,7.976880052640338,631.3161056578759,0.5,0.1111442109293572
STN004,05/08/2024 01:15,74.89784475492081,6.708720891402556,7.571674786118272,559.3400933680401,0.5,0.1734911036906836
STN004,05/08/2024 01:30,62.29685960638689,6.704804160492575,2.2813868153792827,440.285061504381,2.0,0.2884378078347706
STN004,05/08/2024 01:45,65.47091191940422,7.199045999995327,2.3506646169696563,449.21502091183686,0.0,0.4004205750054098
STN004,05/08/2024 02:00,77.47292327243439,6.77036772601611,6.253450966027561,531.7943459422099,0.2,0.1202680225797298
STN004,05/08/2024 02:15,66.02827861095058,7.035862944462913,4.964688331827075,496.35702558960793,0.2,0.3608388483423497
STN004,05/08/2024 02:30,65.76442419286572,7.293277939791332,7.385764560283784,571.237614958695,0.0,1.277125410211951
STN004,05/08/2024 02:45,62.49117229802725,6.7528482080776735,6.263828901474276,539.4041755383695,0.2,1.4306804082382634
STN004,05/08/2024 03:00,77.40292463959626,7.422125198061001,0.2210460587282645,401.9348716912826,2.0,0.4116449208126287
STN004,05/08/2024 03:15,72.92470667827853,6.978716365322346,2.2504829217882376,442.9629936710657,0.2,0.5293307109023113
STN004,05/08/2024 03:30,68.29459394121739,6.5,4.200763677916133,450.5376255236878,1.0,0.2792683010707872
STN004,05/08/2024 03:45,69.92437796793675,7.415809432283209,7.1589367865352855,527.3050076174276,0.2,0.3436562273060166
STN004,05/08/2024 04:00,60.5582024924523,7.537649987342312,4.5010235542723125,471.9655345099685,1.0,0.6353574364742935
STN004,05/08/2024 04:15,58.370953851745,7.543791049615109,1.899122478461579,438.70473045323706,2.0,1.1221151078103369
STN004,05/08/2024 04:30,60.7770153036752,6.852118701512391,7.735132588739771,516.6745632888868,0.2,0.3066104650997858
STN004,05/08/2024 04:45,61.46298607982849,7.112205383387095,1.1284356624337917,440.39222774472097,2.0,0.4730875551734316
STN004,05/08/2024 05:00,76.9105092179189,6.664237379773784,2.9138697330366763,480.5408238126339,2.0,0.2481895662861352
STN004,05/08/2024 05:15,64.18591516662218,6.5,3.15688205521099,459.26693235869055,0.5,0.1766931771101189
STN004,05/08/2024 05:30,59.54327341289135,6.776727554673456,2.3190112586866443,466.0423687591461,0.5,1.3252187765932992
STN004,05/08/2024 05:45,74.97741010248302,6.5,3.611795805095042,506.6702131001058,1.0,0.1136000203555397
STN004,05/08/2024 06:00,78.10310114151724,7.143599643641227,1.4446245573134475,417.9358607730941,2.0,0.4539090862018204
STN004,05/08/2024 06:15,69.07620276698862,6.553698597610778,5.889972108935403,538.4293865963399,0.2,0.0299077243442215
STN004,05/08/2024 06:30,56.28426519993763,6.65293552288154,5.464986473344558,491.205327179087,0.5,0.3638559034149501
STN004,05/08/2024 06:45,76.29702143364007,7.1164519516688,3.6576907985403713,427.1850632576291,0.5,0.1162614619912164
STN004,05/08/2024 07:00,71.81246243049495,6.919507043458214,4.055170634059292,469.899350878039,0.2,0.0482126690444045
STN004,05/08/2024 07:15,55.96575748306361,6.893003575190856,1.164474416849228,415.322405106877,2.0,0.0957634205610951
STN004,05/08/2024 07:30,73.01871861591997,6.5,4.210358644252238,449.1759478388243,0.5,0.1340503288171096
STN004,05/08/2024 07:45,58.834650524335665,6.691547837526453,3.5916136081846237,457.1583331706816,0.5,0.3332988835852424
STN004,05/08/2024 08:00,68.92579816243634,7.029066675188889,4.952813758284759,499.82269649308745,1.0,0.3364027676828935
STN004,05/08/2024 08:15,77.19797026585502,7.189831637245138,4.031635275653981,482.44202016760914,0.2,1.1355327953778571
STN004,05/08/2024 08:30,71.58964604364476,6.693944804553376,7.115811812436894,539.5376362192223,0.2,0.0874699412512668
STN004,05/08/2024 08:45,71.70834207848324,7.104739921290964,2.2424559197894807,495.5645635961963,0.5,0.9060189374311584
STN004,05/08/2024 09:00,57.46891761919357,6.7609486653001785,4.1346568117090365,491.5103624529264,0.5,1.4818403238420357
STN004,05/08/2024 09:15,60.26686170462834,6.500654977500676,4.239551234134334,520.8145870216589,0.2,0.4370622975651336
STN004,05/08/2024 09:30,56.82071249090018,7.276799945999562,3.358965067724956,515.6801099296715,0.0,1.1961924683337348
STN004,05/08/2024 09:45,74.58776383158845,6.6581825183439,6.636699319764404,563.4889013057519,0.5,0.3870083243533535
STN004,05/08/2024 10:00,68.28470940130961,6.543247314060095,1.27383638991509,440.2657843814961,2.0,0.877094372489615
STN004,05/08/2024 10:15,72.58963564474959,7.081445867668051,0.2926943013725085,442.1036880229034,2.0,0.3859535524384742
STN004,05/08/2024 10:30,78.5626771691358,6.889236607409456,3.0214330128964493,452.5188423450927,0.2,0.2067543655734249
STN004,05/08/2024 10:45,78.48624195051057,7.354613134306184,6.818740694252218,523.3328541229365,0.5,0.2106785410355817
STN004,05/08/2024 11:00,66.04077580841926,7.375944388370066,0.423339290882188,404.3489353809724,2.0,0.4388769001160348
STN004,05/08/2024 11:15,63.53053759277842,6.689014414057111,2.684710073662102,471.8974743172448,0.5,0.1975688207182664
STN004,05/08/2024 11:30,78.95476414000957,6.622300323828717,0.550085370214403,432.87899170779286,2.0,1.4331274392359976
STN004,05/08/2024 11:45,55.31774723323154,6.900096643288678,2.4309436306205368,470.679505852436,2.0,0.4581081595218321
STN004,05/08/2024 12:00,68.95069904188222,6.98970466891781,6.744000294009194,539.2274107381024,0.2,0.432372925050376
STN004,05/08/2024 12:15,72.80197783699555,6.5,5.2714646058431045,536.0619931790352,0.2,0.1258307587030167
STN004,05/08/2024 12:30,78.35489712221414,6.798098794085697,7.934507660159001,546.2847057037523,0.2,0.3170676298702681
STN004,05/08/2024 12:45,73.66609196029505,7.145368306716459,7.051374826852928,550.0205712773394,0.2,1.380779314567596
STN004,05/08/2024 13:00,72.66227322473492,6.731118393681887,1.2401685871667008,477.4844990978653,2.0,0.5102270144855321
STN004,05/08/2024 13:15,72.2048528384348,7.365751660956137,2.9650740016727144,541.8774421172211,2.0,0.4390576508139787
STN004,05/08/2024 13:30,67.29864872134888,6.674922079674777,5.557504922620043,504.78223536196623,0.0,0.254297158894946
STN004,05/08/2024 13:45,61.05012489888871,6.965957798713887,5.002830316826938,477.8336761726368,0.5,1.2121918023789884
STN004,05/08/2024 14:00,62.351226999665684,7.149971473269364,2.716347525792111,466.6816514408227,0.5,0.7594098521591266
STN004,05/08/2024 14:15,63.810579828644194,6.6997976553408325,3.700321381774631,482.63798589310943,0.5,0.1087250783645364
STN004,05/08/2024 14:30,56.641876208411134,6.511192696291412,3.952649348691784,474.1014303466055,1.0,0.4898727928753551
STN004,05/08/2024 14:45,71.03514537819535,6.677026720640801,2.6006854297460174,486.761503187963,2.0,0.4302670385842065
STN004,05/08/2024 15:00,60.13360945195687,6.864173958454279,7.666983621479243,509.2618960597328,0.2,0.3680840419032297
STN004,05/08/2024 15:15,70.13012535343991,6.846676408325896,5.074828598166127,472.4113645606645,0.2,0.3969513771882524
STN004,05/08/2024 15:30,73.15997863402097,6.749488498597969,7.4359253285375,538.9584167268738,0.0,0.2552388649926093
STN004,05/08/2024 15:45,77.73389677462673,7.197276843601676,3.920806599608128,502.9251581365032,0.5,1.3510419039125332
STN004,05/08/2024 16:00,72.71626171772242,7.336156585146845,4.364346553100321,467.27365889598633,0.5,0.0743431048371269
STN004,05/08/2024 16:15,76.378612243802,7.404311508850143,5.183047910647821,497.4807144473699,0.5,1.2026031194285105
STN004,05/08/2024 16:30,71.25034293522349,6.673306654372664,2.0936594976930625,429.183305911195,0.5,0.4167712785656555
STN004,05/08/2024 16:45,70.33246156696053,6.661126734579209,3.281886320206937,484.3566730903671,1.0,0.1155114829029821
STN004,05/08/2024 17:00,78.78737699804265,6.650036893753903,2.6194179937559614,424.1643874626891,0.5,0.0665089770266079
STN004,05/08/2024 17:15,65.4268304058807,6.741072128838208,3.679435117862345,460.76919339891487,0.5,0.4819163641563255
STN004,05/08/2024 17:30,65.45989802723747,6.693088796473844,2.87104418324952,449.6171433825459,2.0,0.2722807525480285
STN004,05/08/2024 17:45,64.42564284884111,7.280479226892941,2.546874420295256,469.6614606731914,2.0,0.7909024017774977
STN004,05/08/2024 18:00,74.21793853081877,7.026898753855275,2.413350429532228,485.0980810148768,0.2,0.7599153162774508
STN004,05/08/2024 18:15,63.19872434398836,6.504820754283982,5.783514917883371,496.9864639373975,0.5,0.3153433412455012
STN004,05/08/2024 18:30,74.31372205219381,6.826401932532017,0.7880998549038849,421.2390235026002,2.0,0.3912297349166974
STN004,05/08/2024 18:45,73.32979093067702,7.071563852773909,7.500490120283844,501.34877936635417,0.0,0.3266081113069979
STN004,05/08/2024 19:00,69.99530894407656,7.2358474768764065,6.59102439207464,467.0325501217546,0.5,0.0256715599512934
STN004,05/08/2024 19:15,56.65537904417979,6.600757558408724,5.098052721195144,530.6452118616027,0.5,0.2588480839433464
STN004,05/08/2024 19:30,55.056817026392665,6.795466720413426,6.46794001484408,500.4982935111489,0.2,0.0064623319003785
STN004,05/08/2024 19:45,62.70799054922121,7.006491191510055,7.494995021481279,620.9508547300436,0.2,0.3935011514343862
STN004,05/08/2024 20:00,71.7940932351056,6.920327405733224,4.040839590179598,506.7635722527676,0.5,0.3399836162963874
STN004,05/08/2024 20:15,77.46849916297145,7.172486783757175,7.053615877527814,480.5832933905703,1.0,1.0852476128783024
STN004,05/08/2024 20:30,70.23888013664182,7.097562033246313,0.6693098301894216,418.42219430351935,2.0,0.3985596822642409
STN004,05/08/2024 20:45,61.11970641043612,6.817944181004523,0.8550051019778118,395.01566598352105,2.0,0.4763658779430318
STN004,05/08/2024 21:00,64.34045943350974,7.016482905321282,5.896590232863343,549.0178350383957,0.0,0.409356098547687
STN004,05/08/2024 21:15,68.11125157547376,7.507560528340085,2.8907120066837004,463.3356091146484,0.2,0.4983941694204474
STN004,05/08/2024 21:30,78.69526719898437,6.983972594770169,5.293052671542279,517.4926217466212,1.0,0.3873923112796125
STN004,05/08/2024 21:45,61.30950160502479,7.109084920150916,5.531761422627541,507.9632758731712,0.5,1.3182424596008395
STN004,05/08/2024 22:00,68.45047675326842,7.28052348151069,4.378378944336712,447.2147567432024,0.5,0.8845685240788936
STN004,05/08/2024 22:15,62.059847575502374,6.904150692985587,6.375236098050713,560.4312159076031,0.2,0.4653107440566027
STN004,05/08/2024 22:30,79.36722489946362,6.672100053307937,3.407365681539046,492.2895944820526,0.2,0.3463440990341674
STN004,05/08/2024 22:45,69.74794633731392,7.096877433387775,2.2684859936993647,459.2804579187568,0.5,0.4376822691453162
STN004,05/08/2024 23:00,74.125081308147,6.5,2.751322760939125,405.9556315760048,0.2,0.0855433319581226
STN004,05/08/2024 23:15,76.85463430057791,6.7436399500597775,2.434620118509509,446.7535708600095,2.0,0.0498792293437824
STN004,05/08/2024 23:30,62.2880304416678,6.5,4.102638814419301,500.3546004214745,0.2,0.4608622862149895
STN004,05/08/2024 23:45,61.140247081930255,6.5,0.8232484467360384,426.6068145707405,2.0,0.079863317363786
STN004,06/08/2024 00:00,79.33205200567471,6.649909262286074,0.2411622801620372,431.0386309708184,2.0,0.0968727171207781
STN004,06/08/2024 00:15,68.7689310612456,6.668894732230324,5.628943637640053,528.3436217825308,0.5,0.1642614764815789
STN004,06/08/2024 00:30,73.17007158535236,6.684325614459209,2.1935160262979254,436.8330057783742,1.0,0.5111923830241749
STN004,06/08/2024 00:45,78.99174968509426,7.21862930356354,2.453220585059712,475.6728411908181,1.0,0.4285885834211302
STN004,06/08/2024 01:00,67.5713894596245,7.061387120826667,5.54246784094955,465.585681223084,0.2,0.3587398460180932
STN004,06/08/2024 01:15,62.22984341830874,6.667508052481126,2.804018079250472,493.0692868521569,0.5,0.3094172061400659
STN004,06/08/2024 01:30,71.82314880755968,6.723309488183677,7.2273775551478305,526.166074918192,0.5,0.1495464370502754
STN004,06/08/2024 01:45,57.45324597860546,7.289435924015793,2.2611360865224808,421.5723114301837,1.0,0.4048951886777175
STN004,06/08/2024 02:00,68.9325478168058,7.330764044161515,7.695999114696147,603.887001716329,0.5,0.4905431373163649
STN004,06/08/2024 02:15,73.71736777193126,6.948398008962235,3.409551868031699,455.4406172684075,0.5,0.3254935666843448
STN004,06/08/2024 02:30,58.9791403276169,7.006389969818816,5.556725382724938,529.4864062553953,0.5,0.8282831486230262
STN004,06/08/2024 02:45,65.86079812560507,7.017716251773014,7.453841854075554,507.70215279325697,0.5,0.1181985262396802
STN004,06/08/2024 03:00,77.20079763255269,6.848313076747575,5.664814411659767,533.3292874243527,0.5,0.2498999023420947
STN004,06/08/2024 03:15,71.88367999921415,7.285521262034216,6.183697506941605,527.5357567697843,0.5,0.3322729205296286
STN004,06/08/2024 03:30,75.26644915828064,7.077746261823117,0.326813064046609,503.5789233670146,2.0,0.4221931968744531
STN004,06/08/2024 03:45,64.20065452864169,6.733478840672578,2.1326992695947213,431.6730643433103,1.0,0.2516060050888392
STN004,06/08/2024 04:00,67.52312215666015,6.90994671064067,6.653461234508033,563.0942453752406,1.0,0.987776784572798
STN004,06/08/2024 04:15,64.96978039222387,7.383232641153966,6.04684041691745,518.3489266365702,0.5,0.558485896591127
STN004,06/08/2024 04:30,78.17999278411482,6.5,5.476932406483248,477.7994211694519,1.0,0.1454903369887017
STN004,06/08/2024 04:45,78.58617818970627,6.800608817020461,2.430736486234513,385.8782595511279,0.5,0.3695149461011715
STN004,06/08/2024 05:00,58.75106225482145,6.516156284940868,4.235023935089869,449.8437303940263,0.0,0.005037820645239
STN004,06/08/2024 05:15,62.33713770403959,6.722066161662491,2.297872309447432,449.0837735011408,2.0,0.9526440327668584
STN004,06/08/2024 05:30,63.09457066257175,6.888634662714334,2.3845743476415864,380.2365239250647,0.0,0.409378620459979
STN004,06/08/2024 05:45,58.59461774758848,6.534475403779281,2.154455389730791,480.0631081415788,0.5,0.2344802637529638
STN004,06/08/2024 06:00,68.09050464745324,7.207996140885981,4.440039907210255,437.4543296600706,0.2,0.4989742385762525
STN004,06/08/2024 06:15,56.67738875627591,7.671523832108413,7.16346309869413,532.4995818524395,0.0,1.156177221466084
STN004,06/08/2024 06:30,68.65797659077943,6.5,5.606296555377375,501.4614139206613,1.0,0.1206285433865712
STN004,06/08/2024 06:45,73.93373066026284,6.5,6.641538371336655,503.5599334640603,0.5,0.0375924201783895
STN004,06/08/2024 07:00,72.97238831966708,7.215788627449237,1.790733045821592,438.5490000707165,2.0,0.9798380446947084
STN004,06/08/2024 07:15,58.6009400412834,7.081828352078078,4.664596375007639,458.07824078849575,0.2,0.0362626972423232
STN004,06/08/2024 07:30,76.24917224886451,7.020482878870238,2.1254862423848904,466.5303631750227,0.2,0.6910690899636545
STN004,06/08/2024 07:45,59.477395553671975,6.821419813483476,2.349737041074772,399.57933907153824,0.2,0.4294199448314433
STN004,06/08/2024 08:00,79.39546472788203,6.968557903173005,5.735693905703452,520.2818638297439,1.0,0.3510070799326263
STN004,06/08/2024 08:15,72.14986106508024,7.241589436747414,2.053674466296234,427.4500842837565,2.0,0.215960220451496
STN004,06/08/2024 08:30,67.46440956388935,6.5,2.8686847860574662,513.4697993279722,0.5,0.1805083641270354
STN004,06/08/2024 08:45,72.38709102278501,6.834405632464088,3.89680071932909,460.1401085649225,0.5,0.9534063801082916
STN004,06/08/2024 09:00,62.980798538364084,7.313416546202154,2.7646056307419795,413.1952417487363,2.0,0.4974487048166846
STN004,06/08/2024 09:15,76.84677908444202,7.144362102668154,4.236352923457558,500.2196336360725,0.2,0.3335311491448827
STN004,06/08/2024 09:30,58.39982522996216,7.074230385815528,2.884426174950708,447.1191490658837,0.5,0.2903299122919644
STN004,06/08/2024 09:45,63.389749059603666,7.0056263062692326,6.82586273285117,552.4130674039869,0.5,0.3082774849271832
STN004,06/08/2024 10:00,69.11102353757028,6.874111185461923,7.409820838045945,596.2403707537075,0.0,0.1318141045931628
STN004,06/08/2024 10:15,70.25215263060238,6.628406283058271,7.089300236147672,597.0660743921943,0.2,0.2010294048674618
STN004,06/08/2024 10:30,73.47079328009599,7.42539608480306,4.366687505588426,532.6700509639726,0.0,0.1687102612518063
STN004,06/08/2024 10:45,79.01555212058278,7.186585634423912,2.5915038541889115,442.8130586862965,2.0,0.4588139413527815
STN004,06/08/2024 11:00,64.20535881047032,6.5,2.6859235792524787,423.61766797479567,1.0,0.3316839176692739
STN004,06/08/2024 11:15,77.19249276477119,7.4518259395131,1.4061898839328637,390.21060955131713,2.0,0.6866499132942387
STN004,06/08/2024 11:30,60.646337884845806,7.11990367049427,3.816911695607567,453.46901209591215,0.5,0.0753753654263683
STN004,06/08/2024 11:45,56.50474056697004,7.316059205612272,2.115988774735704,445.5511179590292,0.5,1.1070002784872468
STN004,06/08/2024 12:00,75.14744461248011,6.74164831546199,6.856374992365148,517.5028765230737,1.0,0.9884371145047044
STN004,06/08/2024 12:15,55.80583973865925,6.5,0.7319319532493256,390.3619050399111,2.0,0.0035796500464991
STN004,06/08/2024 12:30,59.21249301360026,6.831944968285448,7.955940700376221,541.6732878774775,0.0,0.3350096711752556
STN004,06/08/2024 12:45,66.41132223415042,6.852926173950122,3.400261798167965,467.3094860948173,0.5,1.1781630822728697
STN004,06/08/2024 13:00,66.7940301123342,6.535394513788667,5.933500665041053,520.5623048905861,1.0,0.0007075638426899
STN004,06/08/2024 13:15,57.48259103146555,7.1817553095846565,1.571878682307246,478.30499906426473,2.0,1.3333750955352854
STN004,06/08/2024 13:30,73.13551778308332,6.87789146514992,2.090267941989901,431.4709224885664,2.0,0.6004007583983584
STN004,06/08/2024 13:45,66.91836809685535,6.530692427649464,3.434825055353949,397.4000486574638,1.0,0.6874169125355007
STN004,06/08/2024 14:00,60.582227526669925,7.0927038774664855,4.86853966560061,445.234363542188,0.2,0.4559559420543222
STN004,06/08/2024 14:15,74.2872179155409,6.74136117882236,7.706726567293051,556.1113133396026,0.2,0.3822731628075864
STN004,06/08/2024 14:30,75.85709789073556,6.979730572162323,2.4403831839158228,477.60751000280567,2.0,0.4551709562359637
STN004,06/08/2024 14:45,57.380075150299426,6.564732336836589,2.7680836498126653,473.1954439604754,0.5,0.3060268870691899
STN004,06/08/2024 15:00,62.90872174479202,6.58432521403075,7.413254020149839,573.6306063211896,0.2,0.7286633250605004
STN004,06/08/2024 15:15,76.96839672360055,6.530845475039533,2.610173021577896,423.10627727179656,2.0,0.0669462694979143
STN004,06/08/2024 15:30,63.08927062022773,6.875480593782939,3.484899046984096,485.2676757971848,0.2,0.2149761094893763
STN004,06/08/2024 15:45,58.58836500540266,6.886896330141642,7.208487311932403,506.92159173664777,1.0,0.3632129729313023
STN004,06/08/2024 16:00,59.65669620097293,6.5,3.4443659263370394,478.7980317637017,1.0,0.0910148527129459
STN004,06/08/2024 16:15,63.61447421082929,6.649755310510455,3.285211512086637,448.73292218098254,0.0,0.1270837592964528
STN004,06/08/2024 16:30,61.50028936665878,6.7430515386492855,5.078991094265144,510.2326102470778,0.5,0.2706140897112633
STN004,06/08/2024 16:45,70.50581365769875,7.2564207587914735,6.648039940994567,568.4009330015168,0.2,0.2567283396363461
STN004,06/08/2024 17:00,76.98058888318192,6.924407253791957,7.433113823559942,531.8235938201535,1.0,0.3356475815393445
STN004,06/08/2024 17:15,62.853927406235194,7.192560047870739,3.778408585431305,486.8683374910773,0.5,1.146173971833275
STN004,06/08/2024 17:30,76.07703722557707,6.666595983803116,4.865174069565096,456.9144535715342,0.0,0.4896853388041134
STN004,06/08/2024 17:45,67.56150560158724,6.732270433855867,2.0704224828235325,460.2190967195466,2.0,0.1821827502341467
STN004,06/08/2024 18:00,60.439329975716646,7.309391199812854,4.358870364783058,475.888496975516,0.5,1.1355982202662618
STN004,06/08/2024 18:15,63.32462717061047,7.332445451140994,4.733329938305296,541.7519332200982,0.2,0.3347198115556336
STN004,06/08/2024 18:30,61.66717931122281,6.5068881912525525,6.411934635699481,555.5647236285928,0.2,0.1977475498673922
STN004,06/08/2024 18:45,71.5227256447655,7.433600585856857,5.45091275320898,558.5096075708948,0.2,0.4446453573645719
STN004,06/08/2024 19:00,61.157522790093466,6.988574480208169,1.0566908773367762,416.1947127099218,2.0,0.2041048507884044
STN004,06/08/2024 19:15,62.80521777878979,7.330399934935106,6.363447595580673,541.8131184952281,0.2,1.4968715027929247
STN004,06/08/2024 19:30,70.56156221527993,6.936651090720782,5.501270954768264,519.412473778204,0.5,0.1960315345214786
STN004,06/08/2024 19:45,59.676368378753956,6.5,1.0116315199268573,379.6474909082625,2.0,0.3296321935338247
STN004,06/08/2024 20:00,69.90371544568417,7.460430641363337,5.583230930294828,471.68026424443855,1.0,0.0239251669187076
STN004,06/08/2024 20:15,64.57078284771322,7.431411062052023,4.43988472992695,494.31862377998334,0.5,0.461231437812619
STN004,06/08/2024 20:30,69.30212345152997,7.282341092312381,0.7518115191560035,434.491321981086,2.0,0.3845701203172801
STN004,06/08/2024 20:45,70.67851675139414,7.059419212351534,7.042027040959415,532.8061889688842,1.0,0.5230486776016513
STN004,06/08/2024 21:00,78.77689012821023,7.703717507923892,2.718426326696723,451.43266264817487,0.2,0.5793152161581652
STN004,06/08/2024 21:15,68.26201323842592,6.672064393994993,3.769118907792676,459.850950576069,1.0,0.0116144867794357
STN004,06/08/2024 21:30,67.86147940145642,6.814698253993945,1.3518828719605125,449.80432442843215,2.0,0.7539579568161426
STN004,06/08/2024 21:45,57.10478485925754,6.720639302118592,4.990429780072225,533.9711542629339,0.5,0.2132271092764128
STN004,06/08/2024 22:00,69.28089819569192,6.800521374919193,3.094866641405136,472.96396949689256,1.0,0.3388641758190042
STN004,06/08/2024 22:15,63.49449582570179,7.1643408684893615,1.665273706464136,388.5241300468005,2.0,0.7432619040878441
STN004,06/08/2024 22:30,75.80836310970508,6.557943612426256,2.9881623819899925,477.63845275888207,1.0,0.2540238821197575
STN004,06/08/2024 22:45,73.58391226256244,6.716050942324404,7.0484682904606135,528.2088794291644,0.2,0.3223947259577944
STN004,06/08/2024 23:00,78.44613174884881,7.34754281659949,2.421470389618836,446.214577512883,0.2,0.2174275547450131
STN004,06/08/2024 23:15,60.73174223897465,6.921632804458865,2.809491784790548,406.8431965970916,0.5,0.4278742426621195
STN004,06/08/2024 23:30,76.61418664622198,6.925653116117617,3.0490141288104784,482.7146831226427,0.2,0.1173697551441053
STN004,06/08/2024 23:45,62.606360119790104,7.670394050418356,2.39644280771896,474.2869273021913,2.0,0.4941662096554887
STN004,07/08/2024 00:00,59.13722599063509,6.98325461005414,6.015309227699312,496.71358613903885,0.5,1.4983843684227574
STN004,07/08/2024 00:15,64.5331109588048,6.795626242818977,2.9168372814459262,502.6392204037745,0.5,0.0387865227822657
STN004,07/08/2024 00:30,56.50428694539419,7.257880299948134,7.906704795582723,566.6355028329666,1.0,0.4533704420722947
STN004,07/08/2024 00:45,67.30675536320527,6.644464235090692,5.450968447411132,486.3135155237724,0.5,1.2637879037867177
STN004,07/08/2024 01:00,58.05351822201075,6.529251880552093,4.210355848834634,456.37944582767045,0.5,0.3207858920541591
STN004,07/08/2024 01:15,78.78383244384256,6.776487393354269,2.448717577494717,449.7057659976027,0.0,1.3468455082518074
STN004,07/08/2024 01:30,79.67475015731316,6.831853581808596,2.394786204994233,411.12894087612,0.5,1.051510932295454
STN004,07/08/2024 01:45,71.61040243286769,6.593863536816832,2.413050372293334,443.1561340720768,2.0,0.4865880939437207
STN004,07/08/2024 02:00,66.04730722296271,6.761501875133597,4.20156791939568,453.9179613385392,1.0,0.4582303118441035
STN004,07/08/2024 02:15,63.88513783293403,7.208595473453723,7.37310096289787,596.5818932228874,0.5,0.4448274448877783
STN004,07/08/2024 02:30,73.51275745046347,7.041329464482383,2.199313344501027,466.3145922035846,0.2,0.0931516093990955
STN004,07/08/2024 02:45,75.09049348574734,6.664162269904067,1.2592265584556723,461.2620020766056,2.0,0.2332224643333623
STN004,07/08/2024 03:00,74.71984976508274,6.799695736987295,0.8635768837791806,414.3343368985923,2.0,0.1930433893893214
STN004,07/08/2024 03:15,72.77903778606552,6.5,2.1448587607508074,435.30486462192056,0.5,0.2118497553669135
STN004,07/08/2024 03:30,72.84504345947958,7.085119554668123,4.405372154180055,554.2576594534709,1.0,0.1803377886388695
STN004,07/08/2024 03:45,72.47377518154916,7.303729600373001,3.718174401279824,505.40855011243167,0.5,0.9237820328491848
STN004,07/08/2024 04:00,55.9189028533798,6.509834735801523,2.7670738863212567,478.8822509891549,0.5,0.6680467854773807
STN004,07/08/2024 04:15,79.1658928699133,7.1326802206867965,0.2674107494435205,461.1582889888024,2.0,0.1498822132311052
STN004,07/08/2024 04:30,74.67374753109281,6.842784922413252,3.175767594369113,448.0076934548711,0.0,0.1158252166421515
STN004,07/08/2024 04:45,66.60765782294804,6.962503888623221,6.6924431448398405,470.0322710614564,0.5,0.8856876416766848
STN004,07/08/2024 05:00,76.05603157354749,7.148433123328085,5.574879543478292,565.026823105366,0.2,0.3498071135527859
STN004,07/08/2024 05:15,69.91188515574417,6.79912983201591,7.715781464985524,532.526974209977,0.5,0.1088180548584119
STN004,07/08/2024 05:30,69.80583465988545,6.812754661924349,2.969877330050476,452.1428637959808,1.0,0.4758521792433636
STN004,07/08/2024 05:45,59.280063890475155,6.697525097412292,6.219399711114051,538.8718756148351,0.0,0.3831305784425047
STN004,07/08/2024 06:00,58.480909808250665,7.648962639590692,3.1313306795059503,432.0413319799237,0.5,0.3518938891246166
STN004,07/08/2024 06:15,66.79050076310413,7.353875629727621,5.230997218069563,489.6301619907273,0.2,0.3643519040853116
STN004,07/08/2024 06:30,65.90524307755877,6.813563250652378,2.586237746982837,489.95115366680005,1.0,0.5104483019097927
STN004,07/08/2024 06:45,71.79073707630911,7.024049702975575,6.369576645183248,542.0014267252153,0.2,0.1484556862136212
STN004,07/08/2024 07:00,79.33235873995417,7.00094281498122,3.9693349198687056,481.3944891773855,1.0,1.1264260864441369
STN004,07/08/2024 07:15,64.48337561570675,6.688384229096193,5.8459947679151325,512.7346027456184,1.0,0.958919299955983
STN004,07/08/2024 07:30,69.30125511580651,7.032177719402921,1.4006030167489922,429.7577503002311,2.0,0.7067254656605388
STN004,07/08/2024 07:45,72.994690199775,6.836139099405088,0.9237233431797364,436.688476421664,2.0,0.9569763156251236
STN004,07/08/2024 08:00,58.35858535524891,6.9697192571195785,6.653548361634428,533.0868313656073,0.2,0.4326411812129049
STN004,07/08/2024 08:15,71.24109177119725,6.659659769781387,5.816214610240383,521.1372155080826,0.0,0.39190602915187
STN004,07/08/2024 08:30,71.65617137778246,6.576989590530946,6.308040742028547,523.2215113561482,1.0,0.4885109785780249
STN004,07/08/2024 08:45,69.60513620483235,7.670735937926015,5.50606438014704,534.6683872617299,1.0,0.8210229273766221
STN004,07/08/2024 09:00,68.33917716618365,7.024564965139157,5.90542968445463,508.6009224294484,0.0,0.1860819836532065
STN004,07/08/2024 09:15,69.51523108770203,6.533802138398412,6.59278179825757,514.2104163336687,0.2,0.3670212803190747
STN004,07/08/2024 09:30,63.844243714549094,7.748791087800554,7.250385668115989,527.0112925696204,0.5,1.1136922415411237
STN004,07/08/2024 09:45,74.02936272575087,6.703513293299636,0.5597878156570226,436.40153944897867,2.0,0.0634110758394533
STN004,07/08/2024 10:00,77.0268720667035,7.084644853750704,2.0018491734392483,427.4421757695556,2.0,1.1215665111379662
STN004,07/08/2024 10:15,75.0720410099486,7.062469582203691,2.9342991404452383,520.0952359381812,0.2,1.0742805141110865
STN004,07/08/2024 10:30,77.32327374260032,6.698299137248761,2.656137226576242,436.9755670201095,0.5,0.4490976558956201
STN004,07/08/2024 10:45,66.61988296319868,6.5,3.4460020715421047,452.786559616718,0.0,0.3368610843384146
STN004,07/08/2024 11:00,61.65851628181671,6.8428408386906,4.30852726613345,449.55711487884673,0.5,0.0123632809048735
STN004,07/08/2024 11:15,60.82212858198369,7.490200080099103,3.445838480834179,450.8097329610664,1.0,1.1936799783035976
STN004,07/08/2024 11:30,55.00947355781244,7.275288419354461,7.521819867261248,579.3261782816453,1.0,0.4495606263369299
STN004,07/08/2024 11:45,57.762613712052335,6.9035756291697,3.115804050901228,465.3621124198063,0.5,0.6620999412967872
STN004,07/08/2024 12:00,64.48310829414082,7.455917519102423,2.479970165094444,423.48589685471006,0.0,1.060655121776901
STN004,07/08/2024 12:15,78.77392288498112,6.811954302912031,7.080402959688554,519.6046448113774,0.5,0.3986579369563689
STN004,07/08/2024 12:30,58.478492293420125,6.613975649483021,1.7848811179302129,437.7939325251502,2.0,0.0080021334371485
STN004,07/08/2024 12:45,76.9111476446098,7.206156729313795,2.3274476517983977,448.08273025746007,0.2,0.9989808663178192
STN004,07/08/2024 13:00,56.81294239941729,7.13976343854142,6.520320776906445,572.0287425657353,0.5,0.1225157425492273
STN004,07/08/2024 13:15,56.39470863104856,7.165848385848206,3.0982340630200564,468.87746225204097,1.0,0.4528098362833699
STN004,07/08/2024 13:30,63.67822675089285,6.528345775264702,5.197801756855002,482.9258549637038,1.0,0.1728250068484373
STN004,07/08/2024 13:45,58.440517777416936,7.556931827361155,2.746290447119729,411.2304530723573,2.0,0.150874164149753
STN004,07/08/2024 14:00,67.38604862495536,7.0399713019464505,3.557568166675302,451.01417640169774,0.5,0.4630579920736978
STN004,07/08/2024 14:15,77.34204795721726,7.2832711494530304,2.325744972089529,452.6355613420178,0.5,0.3722464770616305
STN004,07/08/2024 14:30,63.0659316939068,6.697526797824575,3.007230001044693,473.9539913918777,0.5,0.2787576208969081
STN004,07/08/2024 14:45,71.35099223237478,6.701284990626777,1.5798396093999878,457.3760934202259,2.0,0.0700021223993018
STN004,07/08/2024 15:00,70.34943107653446,7.222595472176255,4.44395234223559,471.77745130474426,1.0,0.4487886003980745
STN004,07/08/2024 15:15,57.54998416390793,6.928723035221451,1.706594787686301,422.7670749839347,2.0,1.151042741059096
STN004,07/08/2024 15:30,68.57568139092479,6.541062028257587,5.939504392643594,533.6763887491671,0.2,0.0809280372852058
STN004,07/08/2024 15:45,68.54735165888229,7.509869030439268,6.425693243339471,579.2282840655837,1.0,0.0074919466609895
STN004,07/08/2024 16:00,72.52927549595154,6.647542052608298,2.450186441437064,454.9087106370504,0.5,0.3076137052068959
STN004,07/08/2024 16:15,57.70557650316655,7.286334114830112,4.170615542035261,439.2419502082473,0.0,1.0894898139310183
STN004,07/08/2024 16:30,73.91321298928085,7.383567355240836,7.157831587303587,543.8692580925872,0.0,0.1778152493656952
STN004,07/08/2024 16:45,63.71275704070315,6.5,6.780987838334989,524.9607474433242,1.0,0.3500766705451032
STN004,07/08/2024 17:00,78.62244834265971,6.5,3.645279325377793,500.0217870580025,0.5,0.3314804886614994
STN004,07/08/2024 17:15,70.50442652045972,6.855159068412031,1.6128036974098117,445.71154196014015,2.0,0.1873053859847148
STN004,07/08/2024 17:30,56.15687168813387,6.532222006053006,6.358080347762985,534.4325523328814,1.0,0.1219228517172548
STN004,07/08/2024 17:45,66.59336108455759,7.505334327463168,6.526851144955213,537.455649535839,0.0,1.003555350176345
STN004,07/08/2024 18:00,70.70610261437233,6.995337664525797,7.206104403010446,525.6806372815836,1.0,0.4907489107395485
STN004,07/08/2024 18:15,57.99620596304457,7.285863081153868,4.1926876722735456,520.0240069940047,0.2,0.9729115805293622
STN004,07/08/2024 18:30,78.59064110864252,7.188906686410849,5.148969182717367,533.9029849491851,0.5,0.3410328842915782
STN004,07/08/2024 18:45,78.0482639289958,7.401944604824669,7.338342457030764,542.940162263325,1.0,0.002632240603037
STN004,07/08/2024 19:00,59.72444513967697,7.28300812601869,2.6934866057083564,458.42600291817246,2.0,0.371086430246794
STN004,07/08/2024 19:15,74.14416037619911,7.144926714731301,3.0380240637590616,479.9964119998724,0.5,0.1266872482299115
STN004,07/08/2024 19:30,68.16807358837877,7.093120384992106,1.476018070201183,389.2463485498612,2.0,0.0885580028123099
STN004,07/08/2024 19:45,69.37889452309066,6.611643313923018,5.604514947973148,561.3110365577821,1.0,0.4517503229159114
STN004,07/08/2024 20:00,75.40177409747403,6.866271443832821,7.114845998289389,501.8960308382004,0.5,0.0408295788446231
STN004,07/08/2024 20:15,58.79638249112604,7.00359206165679,4.443399116384522,470.7678311550214,0.5,0.2621128165610364
STN004,07/08/2024 20:30,73.33583187650142,7.085484071068563,5.264063555959063,505.8037377075025,1.0,1.1416180802666098
STN004,07/08/2024 20:45,57.336711856807455,6.587579495353632,6.105875616496958,535.9522206492477,0.0,0.3311795768852091
STN004,07/08/2024 21:00,79.97222494933706,6.999712380527943,0.5476580842329453,394.1948504628545,2.0,0.1427909833783552
STN004,07/08/2024 21:15,66.09222030628946,6.866520896468879,5.087997529830327,521.2516329338872,1.0,0.4650384717067621
STN004,07/08/2024 21:30,63.86810861554922,7.24146433559097,2.7548324319418582,498.5829682198406,0.2,0.121345895954916
STN004,07/08/2024 21:45,67.29688635517908,6.580945284333088,0.5255711516459619,443.38571082148616,2.0,0.0418958613525383
STN004,07/08/2024 22:00,75.7505097136192,6.5,3.105443655817158,436.4220846654331,0.2,0.3006767450351201
STN004,07/08/2024 22:15,73.28639612550654,6.841758321067672,2.224894106163615,491.21284252110064,2.0,0.0144729461899335
STN004,07/08/2024 22:30,56.38614016911893,6.72252776914376,6.195868642584921,523.0824707782995,0.5,0.3703281772082202
STN004,07/08/2024 22:45,71.38609955964043,7.036262320002604,3.1751174461675644,501.5349519390157,1.0,0.6052516209386497
STN004,07/08/2024 23:00,72.06226328365716,6.7439772424022895,4.602804143224992,506.7789671225759,0.5,0.4193764358045633
STN004,07/08/2024 23:15,71.63879403860541,7.04940827609899,6.776646673824953,484.8040047800656,1.0,0.9549953921878696
STN004,07/08/2024 23:30,78.07240716589232,7.048112034151327,4.526801723961325,490.0328576641859,0.2,0.4470597565895436
STN004,07/08/2024 23:45,57.06526356146128,6.562975636118157,3.882959941577829,504.8968646623451,0.2,0.5377679246940013
STN004,08/08/2024 00:00,59.528597464837524,6.655595485460731,6.845454561244721,549.9474508938033,0.0,0.3877595869836941
STN005,01/08/2024 00:00,8.074502049918244,6.67520459365582,7.592759808242689,588.7189509392592,1.0,0.3995492153279593
STN005,01/08/2024 00:15,8.275481428383769,6.906331380387736,5.948793994037138,517.963112580488,1.0,0.2921940707866946
STN005,01/08/2024 00:30,14.82507700462222,6.6878448025219965,1.920470986917307,473.5964543604219,2.0,0.2960201596800228
STN005,01/08/2024 00:45,8.572111982000779,6.877810543300598,6.182738946439986,515.945251720563,1.0,1.3935083687327428
STN005,01/08/2024 01:00,4.999772724179049,6.5,4.680627417586845,518.4216255789325,1.0,0.1425791077593439
STN005,01/08/2024 01:15,13.707853393124413,6.5029972163739,6.1871600755986,510.5639761441519,1.0,0.4736651522021394
STN005,01/08/2024 01:30,2.8706428331058698,7.573798211112718,1.791443469628903,436.8200763234768,2.0,1.2069999426025886
STN005,01/08/2024 01:45,9.280962685609445,7.145510874611827,7.740991257169929,559.6846739073322,0.2,1.2032616193460155
STN005,01/08/2024 02:00,11.992270845289594,6.53764296652878,3.6288191647161296,460.1691409775377,0.5,1.2898828775652025
STN005,01/08/2024 02:15,0.8586753917909279,6.910270022039778,7.564376285681475,552.6508212021204,1.0,0.0679764864542648
STN005,01/08/2024 02:30,2.8250898246220175,6.5,5.84605137650386,554.7972387808956,0.2,0.2332354932576935
STN005,01/08/2024 02:45,9.808794818768265,6.5,1.9422602654485968,450.5544919950361,2.0,0.196100440837611
STN005,01/08/2024 03:00,8.198545337561377,7.445584758583367,6.028697050894936,512.747256886849,0.5,0.4825930407060222
STN005,01/08/2024 03:15,12.286426471587651,6.860097641227357,6.863809710439877,553.6177481269116,0.5,0.7033429553079026
STN005,01/08/2024 03:30,7.74396762552862,6.982621946989604,3.0584610653248774,406.06766507305366,1.0,0.2578885621224756
STN005,01/08/2024 03:45,8.018621156668848,6.509171266834147,6.642512209864783,568.8575849217705,0.5,0.1176023351151426
STN005,01/08/2024 04:00,8.052093207379734,7.120821075741322,0.5391157493032201,432.0489375401105,2.0,0.6151290416145089
STN005,01/08/2024 04:15,0.48564785045813963,7.438607889094508,1.7951033037115447,435.5919071415831,2.0,0.9468448215108812
STN005,01/08/2024 04:30,13.953909321690983,7.0448410544305,6.62456146300906,506.2980268179978,1.0,0.2543164015758803
STN005,01/08/2024 04:45,13.457650826569742,7.074046164105553,2.0676158962942406,403.5218793669013,0.2,1.4766032961821909
STN005,01/08/2024 05:00,7.80800238892588,6.80968951980515,5.589516032540028,480.561421511441,0.2,0.4867757057820749
STN005,01/08/2024 05:15,11.070024053157477,6.707274664652322,7.402498556767326,558.3165618291941,0.5,1.4022193815013853
STN005,01/08/2024 05:30,3.8759687607883837,6.887161639141821,1.559455370718453,421.9550849806247,2.0,0.0894373872281502
STN005,01/08/2024 05:45,12.084527545872257,6.727950213348122,5.843601145304804,486.9354002258062,0.2,1.0857633561374034
STN005,01/08/2024 06:00,11.855348344978626,6.727956169493838,6.045983673213131,494.9135284856534,0.2,0.4247823912136321
STN005,01/08/2024 06:15,14.144094851933062,7.263505550444234,6.908506716352819,563.7057152788834,0.0,0.0108191801562905
STN005,01/08/2024 06:30,7.4850658381385955,7.110147504443396,5.736515947510227,541.4494053675684,0.5,0.2085393699826629
STN005,01/08/2024 06:45,3.6220559762169726,6.5,2.059895056289702,404.180250120632,2.0,0.1335730559788663
STN005,01/08/2024 07:00,7.5269400043267725,6.850526318176163,6.716017401066059,540.3477386592323,0.0,0.0339032062999288
STN005,01/08/2024 07:15,1.9976566628621362,6.50422407441246,4.349881452036044,535.4114434763137,0.2,0.2652110700251945
STN005,01/08/2024 07:30,11.796839253392246,6.632965151846172,5.10231059106162,487.4163620571167,1.0,0.1587825961248007
STN005,01/08/2024 07:45,12.774135488073211,6.679400940502445,0.808865062244172,381.2370132128472,2.0,0.249391703616356
STN005,01/08/2024 08:00,7.075224200563496,7.256680922908139,1.2051380542790409,403.7311674094504,2.0,0.0909244830478042
STN005,01/08/2024 08:15,10.199510098265536,6.643534650110387,5.600824862869088,549.7040664351821,1.0,0.436360964002857
STN005,01/08/2024 08:30,12.72109832937027,7.152882288048096,7.740495013170227,592.0495973225778,0.2,1.4991952227857115
STN005,01/08/2024 08:45,5.032770208523011,6.754133296357344,5.413672418122783,499.9138183773008,0.5,1.1087048853670225
STN005,01/08/2024 09:00,14.71765008378509,6.812103969527014,0.423755187190216,410.27474972604034,2.0,0.1442330072428121
STN005,01/08/2024 09:15,4.819524310169509,6.5,1.1687888401673656,436.9074778351378,2.0,0.3201762651722765
STN005,01/08/2024 09:30,11.332700916574115,6.89777760713919,3.321956264490576,475.378725222366,1.0,0.7884345633134981
STN005,01/08/2024 09:45,9.288078194067102,7.003204715466359,3.980103816549768,449.87447878012256,1.0,0.1931690988450917
STN005,01/08/2024 10:00,3.056063903552333,6.983848572278171,0.2118556902005722,405.105304200657,2.0,0.8586562023108819
STN005,01/08/2024 10:15,9.926724038490178,6.5,2.1427919044807053,410.2289143261288,0.5,0.2282032552118438
STN005,01/08/2024 10:30,9.163560372107899,7.323200540337997,3.7152566077733926,484.6881160323798,0.2,1.0754687219014571
STN005,01/08/2024 10:45,6.969856083371294,7.322101820186296,7.293223647307757,558.7586070047853,1.0,0.4289706582770675
STN005,01/08/2024 11:00,2.414191791591842,6.871808366093339,1.4126404095027087,426.3782401752839,2.0,0.0919466736948509
STN005,01/08/2024 11:15,0.9239036524306221,7.033234234720278,5.476527232646025,524.0269984974036,1.0,0.8721846481202109
STN005,01/08/2024 11:30,14.57322008711817,6.5,2.099201432787497,424.5913285450541,2.0,0.168767971783885
STN005,01/08/2024 11:45,4.874709698212615,6.994420353313418,2.729355275099496,436.5354235863709,0.5,0.0358315174744993
STN005,01/08/2024 12:00,8.216630328851274,6.714864174694903,2.828650845197326,453.0407468238171,0.0,0.2997208390491229
STN005,01/08/2024 12:15,3.233277897506592,6.856397872259765,6.155451220444446,519.7970904498231,0.2,0.1001744377191526
STN005,01/08/2024 12:30,6.474387321812539,6.797900790021748,1.293110943373567,448.0694844795146,2.0,0.3033516054309962
STN005,01/08/2024 12:45,10.178212330257118,6.5,7.362620239038634,564.8974612455249,0.5,0.642956305561258
STN005,01/08/2024 13:00,8.262055156744244,6.928894436924097,5.190401568026063,513.3046977865614,0.0,0.1709246580708396
STN005,01/08/2024 13:15,0.7809012922674147,6.5,2.407779835493494,457.9531322186058,2.0,0.3352418259223172
STN005,01/08/2024 13:30,7.999650852026347,6.719222182656984,7.233598423041508,518.9626762257985,0.5,0.0168802902984014
STN005,01/08/2024 13:45,13.248325916667808,6.83379759425276,0.4166777837671633,382.0378315328544,2.0,0.3927581738477924
STN005,01/08/2024 14:00,12.14621952956673,7.080159996064921,6.146483848067758,519.6839061081729,0.5,0.1230020174839628
STN005,01/08/2024 14:15,4.750153529284608,6.909379277684542,7.451516205775972,577.4388008356776,0.2,0.0558140003341617
STN005,01/08/2024 14:30,6.586051346902003,6.74509071081947,4.11026753859146,475.0335522298065,1.0,0.3149562654750309
STN005,01/08/2024 14:45,1.915493364036402,6.811915197944604,0.3578821768023201,408.41467097776285,2.0,0.3560578165588803
STN005,01/08/2024 15:00,1.0827473397316716,7.438493798202443,6.481662991463375,550.8625332726169,0.0,0.1161940394233327
STN005,01/08/2024 15:15,7.53518624905903,6.7636360886016575,0.500466799939929,413.46550605110326,2.0,0.0946972106555633
STN005,01/08/2024 15:30,8.108622063602377,7.378025395816248,3.024339387566438,488.29598441916073,0.2,1.2107480409150924
STN005,01/08/2024 15:45,9.134624593304498,6.883740435797108,3.089493659831086,509.8746769889102,0.5,0.1121566600212637
STN005,01/08/2024 16:00,10.227254339132669,6.702594890812458,7.289009065145658,527.6414568185247,0.5,0.3740825458482512
STN005,01/08/2024 16:15,0.19652274001804193,6.886116462353167,2.9094565345054386,472.8396143913364,2.0,0.3604975736652776
STN005,01/08/2024 16:30,13.445989595344235,6.777204052018046,2.952611947274734,465.4173024973786,0.5,0.1210391544115259
STN005,01/08/2024 16:45,9.367455579719278,7.324354539875872,3.4314010055763315,420.24960177395496,0.5,1.37746749803452
STN005,01/08/2024 17:00,2.2651963175991425,7.369052067214768,2.924811986651593,472.2531313459562,2.0,0.4633403727315524
STN005,01/08/2024 17:15,4.404423024376834,7.209642565261164,6.3227387597086535,535.4401935918071,0.0,0.874263634326981
STN005,01/08/2024 17:30,9.263475630584741,6.768712744087454,7.555830952589384,547.6658424682053,0.0,0.4716308146646968
STN005,01/08/2024 17:45,4.563471504999771,6.824755978196663,3.6579884561369433,453.01921211608544,0.0,0.7153350558901554
STN005,01/08/2024 18:00,13.758479310852819,7.661140238604481,5.240048281962633,533.610675579426,1.0,0.2051199526501586
STN005,01/08/2024 18:15,12.036659956132937,6.909368456346697,4.081497764345244,516.9035175453035,0.5,0.3555969812494047
STN005,01/08/2024 18:30,4.427029185165886,6.915911255722386,2.7851210947758647,431.22773052074126,2.0,0.3360696506570702
STN005,01/08/2024 18:45,3.6090171002930522,7.006181421983656,4.496606292260839,433.6124415749115,0.5,0.0156829039940244
STN005,01/08/2024 19:00,8.028285171040336,6.5,4.983260982944234,468.6787808785784,0.2,0.0996676660076267
STN005,01/08/2024 19:15,11.676942077803147,7.605128028037208,1.862954570155059,436.3756497675464,2.0,0.4186014523175325
STN005,01/08/2024 19:30,12.778172771228158,6.646292924954139,6.49798646955299,591.3973093584797,0.2,1.1617018924346645
STN005,01/08/2024 19:45,10.250467936664062,6.587560169374023,0.3377508142784794,397.0121824077862,2.0,0.3978163398079055
STN005,01/08/2024 20:00,8.169493276576711,6.626428382931801,3.752318567883183,464.1192631337375,0.2,0.4185543542831788
STN005,01/08/2024 20:15,12.341277293638775,7.045260304561013,4.266374527109073,482.1100973048323,0.2,0.1204896147575307
STN005,01/08/2024 20:30,1.5958955320312969,7.120508893108033,4.9066541360301565,496.7903624592888,0.5,0.1203217044929274
STN005,01/08/2024 20:45,6.987890415324912,7.359832135513868,5.017003034450209,485.8985055788882,0.0,0.4277844624066226
STN005,01/08/2024 21:00,12.987682980441809,6.91723538924593,5.051320352498306,462.9208775709002,0.0,0.0836795499483989
STN005,01/08/2024 21:15,2.798570804289235,6.5,5.457504398089542,531.1311627930507,0.5,0.3197095008656989
STN005,01/08/2024 21:30,7.235386830652894,6.555437458005791,6.755238155714673,588.6467644232885,0.2,0.317024819155621
STN005,01/08/2024 21:45,10.835166110271178,7.013578206891882,6.520447588603419,499.0809241633073,0.0,0.4791484233601645
STN005,01/08/2024 22:00,1.8060481222086073,7.484228487166663,2.9059091853939245,436.8655936410681,0.2,0.0769853323683002
STN005,01/08/2024 22:15,9.212419284679282,7.01738183831874,4.675709879556743,475.9868016531915,0.5,0.2285701963940581
STN005,01/08/2024 22:30,11.68792005319391,7.203393370836827,5.431462869133359,557.0310136608955,0.5,1.4739201083899565
STN005,01/08/2024 22:45,0.8990607043229826,6.5,2.335725475885436,476.1684002269452,0.2,0.2391457810047679
STN005,01/08/2024 23:00,14.61315474172034,6.623256193941257,2.9223605090348284,457.7442192033183,0.5,1.4472125694419624
STN005,01/08/2024 23:15,5.705861159036613,7.055188464758317,7.94903162626234,549.9011808749137,1.0,0.4689871659408914
STN005,01/08/2024 23:30,4.678588349652712,6.772572828869504,5.985087739138928,531.2739717279417,1.0,0.7381412429121013
STN005,01/08/2024 23:45,1.0008591010461205,6.576956130304802,2.779051332666202,467.9511369312001,0.5,0.1513680144108022
STN005,02/08/2024 00:00,4.446321751184662,6.774095733667288,7.056976752351011,489.8723969969028,0.2,1.0559990153552166
STN005,02/08/2024 00:15,1.698839920007038,7.063831493594094,5.626210526428331,483.6434474419584,0.5,0.915178903175162
STN005,02/08/2024 00:30,6.329799741303199,6.639002543496738,0.5995831693759552,433.43137291610975,2.0,0.2494879820038364
STN005,02/08/2024 00:45,14.65509076824623,6.83040800264118,7.270103628278364,590.0882609009008,0.5,0.3561383850091033
STN005,02/08/2024 01:00,8.983506667493767,7.310308386587834,6.255015275586807,488.4446446160559,0.2,0.2214624023784001
STN005,02/08/2024 01:15,6.170595503840074,6.5,7.747966658277829,540.0303103052884,0.0,0.5880393189519193
STN005,02/08/2024 01:30,5.770657086264127,7.548339330825705,2.3399472384230644,424.6588101357704,2.0,0.4044156340937146
STN005,02/08/2024 01:45,6.374990663040993,6.8371581852552055,3.173187939410281,473.75250845549016,1.0,0.5312111783180322
STN005,02/08/2024 02:00,9.235502159194418,7.101646520778235,4.221804821383277,396.2559720960659,0.5,0.4468646570527029
STN005,02/08/2024 02:15,3.5754769172877494,6.997313526336573,5.610735303675677,514.0547939691062,0.2,0.2930726482757044
STN005,02/08/2024 02:30,9.319323555159652,6.927628191536231,1.8806371968531568,436.95653507377625,2.0,0.2370313564318035
STN005,02/08/2024 02:45,8.37642891101871,6.672801967925343,2.971200251591591,431.4291955948376,0.2,0.81949566676528
STN005,02/08/2024 03:00,1.9681185046599863,6.661250837641334,4.106717805249021,518.3865746323768,0.5,0.3751015306190894
STN005,02/08/2024 03:15,8.554037186794837,6.5,2.626283979648796,457.7907358580905,1.0,0.2897756508120939
STN005,02/08/2024 03:30,12.013483149305955,7.10292992307932,2.976505124900135,452.6279425316776,0.5,0.0108892332899943
STN005,02/08/2024 03:45,13.11546469584595,6.897399912267734,5.1914549502880725,460.9647137968208,0.0,0.364079711500656
STN005,02/08/2024 04:00,12.976315567568308,7.145879295910154,2.583433287573184,449.2947423325738,0.2,0.1354880788719622
STN005,02/08/2024 04:15,10.107695425822262,7.1844802717593295,0.5612178627913325,353.3535116822186,2.0,0.1008889235071668
STN005,02/08/2024 04:30,2.7691685311867293,6.500058697897033,5.3570733569188,493.1740832620628,0.5,0.0693343528861342
STN005,02/08/2024 04:45,8.952511767818397,7.127969865783163,1.622490585503931,438.27360744040186,2.0,0.4798158681474277
STN005,02/08/2024 05:00,0.5005374563702419,7.43553372609598,7.499913595858772,587.4784112112043,0.5,0.6085516834394978
STN005,02/08/2024 05:15,3.406405556096277,7.038914119662037,2.391697366213307,466.0060740897905,2.0,0.9758132114014448
STN005,02/08/2024 05:30,0.09637384614872901,6.621868530773154,2.7587805832370496,474.8152805479572,2.0,0.178840573236265
STN005,02/08/2024 05:45,0.8491176560860036,6.766633326372519,3.758519258692368,431.9381581706415,0.5,0.1086751598269133
STN005,02/08/2024 06:00,2.3510778816666034,6.651480805809343,2.468839425593294,472.8372023202783,0.5,0.223455452938554
STN005,02/08/2024 06:15,13.880062399627493,6.721676052302628,4.207242897422583,498.7263015356834,1.0,0.3556031314248166
STN005,02/08/2024 06:30,14.971968126839963,7.270530248974451,4.571617631611344,449.1162363783087,1.0,0.4172893230957668
STN005,02/08/2024 06:45,7.1606252186404005,7.09327602228662,4.65591049745513,460.3921661513445,0.5,0.4363052849460644
STN005,02/08/2024 07:00,14.185168950962627,6.5,0.3390839768176122,443.5894266481274,2.0,0.3846577537481653
STN005,02/08/2024 07:15,7.835771453509835,7.316074094004605,3.656622511858645,477.49794162910126,0.2,0.3183213600310574
STN005,02/08/2024 07:30,1.419177638624427,7.101848842674814,3.76303472691544,454.3077560468228,0.5,0.4643143860984682
STN005,02/08/2024 07:45,7.369645472464567,6.843076064819184,3.854952947533337,469.92606897799504,1.0,0.2256579487405167
STN005,02/08/2024 08:00,0.5524080139280446,6.857577481384686,3.539646907756211,384.35277497967786,0.2,0.7125294369910457
STN005,02/08/2024 08:15,5.047842796640147,6.699278790953149,3.4630304335264004,471.69528491781153,0.5,0.0236842838182029
STN005,02/08/2024 08:30,14.782251019558242,6.672113080734421,0.3009984504186663,369.6912374180008,2.0,0.0624831954348434
STN005,02/08/2024 08:45,7.067280615240316,6.892555286990532,4.195931888036853,458.2121783805733,1.0,0.1198002356206498
STN005,02/08/2024 09:00,14.655694702345563,6.744803601768256,0.2309889139294546,357.519279296213,2.0,0.1610961671502374
STN005,02/08/2024 09:15,13.818446161619255,6.529934857316526,4.388691924188306,493.02714419345887,1.0,0.4389501976083896
STN005,02/08/2024 09:30,7.3949003200025105,7.178795410020832,6.586320890945832,501.5728963192735,1.0,0.4299745699534311
STN005,02/08/2024 09:45,13.183705278578582,7.166079120796381,3.024805423338907,466.88618393394177,0.5,0.0722982163267907
STN005,02/08/2024 10:00,2.086112564350887,6.5,6.553523985800301,569.2569975127004,0.2,0.3235506228564238
STN005,02/08/2024 10:15,11.613913284375862,6.793205084314938,3.783539974082744,495.8047520455977,0.5,0.9141237564291738
STN005,02/08/2024 10:30,13.322191364738265,6.949911101036933,4.159865973602178,468.8876924024106,0.2,0.4930376443333136
STN005,02/08/2024 10:45,4.85369650346011,6.726870961978449,2.3047245808169468,508.7672292243326,2.0,0.891725651267743
STN005,02/08/2024 11:00,3.9577829288981703,6.5,3.537585735244122,424.22180760213183,0.2,0.2075570774598031
STN005,02/08/2024 11:15,3.903566100636131,7.074639338708913,7.188399831847871,509.6918867954412,0.2,0.3562031492506946
STN005,02/08/2024 11:30,13.905019510879235,6.908003650122554,3.694800185242824,418.4465554077097,1.0,0.3833836124927846
STN005,02/08/2024 11:45,9.990402749150318,7.187916680356761,6.2271036757252585,498.0188109865952,0.5,0.3322058490552684
STN005,02/08/2024 12:00,2.417861500259582,7.30897718910541,7.166924117580987,593.068025234835,0.0,0.3549244029165587
STN005,02/08/2024 12:15,0.9994786864889721,6.873790125265218,4.915375754534676,518.4935078585227,0.2,0.0127151948132642
STN005,02/08/2024 12:30,14.491282469123087,7.08904768496959,1.1469577667377655,416.2291627988828,2.0,0.8077215527880712
STN005,02/08/2024 12:45,1.7757853428567605,6.5,4.425883656196028,522.3513448946372,0.5,0.5701066744950993
STN005,02/08/2024 13:00,12.714268943556132,6.622907518408833,4.684658921702787,512.8783963570837,0.2,0.3230240829317843
STN005,02/08/2024 13:15,0.3516991751739251,6.641870774175762,7.904721260930603,593.2914853649165,0.5,0.2355013404656291
STN005,02/08/2024 13:30,3.7157776901583284,7.469901813037153,7.416276327316004,548.9042697330558,0.2,0.4288480003566998
STN005,02/08/2024 13:45,5.33948152839588,7.412909732837482,5.605558457621935,536.6079590079415,0.2,0.4106166658085145
STN005,02/08/2024 14:00,3.298335853577962,6.640791268638055,0.8217186625519846,393.22218576891584,2.0,0.4652904624345567
STN005,02/08/2024 14:15,9.159962426633083,6.911450701366816,3.559227302095402,464.86729349720616,0.5,0.0127565505427682
STN005,02/08/2024 14:30,1.3156272777825584,6.5,2.408920679171281,446.6527646097926,0.0,0.0132619677918572
STN005,02/08/2024 14:45,6.648490720937785,6.999019260739015,2.017609499586955,428.9358410793616,2.0,0.2796986443870812
STN005,02/08/2024 15:00,13.98249970719615,7.063133895177013,5.1484531914997405,563.9383624353078,1.0,0.1278244268928026
STN005,02/08/2024 15:15,10.867761004267496,7.018905915458537,7.0718088306726745,552.3372917084189,0.2,0.2838571038187089
STN005,02/08/2024 15:30,7.29860031908575,6.963652675880658,2.3678353250423214,463.85036429168895,0.5,0.7469757759336473
STN005,02/08/2024 15:45,11.283939350019388,7.1339396894248885,0.7330709103375741,455.1760151761293,2.0,1.1998857590582988
STN005,02/08/2024 16:00,0.564883203492772,6.696689332997551,2.1541246648404613,497.31712646310086,0.5,0.0251579788817533
STN005,02/08/2024 16:15,2.7432911465167162,7.297004181851983,5.2064989772575805,520.897015996783,0.5,0.4113982485434803
STN005,02/08/2024 16:30,10.36597701695126,7.003830397189133,6.774800810756895,476.4097363121415,0.5,0.9920867621975205
STN005,02/08/2024 16:45,0.06103074231510852,6.823750081475603,5.1061583828898085,539.0995299592365,0.5,1.1514663779553758
STN005,02/08/2024 17:00,4.264408039097617,6.5,6.8397775886527326,522.6229089156162,1.0,1.4901359897064232
STN005,02/08/2024 17:15,14.66993834973151,7.114472808983196,4.208013567190877,491.64646387184456,0.5,0.8356409173527473
STN005,02/08/2024 17:30,5.705650967234245,6.638488375150567,7.6037442325164175,558.7262550751713,0.0,0.0474539509894156
STN005,02/08/2024 17:45,3.0153532360678836,6.763175715177314,0.9431520490889118,419.1333511422484,2.0,0.1159504382900241
STN005,02/08/2024 18:00,11.887656567583036,6.5,5.042813547494399,530.0137257325506,0.2,0.1394458871064384
STN005,02/08/2024 18:15,12.884062855015518,7.4804024334442705,3.741318934777391,454.4699908650998,0.5,1.3541192712665784
STN005,02/08/2024 18:30,1.9100522737446775,7.001225036988114,6.12365129948555,578.9152583663958,0.5,0.7562890294476279
STN005,02/08/2024 18:45,10.681324223126076,6.762804109785281,4.146260452045194,502.8801974708194,1.0,0.3865482691717072
STN005,02/08/2024 19:00,14.776299087681622,7.144256909753727,4.573493920177668,481.07930962902185,0.5,0.3430955427966244
STN005,02/08/2024 19:15,2.370295356717251,7.625210533858085,6.376198888916727,519.029212157765,1.0,1.3469236679102767
STN005,02/08/2024 19:30,13.608727407608464,6.5,3.0633495528034707,504.01399405653,0.2,0.092209548612314
STN005,02/08/2024 19:45,12.089677482839706,6.768363357156148,4.04199897667974,469.0180700259224,1.0,0.0403581046591315
STN005,02/08/2024 20:00,1.6879425177916274,6.932875082199405,2.788974667548336,499.892667512036,2.0,0.3284867279694315
STN005,02/08/2024 20:15,2.83237220280056,7.460434125448637,1.9600773789290524,425.9553342338312,2.0,0.4299574982059221
STN005,02/08/2024 20:30,5.141140359527664,6.974169476745131,4.247517817791074,456.5718471693072,0.5,0.0979871658658732
STN005,02/08/2024 20:45,1.0415149872255474,6.60281315748772,2.594890898266434,494.854280594704,0.5,0.375251456107135
STN005,02/08/2024 21:00,4.463789260767089,6.534965240970446,2.801562210050586,463.8138704340191,0.2,0.7815229804816421
STN005,02/08/2024 21:15,6.959517725733031,6.912372645468874,7.266060551436039,560.9963129632027,0.5,0.0427660665077954
STN005,02/08/2024 21:30,1.9950875380482285,7.179458318287928,2.047457714682681,420.5791867714453,0.5,1.0753549371994835
STN005,02/08/2024 21:45,7.602820788229193,7.076769708278522,5.406735726685733,537.6340429906361,0.2,0.8295588475341866
STN005,02/08/2024 22:00,3.380716342657969,6.721976167096669,1.3347864235156928,406.0250397845226,2.0,0.1505247342909501
STN005,02/08/2024 22:15,8.740291505490838,6.818667320601167,1.3339922972199862,402.89485309502976,2.0,0.0283778318309393
STN005,02/08/2024 22:30,2.0528760520719906,7.019090372882017,4.037054167844476,500.5955927423514,0.0,0.1247344269331939
STN005,02/08/2024 22:45,0.5982388372517966,6.66682918318131,4.398643895963192,479.5998193678833,0.5,0.7382709696721892
STN005,02/08/2024 23:00,12.293197540747896,7.328766699475957,5.508190397871365,518.2095064598233,1.0,0.7613109066684286
STN005,02/08/2024 23:15,8.959292726370208,6.5,2.106665530870985,426.16594848036607,0.2,0.0851723758499165
STN005,02/08/2024 23:30,2.2058997634271584,6.5,3.662680441563501,479.5807016750583,0.5,0.0424595331417449
STN005,02/08/2024 23:45,10.494872909577843,6.5,7.014506506865374,601.9710984641746,0.5,0.5465966968946526
STN005,03/08/2024 00:00,11.71018596705116,6.61115107290279,4.25706453825913,481.7615920335028,0.2,0.1886245561486547
STN005,03/08/2024 00:15,3.4568103719765686,6.715281361864101,4.446303660567199,435.46711296608487,1.0,0.0468011442363657
STN005,03/08/2024 00:30,12.090390547600437,7.124635743962134,2.775772791181984,467.2353340119194,2.0,0.3452295060907435
STN005,03/08/2024 00:45,1.4175512409872586,7.255256333092866,3.354479136257103,470.06653933824174,0.5,1.145708187023022
STN005,03/08/2024 01:00,11.602410634589429,7.484037411878987,7.029888268462805,518.1134679469591,0.5,1.0462270783381753
STN005,03/08/2024 01:15,8.234976021141216,7.161958867964675,2.7615883540577366,410.6459077372828,0.5,1.3698952637119897
STN005,03/08/2024 01:30,3.3406466626997218,6.89003626583627,2.7296241057021384,472.4015436137289,2.0,0.019601246553223
STN005,03/08/2024 01:45,13.705295048953891,6.594409109299672,0.7000104749571188,396.5978072989487,2.0,0.4249521173022118
STN005,03/08/2024 02:00,3.6191143317021366,6.9834478221848535,2.824837085549194,431.12118600896224,0.2,0.8005996842981535
STN005,03/08/2024 02:15,7.197581333788714,7.712493128587901,0.9719421638521006,435.4750533634152,2.0,0.3135206245299721
STN005,03/08/2024 02:30,6.396997694501011,6.761195573054945,7.841626865372525,497.0757439303816,0.2,0.2416729943242515
STN005,03/08/2024 02:45,12.785213870322945,7.457217653320425,3.595003720789987,486.8594267544307,0.0,1.189808498225717
STN005,03/08/2024 03:00,12.044667886469261,6.871246015323536,2.332087899955648,467.0448857782122,1.0,0.3070313702671566
STN005,03/08/2024 03:15,11.05038245666406,6.803360695369342,6.876023902224384,525.9928035205844,0.5,0.371739928588491
STN005,03/08/2024 03:30,12.791376979525651,6.995281183802294,4.173929839893581,553.8367673017686,0.5,0.1200842166430471
STN005,03/08/2024 03:45,9.978452838473137,6.718005800073895,7.730267987050388,561.9284242587105,1.0,0.3200174116540292
STN005,03/08/2024 04:00,1.79870806023827,6.604693792123104,5.797357506235567,529.3629751286458,0.0,0.8729423164596517
STN005,03/08/2024 04:15,3.243731877358425,6.847134933290175,6.776429673653806,513.5983093858638,0.2,0.4019473139082691
STN005,03/08/2024 04:30,13.691239593091996,7.566139074697429,5.764790411113114,542.5137075390637,0.5,0.6753072087414906
STN005,03/08/2024 04:45,5.453774443028,6.5,2.480735929198042,434.127472096469,0.2,0.0759756274420405
STN005,03/08/2024 05:00,4.296672653655484,7.122956445617896,5.943058408826729,523.112926136626,0.0,1.235951194883806
STN005,03/08/2024 05:15,12.883990472301367,6.750924398900458,2.065196494640554,480.3004981601449,0.0,0.5133001584910581
STN005,03/08/2024 05:30,9.371438985067986,6.861078274363984,0.9836971345072196,490.0476135552853,2.0,0.7149585096231663
STN005,03/08/2024 05:45,11.322077054137123,7.590896325160872,1.1636354004427507,450.9958442758875,2.0,1.3655452844443454
STN005,03/08/2024 06:00,9.708176092181935,7.011258310716894,5.164217450787602,421.151815015984,0.2,0.4946371228839306
STN005,03/08/2024 06:15,14.091568244620927,7.008602523287005,4.186421172162183,466.5794594835879,0.2,0.1808049593316943
STN005,03/08/2024 06:30,10.317440616327406,7.186187103762239,4.323581948572448,540.2479098518858,1.0,0.1842416772528637
STN005,03/08/2024 06:45,3.7015775366289096,6.617739858001055,2.229773566581129,435.3614716860845,2.0,0.3418681941097712
STN005,03/08/2024 07:00,6.27892240053233,6.698678533985174,3.675304098569304,458.4192873423586,0.2,0.2681906979662589
STN005,03/08/2024 07:15,4.881374472486789,6.952634058208793,1.2101164196958611,431.5920577279519,2.0,0.7939262682390772
STN005,03/08/2024 07:30,11.577177657493316,6.5,7.955612287195837,588.0422994692732,0.5,0.077446832849795
STN005,03/08/2024 07:45,9.66547762868371,6.992427998600465,2.6586166611160422,472.242473404389,2.0,0.9159548597203072
STN005,03/08/2024 08:00,10.567242890906147,6.5,2.0915422334415394,447.7046016200159,0.2,0.3524508081553499
STN005,03/08/2024 08:15,12.968170491450431,6.869790912562345,0.8054925607182872,435.4677570741811,2.0,1.0129174742708549
STN005,03/08/2024 08:30,6.918285915315575,6.82873345115578,6.259484954670636,499.0225995927818,0.5,0.3280751479075324
STN005,03/08/2024 08:45,0.7249573615693439,6.848541996364241,2.4011318746665093,462.3031408690541,2.0,0.3176678191213368
STN005,03/08/2024 09:00,1.2862500162565094,6.925806960063259,6.528592733800123,526.9582981665892,0.5,0.0530549050535374
STN005,03/08/2024 09:15,14.64745414740801,6.5,4.554998152171905,502.5769193963705,0.5,0.1427750155269157
STN005,03/08/2024 09:30,8.650866940233975,6.735300870978083,2.3665436363240526,471.3388598124455,2.0,0.3941752027510147
STN005,03/08/2024 09:45,1.7469961903912723,6.6685041228063975,2.133866476805107,410.51397771361263,1.0,0.3378580823218611
STN005,03/08/2024 10:00,1.5119864437996011,6.5,4.128136115993243,497.7026497555924,1.0,0.033482531383333
STN005,03/08/2024 10:15,10.719794979565567,7.081237959408268,7.318016881078833,512.6817218259122,0.5,0.2293497613540794
STN005,03/08/2024 10:30,4.9312486828776265,6.581796317234781,4.763510127793434,530.1660452077004,1.0,0.474076832633946
STN005,03/08/2024 10:45,3.056915588113351,6.947803239357868,1.5022691132190646,420.7025130559536,2.0,0.4372738000410623
STN005,03/08/2024 11:00,2.088158620755527,6.5,5.666357245406856,526.169028807309,0.0,0.3022057054632433
STN005,03/08/2024 11:15,4.871840746084783,7.215187138125962,6.70231715545922,506.0118087886362,0.5,0.2734148673717607
STN005,03/08/2024 11:30,10.529132737006353,6.951865853961048,1.9647160673308968,428.503866153041,2.0,0.2749548172842698
STN005,03/08/2024 11:45,3.338206725711879,7.073480934220529,4.542654003786882,522.1867926583275,1.0,0.4805823279397672
STN005,03/08/2024 12:00,5.5496931461224905,6.765171929425056,1.6818614208362803,444.49563795905584,2.0,0.0793575697103035
STN005,03/08/2024 12:15,5.980509265252144,6.5,2.005000580138017,460.0866590658999,2.0,0.1903383784030604
STN005,03/08/2024 12:30,3.467937803444097,6.990895905748016,7.391322347516001,547.000401114378,1.0,0.2950060427948161
STN005,03/08/2024 12:45,1.2441668020585284,6.5,5.816832528133681,509.6291798729,1.0,0.3610917849525729
STN005,03/08/2024 13:00,7.8675851869936455,6.652979407065508,2.3762624121912266,449.0092527898835,2.0,0.1962285313123015
STN005,03/08/2024 13:15,14.49845956499738,6.740159408198742,1.986007426330996,413.79357865485,2.0,0.4157364659502892
STN005,03/08/2024 13:30,9.32454444999826,6.696025007928803,0.9515701631257428,450.8764102442304,2.0,0.5877910702870869
STN005,03/08/2024 13:45,0.8933768895764493,6.990705175082428,3.060021174075207,417.63884530684703,0.0,0.0136013084536589
STN005,03/08/2024 14:00,13.514438586054213,6.5033001712756,4.410797397194632,481.4024601689824,0.2,0.546339690221834
STN005,03/08/2024 14:15,6.017898911252589,6.935404388013712,5.987773648173652,530.4142701395585,0.5,0.1592558090164362
STN005,03/08/2024 14:30,10.456439541636662,7.190640083812604,4.462860687038248,508.32653649129367,1.0,0.2007127072798972
STN005,03/08/2024 14:45,4.071464257583546,6.918871095977395,2.478367799432818,467.60582523052506,0.5,0.2997623793062577
STN005,03/08/2024 15:00,14.20539134057795,7.029077020434385,5.444470666368456,496.5320955501511,0.0,0.0974197777942557
STN005,03/08/2024 15:15,12.041418164336354,6.72136764180258,4.831235604647827,523.4806864909425,0.5,0.4306306818938247
STN005,03/08/2024 15:30,1.343797610793358,6.96695559867959,6.057808147648412,547.7050253856365,1.0,0.8394863256152074
STN005,03/08/2024 15:45,12.445172415026374,7.497886417633046,2.734448249180969,470.0711515873592,2.0,1.420621417926852
STN005,03/08/2024 16:00,1.4087489944417912,7.005029615845589,2.0604043677425565,428.763262320609,2.0,0.4554005748905588
STN005,03/08/2024 16:15,7.2515434363630735,6.640576786355553,3.4503909559608466,450.23647617720985,0.5,1.145207402017807
STN005,03/08/2024 16:30,1.538806851034269,6.5,4.949061156117095,480.1211221490229,0.5,0.1998035466235696
STN005,03/08/2024 16:45,1.9025466035925986,6.6566620666354925,3.667635904977185,412.9643716189581,0.5,0.3515364105390707
STN005,03/08/2024 17:00,9.001888807851916,6.5,6.537840405994962,563.4049128278541,0.5,0.1500820770245503
STN005,03/08/2024 17:15,2.4982831989282244,6.964984930072429,6.388943109551649,540.5762908340995,1.0,0.2678357194063426
STN005,03/08/2024 17:30,13.161094830804327,6.662121816378858,6.7690592718119,498.6474798094384,0.5,0.2733919912258193
STN005,03/08/2024 17:45,9.33744500691096,7.567424053347841,3.0421668976061094,445.0286638261055,0.0,0.9599009090938846
STN005,03/08/2024 18:00,7.177213112781841,6.935806048505633,5.886769167806802,513.4623301182011,0.5,0.1874439456348188
STN005,03/08/2024 18:15,8.74778838031429,6.903094238745635,6.475812607886369,537.9984087239845,0.2,0.1790120694275537
STN005,03/08/2024 18:30,14.68164355901171,6.840611405368664,5.221635368559917,502.8875420951209,0.0,0.0079682169050221
STN005,03/08/2024 18:45,14.716763992410474,7.405435249870258,2.7892881240241163,464.65048206830807,0.5,0.9025185153345808
STN005,03/08/2024 19:00,4.250022945546547,6.746891376576773,3.1018882380345687,447.8917679363416,0.2,0.1603770494887087
STN005,03/08/2024 19:15,2.8280220817465245,6.965163466483307,5.603665151070525,483.9423192030176,0.5,0.4842903065776213
STN005,03/08/2024 19:30,9.237580472933235,6.784409659331806,2.6260550714890982,442.2946226077536,0.2,0.6595213856280442
STN005,03/08/2024 19:45,12.09782932706699,6.5,7.21335028854453,492.98064341370446,1.0,0.1490135373764189
STN005,03/08/2024 20:00,12.071440731094299,6.5,1.0442811367369131,388.1276739387499,2.0,0.1241148680540608
STN005,03/08/2024 20:15,0.04270411847580868,6.850671839718866,5.278260314659236,516.6485932699746,0.5,0.1458741829735385
STN005,03/08/2024 20:30,5.707654709996616,6.659174510381533,4.442347319633157,464.02689633415537,1.0,0.4176971483442883
STN005,03/08/2024 20:45,5.1026837895391655,7.1933967593976185,2.593660587081832,424.71751558334745,2.0,0.0688897885653569
STN005,03/08/2024 21:00,11.612096325388068,6.640344469619089,4.959966059532687,548.9726275635891,0.5,0.4473430308665625
STN005,03/08/2024 21:15,4.253064552362948,6.7264119972809375,7.575977081141913,568.1495600499723,0.2,0.0287801140602894
STN005,03/08/2024 21:30,11.568353679296788,6.78112271029435,5.927531909088872,477.3823249619243,0.2,0.0513008947668896
STN005,03/08/2024 21:45,13.001144663946857,6.5,2.0245455597161137,485.3042380670487,0.5,0.3728218353348426
STN005,03/08/2024 22:00,13.297815848356832,7.156932633794536,3.269369560594168,458.4416974932645,1.0,0.4052514349915992
STN005,03/08/2024 22:15,3.2537926011299283,6.57068422238197,5.245521307958387,462.8867086480385,0.0,0.8943286315858869
STN005,03/08/2024 22:30,0.020627147483306407,6.5,1.043787079197935,472.7890699724785,2.0,0.3386266469950439
STN005,03/08/2024 22:45,8.418989494515985,7.138412588767346,7.988469744757235,566.6283860514503,0.0,0.3810962970726895
STN005,03/08/2024 23:00,2.2267918769602426,6.5,2.9598936349360496,490.0783052697881,2.0,0.1204125329934235
STN005,03/08/2024 23:15,9.269191290654451,6.5,0.4429943341975263,427.0056754922877,2.0,0.3453213409214744
STN005,03/08/2024 23:30,7.158241967083276,6.6156100614115125,2.707941202470705,433.33746512542217,2.0,0.0998295757130523
STN005,03/08/2024 23:45,13.174721720493888,6.5,1.21998859672077,424.65364006609457,2.0,0.0135508909158977
STN005,04/08/2024 00:00,11.199822575675386,6.5,4.54174015053045,504.7862964583021,0.2,0.2237187093474589
STN005,04/08/2024 00:15,6.561714511238259,6.687639038276786,7.872107759840129,536.2120727498749,1.0,0.2909295452025374
STN005,04/08/2024 00:30,4.357123197698122,6.944130297802395,7.224046093190005,541.1370018218531,0.2,1.3245689280505295
STN005,04/08/2024 00:45,9.315956446504327,6.5,1.4677262608721926,385.1806475446559,2.0,0.2485898347035338
STN005,04/08/2024 01:00,9.34641301253527,7.408678788223704,7.644141355479064,543.6211491898798,0.5,1.1413850129630034
STN005,04/08/2024 01:15,7.823731474017172,6.575014900446002,5.512983876923473,529.099913406341,0.5,0.0770708397343717
STN005,04/08/2024 01:30,13.115145170123512,7.356330411556783,1.5755316839288709,413.29586504944007,2.0,0.8875299542396189
STN005,04/08/2024 01:45,3.2122868618572378,6.662213656204919,6.953481619372053,513.3545165159754,0.0,0.3618775714122378
STN005,04/08/2024 02:00,12.575720166703132,7.561815478902946,6.814029024577736,527.8577909936614,0.2,0.8539454948469176
STN005,04/08/2024 02:15,11.469645305691595,6.5,6.874634987569387,495.6399561379674,0.5,0.4626715682267269
STN005,04/08/2024 02:30,4.827524552027765,7.127118386103138,6.978534922992718,524.4911730251566,1.0,1.3857890222963658
STN005,04/08/2024 02:45,14.663098373776581,7.094315294720233,6.235086038491985,522.8027388951657,1.0,0.2351727074444679
STN005,04/08/2024 03:00,11.111521983278742,6.729085543044602,6.649136200488378,498.3420451513448,1.0,0.1460112057203069
STN005,04/08/2024 03:15,3.178742664452407,6.957291371757115,2.417085625311357,439.656411907774,2.0,0.44192049650659
STN005,04/08/2024 03:30,7.809597288945628,6.9661674741556165,5.3678736507847535,525.3621614175042,0.2,1.0525603670216224
STN005,04/08/2024 03:45,5.749124100783093,6.77255489659742,6.606119473995225,544.2843092461933,0.5,0.0693365240236899
STN005,04/08/2024 04:00,2.1303344053158533,7.420981486817538,2.229758694028312,449.7536099496055,1.0,1.0700126194770831
STN005,04/08/2024 04:15,7.7857845018158125,7.139787492462602,7.775102064836152,540.0850498824286,1.0,0.3578177366915036
STN005,04/08/2024 04:30,6.207809878257079,6.627649727414847,7.70978143660512,525.6599910318054,0.5,1.3289933796519298
STN005,04/08/2024 04:45,2.327231929153679,6.827758253552378,3.3929644284047047,491.5300803586089,0.0,1.3794090397099943
STN005,04/08/2024 05:00,9.317662433122743,7.07596203215233,6.383738149693297,499.9331640948074,0.0,0.7904162162178512
STN005,04/08/2024 05:15,7.409863308437975,6.650438655648776,2.3159887969919977,436.7751140451134,0.2,0.1488087272571537
STN005,04/08/2024 05:30,12.013376092468585,6.8984343860308135,2.809820013641202,431.3351211214987,0.5,0.4691117544533796
STN005,04/08/2024 05:45,8.539877917914632,6.796008647372051,5.101414556682117,541.6782939542043,0.2,0.1435957460679225
STN005,04/08/2024 06:00,1.866991240692052,7.071709318227221,2.7097734371416973,485.959777633094,0.5,0.2557667052971115
STN005,04/08/2024 06:15,5.492408525083939,6.862424130343835,3.024536211816365,442.080178668508,0.2,0.4879795158556628
STN005,04/08/2024 06:30,8.422369835396793,6.5,3.1269083426012303,440.1052554550512,1.0,0.1593986666755616
STN005,04/08/2024 06:45,5.703285320762608,7.28784585007602,0.6352147384432805,384.84845202242656,2.0,0.2207150953081817
STN005,04/08/2024 07:00,13.780956059117122,6.7485631135839474,3.2022745585157786,465.0635852487264,0.5,0.1892023912396205
STN005,04/08/2024 07:15,9.26317228476589,7.20320134117919,7.538075760694253,603.8444959551193,0.5,0.3121522780758516
STN005,04/08/2024 07:30,11.055823233697009,6.877967654450592,1.4017417729704371,365.4311027459319,2.0,0.3150757425913377
STN005,04/08/2024 07:45,1.8201872240269412,7.08923026754207,7.666718697159553,533.0469004283149,0.5,0.2370732984539444
STN005,04/08/2024 08:00,11.911876745048504,6.888634589399915,1.626192274030555,461.48767847258574,2.0,0.3662820386877834
STN005,04/08/2024 08:15,8.796743472834157,7.106044521917785,5.890242161385843,524.0507611161186,0.2,0.2001450016667389
STN005,04/08/2024 08:30,8.635535177544568,7.115278145263364,2.299832087310937,485.7152227089091,2.0,0.7032502843527342
STN005,04/08/2024 08:45,9.254852937264745,6.598354898615049,5.646865737750869,495.5181545416026,0.5,0.2041277736981216
STN005,04/08/2024 09:00,11.641056862911052,7.219815807150415,7.783685122624978,559.5784190244368,0.0,0.2143130102326804
STN005,04/08/2024 09:15,12.97693025531782,6.5,0.8902774290932745,455.4677779898884,2.0,0.3388316039321812
STN005,04/08/2024 09:30,5.6410099493384696,6.726727636358728,2.017040429461612,433.4536251434248,2.0,0.654166585332549
STN005,04/08/2024 09:45,6.990780743711673,6.858757479699389,3.606079598195749,507.43045510588337,0.5,0.4184898675247505
STN005,04/08/2024 10:00,2.633759908962452,6.75059785936661,0.4356234668755978,466.5831615244693,2.0,1.4934341972312717
STN005,04/08/2024 10:15,14.383000510877514,7.347784213016593,3.13665706840868,472.7379857600292,0.2,0.4494974638633869
STN005,04/08/2024 10:30,7.4585267597437905,6.5224977310008505,7.092373635298586,513.5381000080729,1.0,1.183587986726829
STN005,04/08/2024 10:45,3.052817693365765,7.3517214828961075,7.340267659002041,497.4432514757533,0.2,0.4674902041105758
STN005,04/08/2024 11:00,6.052288709424439,6.8227305371298925,7.311044484840749,539.6218647047887,0.2,0.0923974383170027
STN005,04/08/2024 11:15,0.39792395250691004,6.610623548628793,5.846844398036544,547.9012160332848,1.0,0.9742976009650705
STN005,04/08/2024 11:30,0.37421292836242903,7.04119075296286,5.250869346582452,505.04540797608144,0.5,0.31382017601547
STN005,04/08/2024 11:45,12.540447154935551,6.53303042947088,5.8315285552650105,479.6772912280412,0.0,0.1027451610012197
STN005,04/08/2024 12:00,2.268085151539816,6.804731321584912,6.496586563550144,529.6860289201246,0.5,0.4388886976371249
STN005,04/08/2024 12:15,14.446762828785118,6.798688104772467,6.612054114362221,560.9716370549401,0.2,0.3249360967022115
STN005,04/08/2024 12:30,6.297614633094789,7.752875517106991,2.525454654037584,414.0080829088852,1.0,0.4083182307102506
STN005,04/08/2024 12:45,12.857672736294294,6.5,2.4319330281389497,439.4778739494701,0.2,0.0355721526186361
STN005,04/08/2024 13:00,2.0168876785440397,6.562294050284146,1.259466165949529,394.2495688330389,2.0,1.411802446174356
STN005,04/08/2024 13:15,3.9654701189426476,7.215801329185683,5.747068875597524,557.7446472499978,0.2,0.0291813455884622
STN005,04/08/2024 13:30,6.481245731735993,6.987059473364889,7.21712613425294,570.8963522533152,0.5,0.9973187116542728
STN005,04/08/2024 13:45,12.028647204216615,7.128309545228057,6.054657241019684,529.6342466359907,0.2,0.2350472391086505
STN005,04/08/2024 14:00,3.218754728520552,6.839258508891874,4.698799861552867,535.9616075552045,1.0,1.202004572363842
STN005,04/08/2024 14:15,4.4001875173768195,6.6944534762115095,6.790583180134574,490.6131483267425,0.2,0.2978377461010617
STN005,04/08/2024 14:30,3.6932558149355827,7.05699726223951,6.976045059204634,525.5348478371656,0.5,0.7062891359941793
STN005,04/08/2024 14:45,12.728045080283767,6.586458976861052,6.148632450142217,586.6491220445216,0.5,0.8713854474338323
STN005,04/08/2024 15:00,1.889383330737927,6.887787290246346,2.2318818914311875,443.9967796391713,2.0,0.5904967869131093
STN005,04/08/2024 15:15,0.012175655176609457,6.7747697002964,6.376594952039767,545.0474227356444,0.0,0.0791504885693976
STN005,04/08/2024 15:30,4.229378545054104,6.888176845611371,2.115474988716739,502.4768735836254,2.0,0.906946365901385
STN005,04/08/2024 15:45,2.8545451945653557,6.507579729808584,5.102282724799054,519.7469503794598,0.2,0.3123969628881765
STN005,04/08/2024 16:00,10.30941882592995,7.318217928322699,3.4423052132498158,486.59412792066166,0.0,0.4077092545894666
STN005,04/08/2024 16:15,0.7852437616622121,6.785047453194098,5.146034903289692,534.0010241257733,0.2,0.1526382737574005
STN005,04/08/2024 16:30,13.683601859581719,7.314439693837329,6.350018145089928,547.9016554712498,0.2,0.7399844365400251
STN005,04/08/2024 16:45,13.85675888859897,7.046197708923802,3.2369297067301845,481.83789439693896,0.5,1.4717086251809397
STN005,04/08/2024 17:00,10.71289218877823,6.555970780005106,1.933398303864781,496.9965057919117,2.0,0.1790782689901919
STN005,04/08/2024 17:15,12.179448869825453,6.916425679363921,4.376896327248408,500.491770958767,0.0,0.0358364734275001
STN005,04/08/2024 17:30,12.379042741814535,6.5,3.763160041145068,449.6187149676055,0.5,0.193548359394196
STN005,04/08/2024 17:45,6.5660614030967555,6.824462152966097,5.5002741214492605,544.812630752275,0.5,0.2210765710919359
STN005,04/08/2024 18:00,14.889197840213342,6.934112956314051,7.937893265250025,560.9998039395172,0.5,0.0942929959701841
STN005,04/08/2024 18:15,10.100896898694394,7.007265355809209,3.6957532859617537,510.7527046810133,0.5,0.9527703367512774
STN005,04/08/2024 18:30,1.8502936131364351,6.622813254499246,1.228545844167229,413.4939569719648,2.0,0.3012649123714159
STN005,04/08/2024 18:45,7.3516089659724635,7.044001555849446,3.895724681496804,456.3853682068573,0.0,0.3310741626306374
STN005,04/08/2024 19:00,8.286038537414791,7.198377697996301,6.582960277203978,549.2056428535525,1.0,0.3708005917678412
STN005,04/08/2024 19:15,14.55260228353181,6.523763723806764,7.470587694991707,579.8223412532678,0.2,0.2636790559067035
STN005,04/08/2024 19:30,0.24691262006206582,6.763559560696806,7.387091223222784,520.5771621604216,0.5,0.4664153609232216
STN005,04/08/2024 19:45,6.487395906931947,6.966866832379488,2.996384748531846,464.121842304148,0.5,0.3059035837371331
STN005,04/08/2024 20:00,8.631431155275525,7.114110453716807,7.913817573237422,551.2712964267416,0.5,0.4746786294101354
STN005,04/08/2024 20:15,4.52495300617816,6.94210128247382,4.73222912703955,545.0619342127382,0.0,0.0766749917655487
STN005,04/08/2024 20:30,8.074077655494856,6.5,5.156982421624215,517.6388623392522,0.2,0.0756197595836676
STN005,04/08/2024 20:45,14.890151761947546,7.108431523100645,3.3590810231874237,449.4949285278336,0.2,0.4027839674653994
STN005,04/08/2024 21:00,13.481413104978087,6.927637743486514,0.4922428207446267,387.67207915266886,2.0,0.3074480084436566
STN005,04/08/2024 21:15,5.576569910791271,7.371658127848641,6.605799548870782,593.164449235134,0.2,0.4440626331054721
STN005,04/08/2024 21:30,5.770202153974501,6.914647228939748,5.379471651265183,563.6422412074504,1.0,0.1026058450972938
STN005,04/08/2024 21:45,0.8655511929278964,6.5,7.785273156520107,590.8786654671023,0.2,0.2457917183742732
STN005,04/08/2024 22:00,11.053363732602948,6.5,2.032076098996689,448.9211673093973,2.0,0.1111973071500672
STN005,04/08/2024 22:15,2.140511532553276,6.628871885038812,5.364621742297368,511.9061511927428,0.5,0.0621021963948883
STN005,04/08/2024 22:30,11.590263883509515,6.688789431096448,7.128978289329488,487.7446988476296,0.2,0.1252451522310951
STN005,04/08/2024 22:45,6.540845837330169,6.829386600598808,2.6406882012278388,401.6526511411528,2.0,0.0326754175226461
STN005,04/08/2024 23:00,12.870391816521863,7.346980682247129,3.071190887427797,500.0286777705986,0.2,0.1191814068082892
STN005,04/08/2024 23:15,2.188352369003538,6.5,6.630607584489351,507.862289855833,0.5,0.2788366131769065
STN005,04/08/2024 23:30,12.477160482879842,6.672229865803622,6.743142378990835,516.3211554222182,0.5,0.4065761693085549
STN005,04/08/2024 23:45,5.085629506318648,7.109330454376997,5.709720052256217,497.2776701642884,0.5,0.2785660506586927
STN005,05/08/2024 00:00,2.6540347231553385,6.872623834011654,1.51823697018276,417.9953512734034,2.0,0.0955311690085851
STN005,05/08/2024 00:15,1.1395378292062919,6.909820873664553,1.4928405327757273,409.28391396916606,2.0,0.2711823272156266
STN005,05/08/2024 00:30,0.734927155351699,6.671426668536832,0.6786560286724153,395.52428332727976,2.0,0.2930606246516827
STN005,05/08/2024 00:45,14.794591569434806,6.765028036085106,0.4519913733332153,396.9187871890289,2.0,0.4650556457906848
STN005,05/08/2024 01:00,14.522303807455206,6.5,7.962449944856646,568.6898413594464,0.5,0.0349762360232949
STN005,05/08/2024 01:15,8.070445792261653,7.129720956043471,5.167951389659852,573.791834145516,0.0,0.4278729799990523
STN005,05/08/2024 01:30,13.287626786508026,6.825366348156897,7.251353830871358,492.5840190418676,1.0,0.0569016100656979
STN005,05/08/2024 01:45,9.782030438626968,6.5,7.411190016239986,557.8536756612805,0.5,0.5834303424804288
STN005,05/08/2024 02:00,6.814238097482777,7.104161701258372,3.408350378268508,478.8356090079029,0.2,0.2535169327994899
STN005,05/08/2024 02:15,12.686856443803594,6.5,4.135704549083165,445.7783180835734,0.5,0.3826960348852228
STN005,05/08/2024 02:30,8.717620434669374,6.598175003159766,2.2227988690278053,445.11504944017975,2.0,0.0818956622648053
STN005,05/08/2024 02:45,3.469970336731794,7.497279337068471,3.279592996099214,490.5291883576598,0.2,0.5560651846061713
STN005,05/08/2024 03:00,8.093996536378226,6.732365998210686,1.8362001562840784,387.5474488992061,2.0,1.460889724734871
STN005,05/08/2024 03:15,10.617522160607743,7.456394233757635,5.975433391358523,501.65116507542734,0.5,1.3805764913510752
STN005,05/08/2024 03:30,10.186518694669125,6.898494671289628,4.977461353875647,494.9844681505533,0.2,0.3108614591403105
STN005,05/08/2024 03:45,13.128287740147174,7.377875595407904,0.9733444677953031,439.2322304599727,2.0,0.8476720659434305
STN005,05/08/2024 04:00,5.262601524914253,6.8375108930833,0.940012871483742,395.3004019876232,2.0,0.4375049278655096
STN005,05/08/2024 04:15,5.8841994566598945,6.94705895725942,2.581371986289774,516.1440993600654,0.2,0.5855543079909306
STN005,05/08/2024 04:30,0.22114449674090986,6.805058681104082,2.8861973810752835,441.2726706072549,0.5,1.300782582505707
STN005,05/08/2024 04:45,7.444160283143463,6.688205818557012,3.654274290133815,513.4893578836544,0.5,0.239435132100041
STN005,05/08/2024 05:00,5.367626333708833,6.6540589153179,1.2039259662649464,391.2348236218696,2.0,0.9079588878794208
STN005,05/08/2024 05:15,11.247390311412046,7.326348238469578,6.161076283249725,511.4007652357222,0.0,0.5263050478208934
STN005,05/08/2024 05:30,11.697641341743354,6.5,6.598307272616824,507.96348703006055,0.2,0.5760520791648003
STN005,05/08/2024 05:45,12.435987268828088,6.808655512661848,7.606854578517145,522.7267739824885,1.0,0.0229559219609832
STN005,05/08/2024 06:00,2.4592068409626715,6.845578291855043,2.690936759166706,501.2057707935077,0.5,0.4000304534650155
STN005,05/08/2024 06:15,5.630000985658036,7.264387818913741,3.7146506620791726,493.6357987043462,0.5,1.1570016329041262
STN005,05/08/2024 06:30,10.091135594703939,7.012432235879845,0.602159135118245,433.9352659621105,2.0,0.1648712021065773
STN005,05/08/2024 06:45,6.22059083045746,7.259482764958289,1.0092376709617037,432.96446774157744,2.0,0.1325883977472493
STN005,05/08/2024 07:00,5.308944929284142,7.004375625479841,2.625818543162325,496.7356493562048,2.0,0.7688239629362346
STN005,05/08/2024 07:15,12.708357331072943,6.85425751836035,7.166031791542995,552.7745722601194,0.2,1.0984123848639165
STN005,05/08/2024 07:30,3.6983906177515253,7.03062174489279,0.8880547827104788,381.28980520482753,2.0,0.2039785827539463
STN005,05/08/2024 07:45,2.5244800223851427,7.329482457965661,2.118429266353681,439.5160343354033,1.0,0.869647861278273
STN005,05/08/2024 08:00,4.249299037264201,7.063453290125905,5.1649385744554905,517.1667209365944,0.2,0.3481778430405986
STN005,05/08/2024 08:15,3.5152149521220193,6.626673481185849,6.481368298514997,542.8431323866259,1.0,0.077204522103605
STN005,05/08/2024 08:30,4.3514048762862325,6.976148678422384,4.795945827089722,487.0030326509878,0.0,0.4317824223577788
STN005,05/08/2024 08:45,14.128632038228316,6.5,6.837641593965492,518.5337800815984,1.0,0.2006787054267665
STN005,05/08/2024 09:00,0.762498504649769,7.353915604605062,4.783099421315467,517.2301602422991,1.0,0.0476462145973338
STN005,05/08/2024 09:15,6.203191813797835,6.630870940571884,2.1209273443851906,448.2618383727761,1.0,0.2637220686465141
STN005,05/08/2024 09:30,5.302019764314926,6.819559553982876,3.5597674329348035,521.1485744580676,0.2,1.461303362109265
STN005,05/08/2024 09:45,7.154713746613582,6.803794140283055,6.060436670379948,485.9962531033821,1.0,0.0655424929521201
STN005,05/08/2024 10:00,4.490195129333966,6.5,4.914948922313366,489.8505203655149,0.2,0.3105075680421931
STN005,05/08/2024 10:15,6.403256690921516,7.192384055936174,2.756000153855402,442.2335928771407,2.0,0.1950993162924392
STN005,05/08/2024 10:30,12.236696080310582,6.500541713641891,7.745282810707375,538.1954811540988,1.0,0.2387785852182126
STN005,05/08/2024 10:45,2.941457887680834,6.740082647106026,6.613507276381784,515.5750647280734,0.0,0.2493823441459191
STN005,05/08/2024 11:00,10.309647806539033,6.67666437948101,6.361577548309283,590.0180213922463,0.2,0.0995192585244885
STN005,05/08/2024 11:15,10.014552968419782,6.890554027728829,2.7992200962005924,449.0082234614197,1.0,0.0128208517594532
STN005,05/08/2024 11:30,5.222265163231688,6.773091461692331,6.604122364082809,532.1890985841709,0.5,0.3029461362438315
STN005,05/08/2024 11:45,9.232479390621458,6.849186922638986,2.3231330242226718,448.264956956083,1.0,0.2680205699667234
STN005,05/08/2024 12:00,5.760506753766779,6.854261215750067,2.2392690375181843,407.8035030390644,0.2,0.1472115534143339
STN005,05/08/2024 12:15,13.522572342800316,6.66479229384305,3.9654103051859018,522.670334733976,1.0,0.1860341357424389
STN005,05/08/2024 12:30,5.205196907406288,6.963274182525687,4.449650616733562,460.304391278137,0.2,0.4781298543013925
STN005,05/08/2024 12:45,7.251171074953243,6.954049940932871,4.904047761627318,445.97430916005607,0.5,0.1449437122952821
STN005,05/08/2024 13:00,1.18506923640562,6.990421539747055,0.7973957092767465,430.1667391483912,2.0,0.0705175436060465
STN005,05/08/2024 13:15,9.75188682730332,7.062742392074576,7.112213749201146,531.8947562571158,1.0,1.3732060384145743
STN005,05/08/2024 13:30,12.627270421609364,7.379619067774281,3.6511660780806334,457.1863278493845,0.0,0.1054063219428877
STN005,05/08/2024 13:45,5.6126294832421415,6.991871527894177,0.9128286965093126,407.305345758537,2.0,0.6607488662844427
STN005,05/08/2024 14:00,8.904006758726323,6.5684125744886455,7.277795451654234,593.1508331540405,0.2,0.4701107687180245
STN005,05/08/2024 14:15,6.208429819281901,7.023790578366976,3.3700298241747024,486.2827246646057,1.0,0.1211785802041007
STN005,05/08/2024 14:30,8.605137353724238,6.642341039833995,3.201021817683439,481.7329086736318,0.5,0.049613548003083
STN005,05/08/2024 14:45,1.519784837886358,6.647616794365298,2.188715377684114,462.1383282492514,0.2,0.2017632051615767
STN005,05/08/2024 15:00,7.085213444477577,6.7816285544850246,3.404368414788093,517.5332227720859,0.2,1.203046639785666
STN005,05/08/2024 15:15,5.011069847343731,7.185083279108894,5.144475001588981,429.85472755316255,0.2,0.1830541792582982
STN005,05/08/2024 15:30,6.2974898136802,6.872326540486517,2.534118691988237,445.2345653306808,2.0,0.3750978668719282
STN005,05/08/2024 15:45,2.6452176575883946,6.895909173718886,2.9978755378116464,452.8596032882522,2.0,0.5685176347261042
STN005,05/08/2024 16:00,11.951980626620655,6.736058719249206,4.464439995405268,486.4283879409644,0.5,0.1711940668729236
STN005,05/08/2024 16:15,0.8649749464774381,7.252688354781253,4.323346948391613,494.896740108768,0.2,1.3045417182866752
STN005,05/08/2024 16:30,3.5255338169783674,7.186107314595204,1.179400094583105,429.0115373981473,2.0,0.4914648030015321
STN005,05/08/2024 16:45,4.962210917625783,6.5,5.512832422117857,523.8731642743895,0.5,0.061432151200282
STN005,05/08/2024 17:00,14.001689578874794,6.657893277131758,7.9483178072269265,586.0225648966083,0.5,0.1064654717026054
STN005,05/08/2024 17:15,6.743903004010913,7.543794215550122,2.98222455022843,480.4796298059271,0.5,0.4635109934714982
STN005,05/08/2024 17:30,8.123991095333318,6.5476234051056,3.0947398254389844,500.29880413824566,0.5,0.4147929066435618
STN005,05/08/2024 17:45,10.85446154034611,7.52290634583307,7.000631112746147,525.4234310103285,0.5,0.4758902336603173
STN005,05/08/2024 18:00,13.206838627237772,7.436773948660917,3.122591332860595,435.35927565164246,1.0,0.4784028201651937
STN005,05/08/2024 18:15,12.207836361957817,6.698756413248787,4.826293166032871,507.33660752047126,0.5,0.3193436343614393
STN005,05/08/2024 18:30,11.327770434361453,6.77434603864151,2.1535886733137937,458.6378814426831,2.0,0.4031974999259658
STN005,05/08/2024 18:45,11.756936001039193,7.087491100511273,7.114787887015492,540.6222075774343,0.5,0.457275265008262
STN005,05/08/2024 19:00,8.134440745325048,6.994840015253431,4.217634965900815,522.5096090881378,0.5,0.3205403821872561
STN005,05/08/2024 19:15,11.897966591147815,7.272646177001302,2.4166719296733583,417.4329267404465,0.2,0.1384060634702705
STN005,05/08/2024 19:30,13.87149188710404,6.926515204144209,7.503414986252766,585.2572986463407,1.0,0.1730593696972473
STN005,05/08/2024 19:45,3.6601179977017226,6.799346861271922,6.003597828027806,487.71232675102,0.2,0.2434695177004752
STN005,05/08/2024 20:00,8.52391372761776,6.54365217853305,7.208811422586919,567.9985662616442,0.2,1.380620597730235
STN005,05/08/2024 20:15,9.030745958681406,6.5,1.0819034719803895,427.3565617710288,2.0,0.0352731863403815
STN005,05/08/2024 20:30,6.437175960159702,7.07006683069363,3.541202063829422,487.5664666953932,0.2,0.9345472336896044
STN005,05/08/2024 20:45,6.767158347896519,6.962783542292367,4.476281252800268,493.5104427166105,1.0,0.4415040055248329
STN005,05/08/2024 21:00,0.7807147832354677,6.5,1.7226714124250588,447.4840567141252,2.0,0.2843931214487028
STN005,05/08/2024 21:15,5.937613654172357,6.979296817983808,7.314823663172837,498.1462112541615,0.5,0.3803329492349934
STN005,05/08/2024 21:30,13.246424819527844,6.5,5.658179866585867,537.2424388767182,0.2,0.3416366582617466
STN005,05/08/2024 21:45,2.3438190120198357,6.929162114143294,5.5533823717249895,524.7042547809698,0.5,0.7373679559204823
STN005,05/08/2024 22:00,10.651333642740987,6.566724527463803,2.531948452702872,424.3622382587496,2.0,0.1182162919431151
STN005,05/08/2024 22:15,10.031304100031441,6.858304228921211,3.219482328534686,466.1910734352804,0.5,0.2332913752302148
STN005,05/08/2024 22:30,8.480370596844,7.268545332938656,4.0759887995239845,497.97258251790686,1.0,1.4462140072036511
STN005,05/08/2024 22:45,9.172153777404597,6.816949618728581,7.871521534283852,570.6575392773238,1.0,0.4463830118870903
STN005,05/08/2024 23:00,14.294510869809642,6.798849821170028,2.1775540794493926,442.5839088793523,0.5,1.244720633136574
STN005,05/08/2024 23:15,5.249226641170655,6.5,2.5224585654801883,485.47866609793215,1.0,0.6037027092368231
STN005,05/08/2024 23:30,12.398829826942809,6.5,5.0357287932120585,476.6590432789119,0.5,0.4764218027289947
STN005,05/08/2024 23:45,4.689086015590666,7.034033990353149,3.973972856157775,496.0973446689893,0.5,1.3937472272733853
STN005,06/08/2024 00:00,14.809518526495012,7.083700973102441,7.920117811975905,577.70872124328,1.0,0.1534706901330217
STN005,06/08/2024 00:15,8.67653853587569,6.5,6.003508774090838,496.3293924126703,0.2,0.1664328060624759
STN005,06/08/2024 00:30,12.47859690276325,7.02720460026925,3.3993494247330105,493.5740727393223,0.2,0.3350420965164038
STN005,06/08/2024 00:45,3.132918511232892,6.5,7.996278704345942,538.2365750742874,1.0,0.2570937032003301
STN005,06/08/2024 01:00,11.825879755428161,7.034578399548507,7.563225975714004,520.2559302127409,1.0,0.8652749986340751
STN005,06/08/2024 01:15,10.833667228303769,6.861438788278288,3.334226833750131,449.6852901091415,0.5,1.4738375624530131
STN005,06/08/2024 01:30,11.316857525313974,6.560817881081938,7.851516304447503,569.3246383278748,1.0,0.083001285994559
STN005,06/08/2024 01:45,11.615174639315061,6.5,7.010831742034645,539.6244859944446,0.5,0.3949654400554528
STN005,06/08/2024 02:00,4.440894991260705,6.733141750357087,0.2198449347689994,382.62302419957246,2.0,0.3715212553429943
STN005,06/08/2024 02:15,6.510712919725951,7.1728960283536205,6.956746878202487,556.088566139647,1.0,0.1934742893417481
STN005,06/08/2024 02:30,5.837790282156054,6.930415004128363,5.685716256653976,516.2465372562873,0.5,0.0878320773357039
STN005,06/08/2024 02:45,2.86054202109526,6.767737757709307,7.58016770813106,552.3464981421043,0.5,0.2996765048391285
STN005,06/08/2024 03:00,14.38567429673825,7.215560526220605,6.099734435118349,539.6552582598043,1.0,0.454424222819509
STN005,06/08/2024 03:15,5.93066678512389,6.5,2.5864593781614755,478.2411485005139,2.0,0.3765128220557242
STN005,06/08/2024 03:30,7.306449377967565,6.5,6.708237224039293,541.83955633174,0.2,0.1575657757563839
STN005,06/08/2024 03:45,12.270775393399736,6.5,3.0332383211514102,432.81289809118175,0.5,0.8726427812818001
STN005,06/08/2024 04:00,10.728462540177537,6.5,6.602516238474108,540.6411174308148,0.2,0.0566422481968835
STN005,06/08/2024 04:15,9.272849573439522,7.029247115984032,5.370826498161815,515.8052264799471,0.2,0.1639925732567532
STN005,06/08/2024 04:30,5.384369650741423,6.825463974714473,3.222367837927397,426.03112783852686,1.0,0.2562108464928015
STN005,06/08/2024 04:45,8.79662112717487,7.161708533571677,3.731751789142611,507.7463597551496,0.0,0.214739775523913
STN005,06/08/2024 05:00,7.964359423632607,6.917839940918938,6.885787217053079,529.6476680124368,1.0,1.0240843367893468
STN005,06/08/2024 05:15,9.8214721711553,7.0365822975788745,1.0876233541967697,413.2903529366439,2.0,0.0789114009894599
STN005,06/08/2024 05:30,5.274682046855512,6.7456137704893,1.1224793622322218,468.69267508594,2.0,0.1220409823356189
STN005,06/08/2024 05:45,2.6343928609273144,6.5600572515258015,2.7537057752207432,466.5777657762209,0.2,1.1962553756211742
STN005,06/08/2024 06:00,10.252794124077202,7.432221927130488,4.249472518309208,403.2021528497965,1.0,0.9536504650938418
STN005,06/08/2024 06:15,9.037129581364725,6.882749883471579,2.920164964819842,471.1738555545526,2.0,0.2703978097037338
STN005,06/08/2024 06:30,7.184657180600512,7.2331029874154735,2.844681906951715,446.5567663871599,0.0,0.2830109510518377
STN005,06/08/2024 06:45,0.8601088179749211,7.325802243887613,7.547144646447384,537.1764982399129,0.5,0.3031189222009838
STN005,06/08/2024 07:00,7.556284031584887,6.5,1.1011809491948168,405.38307793264806,2.0,0.4450321420940454
STN005,06/08/2024 07:15,13.542196083472987,6.58035873537133,6.483929501223094,531.1881543600407,0.2,0.3155900145817518
STN005,06/08/2024 07:30,4.261753480834143,7.262807076582043,1.09364387842344,445.4704328200441,2.0,0.4825544720996104
STN005,06/08/2024 07:45,5.959079821851492,7.224765155811802,5.024470602141362,470.13897757214863,0.5,0.4161011044457613
STN005,06/08/2024 08:00,4.1558250845232525,7.045261046131484,5.449101534441193,479.2787585608045,0.0,0.7305286275344212
STN005,06/08/2024 08:15,6.242109856993327,7.211916244489959,4.857517748633304,505.7637885718636,0.5,0.4347762203015476
STN005,06/08/2024 08:30,1.2428019414517326,6.527734433384189,4.613911531138658,516.8016609582913,0.5,0.6693817960958757
STN005,06/08/2024 08:45,10.844658513195755,7.027168877964254,3.204152810231025,445.66270811709023,0.2,0.4369289907996542
STN005,06/08/2024 09:00,14.263780442957204,6.5,7.703493709200394,550.6463320384688,0.5,0.4311325539920854
STN005,06/08/2024 09:15,3.9216537777828737,6.89297750917778,3.709991747030393,520.9405401075097,0.5,0.0976488785889161
STN005,06/08/2024 09:30,4.384214052893778,7.52157816517539,3.185427478374411,437.9315959374405,0.5,0.4013091868943956
STN005,06/08/2024 09:45,4.258508282740308,7.182374046757251,7.755769101368138,566.5488263031664,0.0,1.3318700395108118
STN005,06/08/2024 10:00,6.546578540795343,7.370240421054766,1.9213768913268203,389.0651153469719,2.0,0.1913243331625351
STN005,06/08/2024 10:15,12.767503731292175,7.12740477297286,2.7679796467815567,452.8956374151064,0.5,0.4826054357898767
STN005,06/08/2024 10:30,4.450652134643988,6.5,1.4840431145206845,420.2054785538535,2.0,0.0607285270232572
STN005,06/08/2024 10:45,14.645118106598808,6.784112464900181,1.2923489728325892,397.4464881128219,2.0,0.1449311630722338
STN005,06/08/2024 11:00,3.2967067125608303,6.896036759003133,4.026422712610206,539.6295006279886,0.5,0.2891135111486275
STN005,06/08/2024 11:15,5.791384208220582,6.5,6.197715920667497,556.9063489872817,0.0,0.0995710797332967
STN005,06/08/2024 11:30,13.87769859513037,7.4119769785908,0.9163666554676456,424.4900261588596,2.0,0.3273702742511267
STN005,06/08/2024 11:45,3.3559832852484157,7.07706583665373,2.911845450740457,507.9593117760452,1.0,0.2826898510195656
STN005,06/08/2024 12:00,10.408734279580777,6.73450517144529,6.056138865369987,487.261152754956,0.2,0.0537572952507908
STN005,06/08/2024 12:15,6.510380615297128,6.501382282369905,3.532879664553195,418.7548125160562,1.0,0.2279212427830237
STN005,06/08/2024 12:30,4.467432623983715,7.226880643353768,7.870881139504778,582.0941730507178,0.0,0.2736431520272686
STN005,06/08/2024 12:45,9.667803949688805,6.7613940394986125,3.2533828246914567,491.66656954313936,0.0,1.3736732297930525
STN005,06/08/2024 13:00,8.21782981575563,7.014192376686109,3.943607687723424,457.70343013264,0.5,0.6858343274397732
STN005,06/08/2024 13:15,14.758413367703408,7.050961060969816,5.091291291070155,457.89341562015727,0.0,0.5474007364529068
STN005,06/08/2024 13:30,4.753374246685595,6.549554541251497,1.1535423493746806,423.6044341325458,2.0,0.3733203767259063
STN005,06/08/2024 13:45,13.553449079944896,7.071632395884621,1.479338357766908,486.3178757733747,2.0,0.2787977079731768
STN005,06/08/2024 14:00,13.925770252008405,7.137584371968912,4.54749960705331,504.1442310839553,1.0,0.7910090764537475
STN005,06/08/2024 14:15,3.7702755305963347,6.507518550626924,2.2787390734729733,401.4321610549823,0.0,0.4215207205371682
STN005,06/08/2024 14:30,10.47213836310667,6.645837621435658,3.937679820036469,466.0640117849868,0.5,0.2985392189876284
STN005,06/08/2024 14:45,12.189194080033712,7.261603244296731,7.075586191314667,532.3800069102829,0.5,0.8625292228810744
STN005,06/08/2024 15:00,14.309162988857379,6.585207133494649,4.372448108631074,450.20711026116777,0.5,0.0300107982930551
STN005,06/08/2024 15:15,11.375073990210488,6.992216368038227,7.438871864737603,553.6870798162511,0.2,0.1259857389902131
STN005,06/08/2024 15:30,5.365239950765444,6.653342376472039,2.801650104569233,462.7155843327904,0.5,0.3185508107284174
STN005,06/08/2024 15:45,8.369830119298905,6.942718311491315,2.252000922223482,427.7942289272146,0.5,0.512712747228458
STN005,06/08/2024 16:00,13.295869592555531,6.819146442789336,1.174480734946384,427.9451972750201,2.0,0.4976767496481669
STN005,06/08/2024 16:15,12.951989359371044,7.431763866606212,1.2989525248146512,467.7750379689861,2.0,1.3544381977670616
STN005,06/08/2024 16:30,2.7635250932814563,6.971627115305171,3.6240568501393673,423.45234416400433,0.5,0.3135310410446416
STN005,06/08/2024 16:45,9.54202378260614,6.532299901356785,5.050844377562511,520.8003303002037,1.0,0.3193519765946531
STN005,06/08/2024 17:00,4.074762327009863,6.500585396080228,7.529983204805365,532.447149475563,0.2,0.2778104138060128
STN005,06/08/2024 17:15,12.924028175451669,6.962046876371488,7.77943088086993,566.2984137263677,0.2,0.1353896173452082
STN005,06/08/2024 17:30,1.6442773744596628,7.210085942720117,0.6378878607915521,414.037728314425,2.0,0.493001156687297
STN005,06/08/2024 17:45,8.622477792292186,6.643540689724595,3.539066580109865,458.0543206960782,1.0,0.2717745309463503
STN005,06/08/2024 18:00,5.031391482807923,6.5,2.016754747067393,405.88305411243306,0.2,0.0395932389454308
STN005,06/08/2024 18:15,3.7274145462331,6.9805196509167615,2.600532900790287,470.0114322631074,0.5,0.3041127394051747
STN005,06/08/2024 18:30,10.160501253751761,6.801423350925348,1.8489726743372357,443.69581378122047,2.0,0.333084991581808
STN005,06/08/2024 18:45,0.5684161537379573,6.84972800085117,2.815959468627418,484.57278881479823,0.5,1.2655760180939029
STN005,06/08/2024 19:00,3.199583960520522,6.650594070319363,6.243551277885588,526.5493370620646,0.2,0.3479114238409289
STN005,06/08/2024 19:15,11.971826474541023,7.310091303042363,2.1948754641216306,434.1706969745342,2.0,0.4017435130933603
STN005,06/08/2024 19:30,11.184519090386168,7.088610170677004,7.128317210712932,591.4390717369998,0.5,0.4545592643995799
STN005,06/08/2024 19:45,3.9367842063677694,7.001371381347321,5.957760303722451,596.7132300743181,0.5,0.2998747093352789
STN005,06/08/2024 20:00,13.759543617589742,6.5,4.909854974890293,519.2352493044916,0.2,0.1250022594978507
STN005,06/08/2024 20:15,5.4317196765540405,6.758936488038368,0.304453885415629,391.8464385158773,2.0,0.1487995346935146
STN005,06/08/2024 20:30,7.125408866058247,7.094614890908211,2.5535030076156047,416.4389725244546,2.0,1.1639233731529015
STN005,06/08/2024 20:45,9.929812498954826,6.931504376976727,6.135113866568307,529.3489977606748,0.5,0.0235857221718853
STN005,06/08/2024 21:00,10.053051876365783,6.78603522434568,2.8073207805073457,461.4541699299224,0.0,0.1199197091512342
STN005,06/08/2024 21:15,11.08756783162628,7.491672772255459,2.532687595195992,442.9359329078056,0.5,0.4045313043454819
STN005,06/08/2024 21:30,2.9156894450152073,6.849570670620441,3.9980014421092736,479.0322425792872,0.2,1.0529493513460904
STN005,06/08/2024 21:45,8.5660030425692,7.591458838421138,7.687876301234395,498.3146377684213,0.2,0.6683539649777603
STN005,06/08/2024 22:00,3.543506972523235,7.28841277693751,3.2846206878626303,525.5328926454685,0.5,0.3530269158435079
STN005,06/08/2024 22:15,1.3081343383330901,6.930407348963233,2.019523877617847,404.305359171632,0.0,0.4012782602251161
STN005,06/08/2024 22:30,6.608124912487645,6.5,2.749187090744814,457.68781788238175,2.0,0.0551093841509245
STN005,06/08/2024 22:45,11.514707501005542,6.910892251932941,6.854947831619894,528.8981792590037,0.0,0.25712364269585
STN005,06/08/2024 23:00,4.916044374234395,6.5,3.707593262743949,408.1445312551801,0.5,0.3268951972674137
STN005,06/08/2024 23:15,0.9466761539385299,6.5,5.6106632477422735,447.17609860197166,0.2,0.1122391497961932
STN005,06/08/2024 23:30,0.9982390041378808,7.0598839491698415,6.323765567877502,510.30566992387696,1.0,0.3525921164707939
STN005,06/08/2024 23:45,1.9826749351546051,7.502244889203563,3.026443554758126,466.4203117509705,0.0,0.0528457209176334
STN005,07/08/2024 00:00,4.608133156226531,7.071845385197528,3.976091913935843,426.3679619242564,0.5,0.3121333956270506
STN005,07/08/2024 00:15,0.5661471018188918,6.675621375329297,3.3041865699912245,475.5805107699401,1.0,0.4295513333796129
STN005,07/08/2024 00:30,6.809204870036397,7.239351844564378,1.8810159789529208,481.5163234552089,2.0,0.8666069525441633
STN005,07/08/2024 00:45,5.9649531714016,6.758908372190561,7.606689812521205,569.7759949719788,1.0,0.4742313748671475
STN005,07/08/2024 01:00,6.424162365543649,6.8069331678188085,6.339965318788285,536.5205932887718,0.0,1.2540499583825346
STN005,07/08/2024 01:15,14.944135453271194,6.817392118595753,7.403999170359484,582.9219546354551,0.0,0.3933650406678662
STN005,07/08/2024 01:30,0.05711685725775739,6.5,6.284074538181427,529.2122847560282,1.0,0.1550053012404802
STN005,07/08/2024 01:45,3.329760166050406,6.5,3.6485897784353623,463.960838943911,0.2,0.084739375224051
STN005,07/08/2024 02:00,1.8913201101102421,6.954385002463996,4.09511219719782,502.43132569486977,0.5,0.431009535418628
STN005,07/08/2024 02:15,0.5994998758858167,7.058248885045892,1.4088740133440305,403.93391517494473,2.0,1.3207365075095
STN005,07/08/2024 02:30,9.508650230519033,6.965985872259925,0.9539153804053324,405.5253422712717,2.0,0.4950400587144214
STN005,07/08/2024 02:45,4.515294855114778,7.011444816495293,2.8357254033691155,403.8944260235545,2.0,0.3153837170865385
STN005,07/08/2024 03:00,0.0625021054677416,7.01128359025567,0.3251450855174381,375.4225943307087,2.0,0.036593468054152
STN005,07/08/2024 03:15,8.61166916602936,6.636887931237278,5.240379169888788,488.5435826328737,1.0,1.4357016853163582
STN005,07/08/2024 03:30,11.420434258067937,7.059927376307519,3.689583615239829,500.9615853019896,1.0,0.3867576257205991
STN005,07/08/2024 03:45,10.921265052572974,6.968913252552738,6.142973946751518,500.88919052651744,0.5,0.4757282715685303
STN005,07/08/2024 04:00,9.66535858405871,7.100749469096888,2.8115786205135214,427.2619622586482,2.0,0.1469647099457956
STN005,07/08/2024 04:15,0.6257745024948391,6.5,5.322446550381399,540.8837078518328,0.2,0.2787432319423845
STN005,07/08/2024 04:30,5.523458705801582,7.112006757926771,7.735427228042293,591.4616008140849,0.5,1.499031795560277
STN005,07/08/2024 04:45,13.285698808199665,6.847626744608186,5.948816217398729,602.9304157336395,0.2,0.3869939244310957
STN005,07/08/2024 05:00,0.8742097503715035,6.865225859058614,3.2920152736831083,475.8128395057899,0.2,1.0747039824974949
STN005,07/08/2024 05:15,1.3949484074473846,7.451557822936778,5.055268219279676,491.16809961146174,0.5,0.5619244991941712
STN005,07/08/2024 05:30,6.607088565175953,7.447472241244771,2.219305054407335,449.4185123250641,0.5,0.1887628110481335
STN005,07/08/2024 05:45,12.164539699439924,6.701530030932801,6.294970285438365,507.91371163476606,0.5,0.2844074623253951
STN005,07/08/2024 06:00,12.286970842850414,7.165871103433608,4.690409785307478,457.1110447620631,0.5,0.3664441472366496
STN005,07/08/2024 06:15,8.759907484684167,6.616613610916395,5.926502312501,505.78227958883815,0.5,0.166317666474362
STN005,07/08/2024 06:30,9.95526174028177,7.185874567467732,3.6552403593608456,534.0422038685037,0.2,0.4934635380042326
STN005,07/08/2024 06:45,9.875365017229102,6.742814736642349,7.340460645718248,547.579315113488,0.5,0.4272744226417744
STN005,07/08/2024 07:00,3.7540566166966354,7.336552890742026,1.7407344217100618,442.04132549364846,2.0,0.1287118959816464
STN005,07/08/2024 07:15,6.449407413555123,7.0002583961464175,3.882218258573206,451.4673480982319,0.5,0.1489723892317258
STN005,07/08/2024 07:30,3.185434780755399,7.074801604306053,6.655127346968412,533.6546288030312,0.5,0.3192580546155756
STN005,07/08/2024 07:45,2.0655696901549323,7.414195803330992,6.238015995078911,564.0145438454655,0.5,0.4308521438976253
STN005,07/08/2024 08:00,6.261939093881207,6.552723436460307,1.2414853653652769,458.91267407409407,2.0,0.2086539645371135
STN005,07/08/2024 08:15,11.872161495638128,6.741998584074977,2.14938357955903,466.1916955149615,1.0,1.349277386741753
STN005,07/08/2024 08:30,9.240582677628662,6.573661166219981,4.714624573189855,480.2791244724767,0.2,0.3548911170560943
STN005,07/08/2024 08:45,12.78144346374623,7.382858269123342,1.0399987007179947,452.8710642647098,2.0,0.782218701171471
STN005,07/08/2024 09:00,14.443647746258353,6.5,1.6381381504574146,421.1812294188243,2.0,0.2791283040955618
STN005,07/08/2024 09:15,5.176046134798278,6.9158658011107725,7.825146258463843,528.7186247412956,1.0,0.7860924928154771
STN005,07/08/2024 09:30,9.395455430661253,7.170697944435807,7.54746808966182,533.7294244078812,0.5,0.407724116582961
STN005,07/08/2024 09:45,0.9373404831651189,7.244787972465425,4.558068569156973,467.5495056249224,1.0,0.1212892038008812
STN005,07/08/2024 10:00,12.750842624191355,7.207425351813504,3.952751860994371,460.2863910817451,0.5,0.3856926237257223
STN005,07/08/2024 10:15,13.627411881159588,6.592473287933501,6.067582366884476,462.3564862311469,1.0,0.439160815101587
STN005,07/08/2024 10:30,12.233519693083636,6.609277800179577,1.9871308822460847,462.79676257242113,2.0,0.0777202304796056
STN005,07/08/2024 10:45,8.784002202832596,7.170919323256494,2.5691467141967625,429.1461587830251,2.0,0.0202059808983799
STN005,07/08/2024 11:00,1.5877784834289237,6.899458803812063,2.2850140281659623,422.2532468924412,0.5,0.4204861339831846
STN005,07/08/2024 11:15,0.9739929642568962,7.190110266797137,2.8509729360727905,435.4937585170147,2.0,0.1982513577090737
STN005,07/08/2024 11:30,1.486362106514734,6.979710071599019,7.3165704600852495,534.2605804007314,0.2,0.015838485645883
STN005,07/08/2024 11:45,0.7544227908741358,7.303015433798015,6.711777121124255,530.006948953957,0.2,0.4873571117359729
STN005,07/08/2024 12:00,4.707535732616882,7.213893445134623,4.674043906410673,527.9505293802451,0.5,0.521209545657747
STN005,07/08/2024 12:15,8.72993789969308,7.424845930655396,6.878726510830989,549.933605543354,1.0,0.7922194586310758
STN005,07/08/2024 12:30,1.3996535905688257,7.006128763396672,3.373849072427128,478.7423351894196,0.2,0.3635789375664294
STN005,07/08/2024 12:45,3.292333322326442,6.5,5.438666626941457,522.4553148631915,0.5,0.4077144559751881
STN005,07/08/2024 13:00,10.254820191599542,7.096116139018435,7.109319389957308,518.560109081403,0.0,0.3877445623024519
STN005,07/08/2024 13:15,12.392473986457901,7.1257187644898,7.817779532290735,578.6098268389754,1.0,0.1070028279210519
STN005,07/08/2024 13:30,7.7041918147227,7.070288611129487,1.312672128646422,448.5892331017695,2.0,0.4058848734939774
STN005,07/08/2024 13:45,0.8488802789744049,6.5,4.969726637058696,506.17365777564527,1.0,0.3670764794949012
STN005,07/08/2024 14:00,11.353885908580889,7.4124492409856915,7.358323449237334,510.6964004474068,0.5,1.4672163854080729
STN005,07/08/2024 14:15,6.004251867638149,6.829848367889115,1.9650878084058796,461.792803825657,2.0,0.2200319597093258
STN005,07/08/2024 14:30,6.043070207836124,7.089732806055342,2.213255662669336,462.76833356531967,1.0,0.4220244458867386
STN005,07/08/2024 14:45,13.644133134001402,6.996997094699863,0.9758514341600696,422.22560322139736,2.0,1.4735605026013094
STN005,07/08/2024 15:00,4.868623820816084,7.24389468886528,4.983235879252235,458.0356732352004,1.0,0.0235362340771836
STN005,07/08/2024 15:15,3.57823713094547,6.6828804343241535,1.2033083681152064,416.8880479754977,2.0,0.0391235988294769
STN005,07/08/2024 15:30,5.724292779072798,6.970101741266865,2.096449713605039,395.9120076129499,2.0,0.2984261275710204
STN005,07/08/2024 15:45,6.9521693538823035,7.161194991806015,7.0452132163483645,489.83078578047423,0.5,1.1248020949774449
STN005,07/08/2024 16:00,7.819545238199023,7.096837248117831,5.2828527669859575,501.6019161364128,0.5,0.457644173561181
STN005,07/08/2024 16:15,12.679615777308774,6.978421320026688,6.037507720249693,518.2230068164522,1.0,0.1695620501585937
STN005,07/08/2024 16:30,2.9140794659105422,6.864909670434402,4.332626018316388,480.7443855447794,0.5,0.8457014837659691
STN005,07/08/2024 16:45,11.764177069746978,7.086236816919555,5.873669488768224,499.96451431263546,1.0,0.0663858250457788
STN005,07/08/2024 17:00,13.895125514932111,7.207115287134283,2.196334394312516,478.7270748892968,0.5,0.2770261047836625
STN005,07/08/2024 17:15,12.206363553299962,7.073044718062215,5.045820555124013,437.1698734807751,0.5,1.410801085711547
STN005,07/08/2024 17:30,13.834528998295536,7.332828741067387,3.8155867302552102,500.2644516293941,0.5,0.3519201546976523
STN005,07/08/2024 17:45,1.525845828573693,7.726808343182935,2.395135662437377,459.77771854281775,2.0,1.2002999192250043
STN005,07/08/2024 18:00,1.7218760845036662,6.703616408817316,7.737568450917103,563.8003515968095,1.0,0.015785214334067
STN005,07/08/2024 18:15,13.425167860089816,7.354858789535934,6.559029569426599,534.907180705943,0.2,1.1215960080530525
STN005,07/08/2024 18:30,13.74196483353125,6.5,7.595467063545245,544.4969126134831,0.2,0.8839374437484648
STN005,07/08/2024 18:45,8.116316655906797,6.80556487257295,2.1931123502758405,476.8546323283624,0.0,0.2224295983080704
STN005,07/08/2024 19:00,13.731387508835741,7.11294450499623,2.9313666228751423,446.3101037441864,0.0,0.1845683992655999
STN005,07/08/2024 19:15,5.814819369704117,6.986762458346338,3.092184365587362,447.98650136328274,0.2,0.3145627458706407
STN005,07/08/2024 19:30,4.020595444751847,6.813081774348906,4.695403567029572,497.2259870809236,1.0,0.0572570302047066
STN005,07/08/2024 19:45,8.30722231722595,7.34041869912434,2.03488165435,435.032140899517,2.0,0.2205298119279267
STN005,07/08/2024 20:00,5.107675329788596,7.149998261372966,7.122169981447362,578.9863785135532,0.5,1.3305990423325913
STN005,07/08/2024 20:15,8.176358136419523,7.166796626601561,7.001835207329021,508.5489334556351,0.5,1.3803090275808465
STN005,07/08/2024 20:30,8.731832869121256,6.5,7.384036936740394,495.53636399446367,1.0,0.0005139189545926
STN005,07/08/2024 20:45,1.5061231118021516,6.727147805270353,1.975384006917944,372.5639951684901,2.0,0.3038578766468207
STN005,07/08/2024 21:00,4.6329375350698525,6.988138779003401,1.3005693777486298,426.5238215051434,2.0,0.3517814655711656
STN005,07/08/2024 21:15,6.606682101903277,6.537621506321235,5.291556765338225,514.9831504298398,0.0,1.1143454209530017
STN005,07/08/2024 21:30,8.83299416956604,6.563048728712096,6.206603118483083,554.0798201340533,0.2,0.2343129706566935
STN005,07/08/2024 21:45,10.358530608123006,7.037048315521169,6.300618577906112,512.2421001752975,0.0,0.327850384434324
STN005,07/08/2024 22:00,9.804325640675861,7.323127894877499,2.7368446757660845,424.21022877338817,1.0,0.4526867399261439
STN005,07/08/2024 22:15,0.33052017062803807,7.038764788065361,7.959813558137419,505.9872549608804,1.0,0.2923252895366883
STN005,07/08/2024 22:30,8.340107624879542,7.173028173387432,7.914944282532117,589.1889933337134,0.5,0.284956565485693
STN005,07/08/2024 22:45,5.114744147523942,6.9837593084879845,2.643607138323269,459.78210273731656,2.0,0.3884558699913695
STN005,07/08/2024 23:00,12.313673876321438,6.65504713138358,2.796968214505809,444.363914468284,0.5,0.7951299883315928
STN005,07/08/2024 23:15,10.503494982170999,6.999078485846386,2.809374912208727,452.9989520009648,2.0,0.0155036071724667
STN005,07/08/2024 23:30,7.567205051433186,7.209151951713992,4.647167937471739,492.19276147251486,0.0,0.7416274454816538
STN005,07/08/2024 23:45,5.471846043914505,6.650954541546844,5.312423727475146,512.8994046094815,0.2,0.2667941826821992
STN005,08/08/2024 00:00,9.39481199082303,7.014356451288225,2.335381473904945,497.5822812942633,0.5,1.4518278782083522
STN006,01/08/2024 00:00,16.509512466624937,6.748813763542408,1.7056767892983034,479.2639471726454,2.0,0.9840430602196532
STN006,01/08/2024 00:15,61.170390036524246,6.828604726580903,6.004924399474039,512.944435716049,0.5,1.1141315045050617
STN006,01/08/2024 00:30,24.14591674076357,6.767243545173052,3.939360435177688,494.5275206182482,0.2,0.2860093255272508
STN006,01/08/2024 00:45,31.36803200443937,7.01797181161487,6.794453394717637,512.5268597371462,0.5,0.1002573790667989
STN006,01/08/2024 01:00,2.2623148149987604,7.040131050569822,4.845606891591744,443.0967490902031,0.2,0.7422314086304611
STN006,01/08/2024 01:15,63.795817467680976,7.237993664559604,2.2384365982488195,451.5122877207442,0.0,1.0035910760755005
STN006,01/08/2024 01:30,38.92590669907807,6.953486998130318,7.556962858486313,574.4619093126439,1.0,0.0867665185293194
STN006,01/08/2024 01:45,12.859753446171103,7.164555417866798,5.722365427120678,497.27020746581707,0.0,0.6609692122427989
STN006,01/08/2024 02:00,24.095419092130143,6.538411518343761,5.585386950170726,561.978838623414,0.2,0.1434817207583369
STN006,01/08/2024 02:15,41.34559250319627,6.943980496350444,5.227300419589915,536.4268336302257,1.0,0.0385496234802871
STN006,01/08/2024 02:30,27.91772053707986,6.812445281819664,6.128423625211808,496.4793612949465,1.0,0.0533460048336797
STN006,01/08/2024 02:45,20.52393375156808,6.837170955245755,7.142142916140292,529.4610685122648,0.0,0.2077822002282324
STN006,01/08/2024 03:00,31.4108653940424,7.035156072543724,4.376000811323548,515.9248045935789,1.0,0.2496681998068759
STN006,01/08/2024 03:15,36.73671167684486,7.348709543356603,0.9775579799458184,387.1633605687321,2.0,0.3566419345144389
STN006,01/08/2024 03:30,36.81930076952101,7.146663980122311,7.906619903500394,519.8391058188124,0.0,0.3265579626635911
STN006,01/08/2024 03:45,33.45280701203584,6.5,3.963333071230571,466.3820802093417,0.5,0.2789783624150307
STN006,01/08/2024 04:00,36.06875640704654,6.612856817463785,2.41357376146052,455.5523709410549,1.0,0.1066381017219824
STN006,01/08/2024 04:15,77.61791467617647,6.911601148171565,6.706413522475595,550.1363438413565,1.0,0.5019166383165697
STN006,01/08/2024 04:30,24.79446004063877,6.921614229281002,7.789534596382455,555.3020565237413,0.2,0.4725145731955983
STN006,01/08/2024 04:45,31.1852884184942,7.020760640985435,5.228164222457356,502.6552061821096,0.2,0.4857798612666176
STN006,01/08/2024 05:00,44.143251369814905,7.028407811611221,7.248159114262085,570.3139076837232,1.0,0.0262381381665645
STN006,01/08/2024 05:15,13.507336286858468,6.843907283851668,2.8150158811787724,450.78733976615126,2.0,1.4733072286313005
STN006,01/08/2024 05:30,24.69294984383613,6.89752441442124,3.0909361680723,510.8446792920125,1.0,0.4611180373902714
STN006,01/08/2024 05:45,36.88067334014138,6.748156201050418,2.459414231424604,395.2264458705415,2.0,0.4101689676802464
STN006,01/08/2024 06:00,32.92291279005997,6.652622070129412,2.585649471675368,427.8048386537115,1.0,0.204239858525387
STN006,01/08/2024 06:15,27.24767081689555,7.069369380639446,0.5868486952538357,395.63587311206766,2.0,0.0871210998000889
STN006,01/08/2024 06:30,39.2793284654399,6.640406603892526,3.460252330241843,487.046824663654,1.0,0.22154986479173
STN006,01/08/2024 06:45,40.31550402588603,6.5,2.6580486940247368,438.7679071459424,2.0,0.0635373832574302
STN006,01/08/2024 07:00,39.47802939467334,6.603559462718085,4.616537861022523,457.68711636926935,0.2,0.1610017097581563
STN006,01/08/2024 07:15,36.6961754457291,6.5,2.742832105820287,403.4559763737142,2.0,0.4183118060883851
STN006,01/08/2024 07:30,32.81807550807372,7.404579270614866,6.200702523823603,555.0477210147576,0.2,0.0818152600586206
STN006,01/08/2024 07:45,28.92011166808668,6.870122030327822,7.5698314026112765,560.2676729062259,0.0,0.3024721120325644
STN006,01/08/2024 08:00,43.98915024710138,7.232024783039479,3.096979039752501,501.7954013406118,0.5,0.4154444700701512
STN006,01/08/2024 08:15,17.004448650023576,7.036071416426852,3.9088198815007047,458.4298272392381,0.5,0.4589446785022385
STN006,01/08/2024 08:30,41.20885645240928,6.728541078893069,5.66179150924241,526.4874652496874,0.0,0.0939139827541362
STN006,01/08/2024 08:45,33.0355879682289,6.5,0.3407081170696154,437.82891997311606,2.0,0.4487848743250247
STN006,01/08/2024 09:00,30.98560125558581,6.720749317302049,7.615771823934082,545.4390601486747,1.0,0.4931117225017917
STN006,01/08/2024 09:15,87.22941607584607,7.527599701428109,0.5573403610850132,406.9830495316709,2.0,1.4009234526232084
STN006,01/08/2024 09:30,6.131630537008332,7.27904718316869,0.8862907132429718,376.7602192842372,2.0,0.93489894784129
STN006,01/08/2024 09:45,73.61080995435728,7.050890467765108,5.956641500438407,546.4019941317716,0.5,0.3832094299553885
STN006,01/08/2024 10:00,32.88628517993943,6.607598569870936,2.404061487542978,476.9763764688069,0.2,0.1927073876527058
STN006,01/08/2024 10:15,18.53085980456296,6.665803242585487,3.379337249383673,440.6308437124328,0.2,0.6204776316857442
STN006,01/08/2024 10:30,29.96830008119278,6.61094388448668,6.9689263220098345,548.1331471442014,0.5,0.1439374976375643
STN006,01/08/2024 10:45,90.6827406784412,7.148996708308769,2.570453360729541,447.5782379857948,1.0,0.5329944140889551
STN006,01/08/2024 11:00,42.64231012917261,7.043529131992507,4.088305255282154,511.30026662013296,0.5,0.0846523397514988
STN006,01/08/2024 11:15,22.94940745412561,7.093883158418255,6.735658524138965,539.7909645167326,0.5,0.2110355439800569
STN006,01/08/2024 11:30,41.08877966995461,6.982560721896159,3.287647300311636,467.4122325556124,0.2,0.0087344964093211
STN006,01/08/2024 11:45,39.72811209546487,6.525211673068524,4.217679046108778,471.8758697966064,0.5,0.237701382544145
STN006,01/08/2024 12:00,14.579465844972455,7.320879689967731,4.7608952737903785,510.7383016486913,0.0,1.2348044734795296
STN006,01/08/2024 12:15,44.29145908668219,6.615060772020661,2.463930981174211,470.1220402284448,2.0,0.3469688149128944
STN006,01/08/2024 12:30,42.2118685781133,6.592711193044572,6.326007525484818,518.1184867313294,0.0,0.0440217722190535
STN006,01/08/2024 12:45,43.524202969398345,6.944596223544192,5.177583354638797,475.23839257342473,0.5,0.2034309142299848
STN006,01/08/2024 13:00,32.332722223372926,7.807916544237075,4.492464058205535,540.3856532634546,0.2,0.4054195000085458
STN006,01/08/2024 13:15,19.31889906739959,6.632288704251945,3.5469989994967905,440.0599887313344,1.0,0.3674588369958534
STN006,01/08/2024 13:30,31.844835107216294,6.5,5.26756401009656,449.36939310472286,0.5,0.2312484139058207
STN006,01/08/2024 13:45,37.77695338452728,6.65109036985795,5.14158077587391,538.9601365099511,0.2,0.4388717972004089
STN006,01/08/2024 14:00,64.11796450337545,7.143152502548643,7.719957783572128,525.9191031055896,0.5,1.1713361403741165
STN006,01/08/2024 14:15,16.79543702696034,7.12558600164576,0.5143150851879448,345.5166618569766,2.0,1.4908293358705176
STN006,01/08/2024 14:30,0.1269094772815626,6.981478248650511,1.3212813541951194,463.0277479729229,2.0,0.3415943840789027
STN006,01/08/2024 14:45,42.34969628112887,6.558611500513034,6.430688589257334,536.9584967892466,0.2,0.2602672640948281
STN006,01/08/2024 15:00,89.17111292003443,6.722260642857867,6.485560812403779,535.0527483818087,1.0,0.9365604025772074
STN006,01/08/2024 15:15,29.795343223475516,7.550764942235027,4.842224086384224,532.7536694280591,0.0,0.1150956341873031
STN006,01/08/2024 15:30,41.686056933548045,7.25771136741338,4.013907025979278,513.719829639204,0.2,0.383034718577014
STN006,01/08/2024 15:45,31.45198341781635,6.694392619489101,4.230737730785652,495.5715107000637,0.5,0.0880550801107906
STN006,01/08/2024 16:00,38.16919392244185,7.149465692403556,4.63234504594075,495.5211788231916,0.2,0.4385113625921236
STN006,01/08/2024 16:15,95.02987029303628,6.5,3.346691669478758,492.6179250884663,1.0,0.7487430911753441
STN006,01/08/2024 16:30,27.04813780795733,6.905054623704215,0.5148515843599746,425.0138772786955,2.0,0.4477064299200665
STN006,01/08/2024 16:45,20.43067492943173,6.555081926328701,5.321327711813089,541.6709089324982,0.0,0.1204011093807526
STN006,01/08/2024 17:00,36.39359644641539,6.929419995813971,7.574369864265051,525.7020398115615,0.2,0.1899534504063917
STN006,01/08/2024 17:15,38.09363967759857,7.057425368805426,5.826339488186606,526.3911860464111,0.5,0.2287218214130718
STN006,01/08/2024 17:30,33.52991950109465,6.5,4.715577586259947,526.2463980560083,0.5,0.1320646329090626
STN006,01/08/2024 17:45,90.57383151388213,7.113029729804027,2.9960724580292544,431.73662155036885,2.0,0.6380003826562508
STN006,01/08/2024 18:00,41.52506540455869,7.242954002018961,0.9924089401442237,449.36023741796,2.0,0.2414596797062081
STN006,01/08/2024 18:15,32.220697091824206,6.8689787422135655,3.9348318519217047,503.0325057300904,1.0,0.2319062707233412
STN006,01/08/2024 18:30,69.38492177719237,6.911473145110796,4.194545497268246,462.9095100293746,0.2,1.3003276051356405
STN006,01/08/2024 18:45,38.6379907963111,6.970572967467865,5.227575553510877,474.6225251058056,1.0,0.169488739515477
STN006,01/08/2024 19:00,39.31531888487409,7.0928469990345775,3.30558418396154,451.05456227553947,0.2,0.3005375966931833
STN006,01/08/2024 19:15,38.28704403706859,7.202184147658734,0.8529666327664691,394.7887134379804,2.0,0.3323118949422061
STN006,01/08/2024 19:30,34.84293141512066,6.814772800007412,4.157067167984123,448.1904145120606,0.0,0.2699511541533145
STN006,01/08/2024 19:45,16.993398970634253,6.691517445786303,3.088872497539188,508.29595556442246,0.5,0.6160987776683653
STN006,01/08/2024 20:00,24.36172131008172,6.8455336116709455,7.40603420526317,509.45351872424425,0.0,0.4372827072083396
STN006,01/08/2024 20:15,41.31610089024321,6.974151184721766,7.149194849610435,546.771495319267,0.5,0.1067715194887317
STN006,01/08/2024 20:30,3.2868179480503112,6.957711721219023,5.849378079772272,549.642099318202,1.0,0.5256101971000515
STN006,01/08/2024 20:45,38.24427631186562,7.169739536162134,4.055524153211738,465.5815200575817,1.0,0.4216380085307445
STN006,01/08/2024 21:00,32.509258566443,6.947575108873302,4.743504765807426,452.9870584453844,1.0,0.0624574868417409
STN006,01/08/2024 21:15,31.909201500736472,7.022533729862273,5.543231087519664,459.0345763743621,0.5,0.3999991430434131
STN006,01/08/2024 21:30,32.88016315235651,7.053013895395076,3.738822743243441,472.0346428181553,0.2,0.1397925451208005
STN006,01/08/2024 21:45,33.50758782642385,6.790650767154204,2.355598998304936,444.8033727152094,2.0,0.0214163355675944
STN006,01/08/2024 22:00,51.410513698143454,6.592607955246465,1.954728004051594,402.86356402004594,2.0,0.8303159023118492
STN006,01/08/2024 22:15,32.48655944894348,7.38859081791265,6.7662320078691,553.4441359735014,0.2,0.4177212731502213
STN006,01/08/2024 22:30,36.177058897549415,7.102684249186456,1.2491329198804957,421.119990192577,2.0,0.4962490799793259
STN006,01/08/2024 22:45,22.69416533718332,6.881929025327858,1.875653902119744,423.1121618803885,2.0,0.4005425017504803
STN006,01/08/2024 23:00,24.32578571549708,7.188173811212819,4.666015683822668,525.4150114651554,1.0,0.4721103671650386
STN006,01/08/2024 23:15,21.712350791578576,6.980096216668881,3.5673907040612325,484.67999540009686,0.2,0.0838519318326305
STN006,01/08/2024 23:30,12.280227508650674,6.887003845568619,3.898417633768324,500.9009114392916,1.0,0.7847557577091462
STN006,01/08/2024 23:45,78.44164096698321,6.6925573076895954,3.158022908587648,498.30820451165886,0.5,0.9816268716471944
STN006,02/08/2024 00:00,37.72953125577301,6.693897733937678,5.60363428150667,482.8214163007154,1.0,0.2671541999928067
STN006,02/08/2024 00:15,4.549256275637752,7.314665823030714,2.0271292292108014,448.7592142703992,0.5,0.3263850617015367
STN006,02/08/2024 00:30,68.93849691362023,7.4494578554779025,1.3262004616955971,415.91048807529353,2.0,0.7587084832406605
STN006,02/08/2024 00:45,29.382653408174093,7.101790510712417,5.279798779083093,490.9261876076933,1.0,0.480095871895156
STN006,02/08/2024 01:00,34.23687531483968,6.788288954188688,7.104902303303276,492.3055858305149,0.2,0.2327685373221509
STN006,02/08/2024 01:15,40.285361395725445,6.5,2.0212326197028445,413.8689310554128,1.0,0.2212750234416773
STN006,02/08/2024 01:30,40.99312866483058,6.785171796373708,2.2468805504479645,466.5700987131215,0.5,0.2808503693324239
STN006,02/08/2024 01:45,15.189604268998556,7.409035734503477,7.708673739918186,535.0329965791672,0.2,0.7742408770412367
STN006,02/08/2024 02:00,2.670323968047956,7.309995324433215,3.2121048592647297,427.3806837670316,0.5,1.0292109623096493
STN006,02/08/2024 02:15,5.395202744149151,6.8412901805496364,6.179733091057484,514.0455264662139,0.0,0.4745686238229386
STN006,02/08/2024 02:30,25.916055213157,7.150399468649775,0.294505615558478,391.3003811369828,2.0,0.0841966952924369
STN006,02/08/2024 02:45,32.93611655602568,6.96268147340162,6.66167121447873,530.5429087602477,0.5,0.0502733671175463
STN006,02/08/2024 03:00,44.1080355365143,6.521211413096274,2.1265990161244366,435.9340092992888,1.0,0.111174656430543
STN006,02/08/2024 03:15,35.7383302605875,6.669400017489645,5.781592345862125,503.7909021860544,0.2,0.2877440310697166
STN006,02/08/2024 03:30,73.85783773583488,7.082633703233149,7.327401924899796,499.7323458968775,1.0,1.031560697677517
STN006,02/08/2024 03:45,44.39607366295948,6.877381095663631,6.814558874184014,560.5978273169352,0.5,0.0071703140940931
STN006,02/08/2024 04:00,39.73347234483586,7.299196107679051,4.747788338743994,541.7496172641618,0.5,0.0619719365178501
STN006,02/08/2024 04:15,22.691053941733227,6.5,0.9582515681909288,409.22358976813695,2.0,0.2760208965638411
STN006,02/08/2024 04:30,44.834944042355374,7.010805780514735,2.4708777225931504,502.93108573270064,0.5,0.0928251339613625
STN006,02/08/2024 04:45,30.1699480011156,6.817932700280639,2.207378587096927,477.3249413735129,1.0,0.0934001337975187
STN006,02/08/2024 05:00,82.50611963250358,7.414853435172164,4.074627696669039,531.6812427445083,0.0,1.0392599766157675
STN006,02/08/2024 05:15,25.67949679391839,6.522339667742272,7.606235949188104,549.8206920040984,0.5,0.3045249743308806
STN006,02/08/2024 05:30,35.489058348877215,6.773066885141851,2.305408495099305,484.210024190971,2.0,0.1964651166689687
STN006,02/08/2024 05:45,40.10049779513219,7.431414237903179,7.314143214538763,544.9771492457937,1.0,0.288481538529737
STN006,02/08/2024 06:00,26.512087156991463,7.375476130626344,6.993237572377037,570.0195600633634,0.5,0.4756745104434476
STN006,02/08/2024 06:15,35.80732852403729,7.093167792449499,1.328817481735876,399.8453148509701,2.0,0.126584581720225
STN006,02/08/2024 06:30,39.544875800873854,6.763800709302104,2.3140174055464997,426.3542972497915,0.5,0.3477740018321543
STN006,02/08/2024 06:45,27.841640619227498,6.952985388178125,7.598339860781017,546.6226872924279,0.5,0.0024519972565648
STN006,02/08/2024 07:00,22.62288175001414,7.040440389679809,6.402886900482129,521.3645290577697,0.5,0.0063026466627651
STN006,02/08/2024 07:15,28.098998252986405,7.7926833265228606,6.098905473616968,501.0681680310366,1.0,0.42501335772292
STN006,02/08/2024 07:30,8.477335808882739,6.990484703133654,7.427665693391313,580.3696316295136,0.5,0.8323388938920557
STN006,02/08/2024 07:45,28.100993545609136,6.937331448771557,3.0272815975247944,416.2456827159476,0.5,0.4419196609296903
STN006,02/08/2024 08:00,39.411494129312814,6.693129789037564,0.7267667017701565,373.864188200038,2.0,0.3480663203733745
STN006,02/08/2024 08:15,35.26188880628565,6.81561317223954,3.9382066706823022,460.1176845652421,0.2,0.1534416330775773
STN006,02/08/2024 08:30,26.28412979313625,6.5,5.425588362665916,574.1426956796188,0.2,0.1601917161424503
STN006,02/08/2024 08:45,40.494088397965335,6.5,6.2708462205627065,525.0226799220959,0.0,0.1383706037303672
STN006,02/08/2024 09:00,1.8149047476625868,6.608724396750942,4.703293307445379,536.4591798940497,0.5,0.3084167909848093
STN006,02/08/2024 09:15,26.54700516135069,6.634103139562737,3.1750193386958325,448.97251939584993,0.5,0.2716913865839635
STN006,02/08/2024 09:30,32.42566478605745,6.701664090215473,6.304095993171295,538.2826148343316,0.0,0.0043418083733344
STN006,02/08/2024 09:45,21.176793401434622,6.5,7.882339745874964,538.9158839725449,0.5,0.0382686366217924
STN006,02/08/2024 10:00,1.2732594796613703,6.828572821212019,5.672775938778946,488.2851250298577,0.5,1.0878298705592715
STN006,02/08/2024 10:15,6.555342224089607,6.808740607117783,5.841383963657331,548.832623879608,1.0,1.1283756458146124
STN006,02/08/2024 10:30,36.54071859131553,6.902470977767516,1.7345621943058895,452.755143694892,2.0,0.3336741914091012
STN006,02/08/2024 10:45,20.52839127368208,6.877606830803384,2.7705702980977294,491.1301226509455,1.0,0.1857998219103324
STN006,02/08/2024 11:00,2.3816425382910844,6.981699314218815,3.7564928414242136,482.62080920517104,0.2,1.3924091740749844
STN006,02/08/2024 11:15,24.44041791453964,6.561542268078006,3.423983185301904,403.8149277093708,0.0,0.4894262749642202
STN006,02/08/2024 11:30,10.728575460505912,7.630954881811823,6.234372693901812,568.9328922575517,1.0,0.8751181455607762
STN006,02/08/2024 11:45,10.431137511615445,7.423340139139539,7.61791027681991,565.9797880543589,1.0,1.1500560732798384
STN006,02/08/2024 12:00,41.07884927257962,7.185723648984432,7.005237590211324,536.9065665570804,0.2,0.1767603873336448
STN006,02/08/2024 12:15,29.356898048499,6.5,2.552361534745092,465.5807242142827,0.2,0.1514815417299565
STN006,02/08/2024 12:30,36.14341467247203,6.78198840721138,5.372438036208638,449.3690493718631,1.0,0.3222028052843876
STN006,02/08/2024 12:45,44.64067688910757,6.89126304911424,3.830730339855432,463.816064893775,0.5,0.0482064528939311
STN006,02/08/2024 13:00,27.17421685924356,6.8877113214457015,4.124556665685613,505.0234356819389,0.5,0.21052863601485
STN006,02/08/2024 13:15,23.579182932892483,6.690397207607595,4.833752679226015,501.12197124437546,0.2,0.0932002431945316
STN006,02/08/2024 13:30,12.737035814882535,6.875538824725894,6.7033063378010205,556.0979232288678,1.0,0.4209558963423227
STN006,02/08/2024 13:45,29.03957176991969,6.714639396185648,2.271166251983188,436.311131842956,1.0,0.1673659957006883
STN006,02/08/2024 14:00,99.98540548242174,7.384821333449356,0.2280673073675779,391.4450266234192,2.0,0.7353536870125994
STN006,02/08/2024 14:15,69.38728474249207,7.352443674546084,4.975908819445289,510.0543073568904,1.0,0.554296364097028
STN006,02/08/2024 14:30,31.12148620077648,6.5,6.352492246110252,562.2334324168918,0.5,0.0115846684386679
STN006,02/08/2024 14:45,18.48241980806734,6.887997045855361,4.070882260594503,463.5681976829868,1.0,1.0973832502410226
STN006,02/08/2024 15:00,11.572574190043056,7.193462427047005,5.092698686111694,481.4019902367957,0.5,1.0908415492405124
STN006,02/08/2024 15:15,2.8814657793618936,7.3998587454195475,3.452874277786794,476.1712202413125,0.2,0.5272029876466837
STN006,02/08/2024 15:30,20.319034591510466,6.827980158052126,2.1321387570882244,463.6656772249305,2.0,0.0613326999356764
STN006,02/08/2024 15:45,61.50995016140962,7.084222400803901,6.680145227016092,529.8003612140187,0.5,1.3261391154346494
STN006,02/08/2024 16:00,73.49528513797773,6.5,5.696404368564115,464.757755723115,0.5,0.3486086606743776
STN006,02/08/2024 16:15,85.36600354813316,6.5,2.734023414418291,448.7930016114538,2.0,0.7383923146813636
STN006,02/08/2024 16:30,33.55074955038165,6.565643882021722,0.4368631208341277,399.4789587183204,2.0,0.005406000352688
STN006,02/08/2024 16:45,33.90773058362211,7.33100186569794,2.755854219773193,433.19262733777583,0.5,0.0695305329132314
STN006,02/08/2024 17:00,0.8736134713720012,7.461750985775981,6.397136070124905,544.3793601290301,0.0,0.8959608793931404
STN006,02/08/2024 17:15,30.74562103302179,6.640966741282703,7.162300454196037,542.4972617685603,0.5,0.207262584604178
STN006,02/08/2024 17:30,58.03949742749866,6.926035902432053,2.9787686431067617,442.6327047561582,2.0,1.230042169557002
STN006,02/08/2024 17:45,22.820149647853693,6.684838936323527,6.991227548662135,510.4606806379441,0.2,0.0669707388704606
STN006,02/08/2024 18:00,32.85136787783399,6.840574631043135,0.6631083269232296,387.1174180216778,2.0,0.4817378277899256
STN006,02/08/2024 18:15,27.78204123528055,7.3564258737682335,4.1930087902062905,569.518680472789,0.0,0.3056884328788824
STN006,02/08/2024 18:30,82.20984085828857,7.226925758310478,3.6522973352122183,474.488552353268,0.5,0.305268949108613
STN006,02/08/2024 18:45,32.767610071691735,6.990566774894683,6.338802302644688,534.6012344115343,0.5,0.3215154787193996
STN006,02/08/2024 19:00,21.15922792448164,6.69484947905796,5.09493088852444,515.3529383211011,0.2,0.1108607115386264
STN006,02/08/2024 19:15,36.64411578027891,6.936779003325115,0.7358115532104563,446.5360760977212,2.0,0.0088723646243967
STN006,02/08/2024 19:30,40.56798367284159,6.5,6.465028807362738,537.9339626171296,1.0,0.0353763494264341
STN006,02/08/2024 19:45,56.99564052574198,6.662231853783624,2.318527396840861,389.1075986906855,0.2,1.4075100118011008
STN006,02/08/2024 20:00,20.27714008927768,6.562372066090369,2.301660784368304,457.7432666872144,0.5,0.0859676197034127
STN006,02/08/2024 20:15,77.8170989803969,6.8621383637442905,7.615619891676941,580.1637861349841,1.0,0.9690887241353712
STN006,02/08/2024 20:30,6.6551030701193215,6.588192552669506,6.8487319331836005,486.3228237945212,0.2,0.9931432585729104
STN006,02/08/2024 20:45,40.02040520272168,6.642874485602591,1.6993825734754715,382.89811908650256,2.0,0.2178125131442166
STN006,02/08/2024 21:00,66.73075360544232,7.0067820356522645,4.172173637031947,502.0221264157836,0.2,1.450671912371239
STN006,02/08/2024 21:15,30.72722743695964,6.692164883524801,7.043685215470561,582.7782913536242,0.2,0.1822312196264219
STN006,02/08/2024 21:30,7.865170725081714,6.785010326840048,2.4464056495986064,439.5381244588254,0.2,0.7301190527650863
STN006,02/08/2024 21:45,38.83277100120548,6.940312404387942,6.19462607841971,526.3972257753015,0.2,0.3113781200260538
STN006,02/08/2024 22:00,12.730513532835172,6.917688428654501,2.9999686687478464,488.1643052953231,0.5,1.2739411968717094
STN006,02/08/2024 22:15,20.481513027997256,6.721107455312737,2.305624419784305,437.1904615127484,2.0,0.0395851926551535
STN006,02/08/2024 22:30,17.01763103737876,6.5,2.656967952244175,452.5335412158672,0.0,0.9570283512357192
STN006,02/08/2024 22:45,22.97874363015276,6.916581128880187,2.8701646601539235,427.5505401205392,0.2,0.4748858001033775
STN006,02/08/2024 23:00,90.93015326552997,6.953682378227287,7.009139356394331,532.1225767307869,0.2,1.1895305475019595
STN006,02/08/2024 23:15,37.50608878412342,7.322944201659312,7.291270013583985,510.3184837699516,1.0,0.4473740056568498
STN006,02/08/2024 23:30,28.74702504048016,7.020622873318398,6.087031946318144,516.0971035293932,1.0,0.4506943905888826
STN006,02/08/2024 23:45,36.589469892383,6.536432255736767,7.863007233549123,561.5804779705944,1.0,0.4513242491484264
STN006,03/08/2024 00:00,18.865154727625203,6.656798527152254,2.3680993503842376,443.8938944670531,0.0,0.6316875810011938
STN006,03/08/2024 00:15,27.36594826053359,6.660919022325314,5.194649286420263,494.660828569689,1.0,0.4402852609128727
STN006,03/08/2024 00:30,35.475567997966294,6.767292381850644,5.255996536161548,464.6915372102759,1.0,0.0508205753334704
STN006,03/08/2024 00:45,33.94208347371755,7.242223954254834,6.540552022148231,525.6218711345205,0.5,0.2617031883019859
STN006,03/08/2024 01:00,72.13397119870788,7.288126573823472,4.340543469170237,429.9888290480413,0.5,1.4034891902959143
STN006,03/08/2024 01:15,32.29190408812238,6.592140565111288,7.936560881069992,541.4536871257336,1.0,0.3919300365745576
STN006,03/08/2024 01:30,41.633967620428535,7.158902690878256,3.936795852796621,446.8856129178516,0.5,0.2165106999660343
STN006,03/08/2024 01:45,42.05756628399235,6.863486977043145,2.300897720435636,448.8279341382207,0.2,0.3730288339638928
STN006,03/08/2024 02:00,58.64246352065176,6.6491569495098775,4.7945385934059175,444.5114175062443,0.5,0.4637458155769713
STN006,03/08/2024 02:15,1.881322197655615,6.914644751163971,6.370070545715055,523.3460453016152,0.5,0.6544341561684732
STN006,03/08/2024 02:30,26.2738991360072,7.025585001983212,3.303735779968662,499.2783039205797,0.2,0.4558221977071344
STN006,03/08/2024 02:45,14.365230298159153,7.41504205510045,2.807999112478445,495.7514881298954,1.0,0.8282714381878484
STN006,03/08/2024 03:00,44.569700390741055,7.402310963384123,0.872741103735903,434.6819339411881,2.0,0.315656156184428
STN006,03/08/2024 03:15,31.74409305808969,7.237217069530698,7.836778658201005,596.48454141729,0.5,0.3061506792458932
STN006,03/08/2024 03:30,32.66474117895205,7.195360810289691,2.765306188975975,458.7960589929352,0.5,0.4445426931340925
STN006,03/08/2024 03:45,20.313622607277075,6.760568006955263,4.107797884095231,509.8708161827696,1.0,0.3793054030240587
STN006,03/08/2024 04:00,8.39746342979278,6.775549894665043,4.290059218759303,453.8378802944639,1.0,1.2489994296486475
STN006,03/08/2024 04:15,24.832801207675235,6.549487001005673,2.6721135033924464,423.9783849443895,0.5,0.1706060602150561
STN006,03/08/2024 04:30,2.136373422850377,6.917905859229856,6.938955047991123,570.0657597127496,1.0,0.4932198186667862
STN006,03/08/2024 04:45,36.05890254189909,6.588331604661071,6.003287382975986,538.418808185474,1.0,0.0421285236736628
STN006,03/08/2024 05:00,0.822062191243631,6.696719408683649,7.901556488532902,592.7575151182909,0.2,1.1125391736279615
STN006,03/08/2024 05:15,90.28728754702811,7.309123623597541,2.3159238102928814,429.8269355094117,0.5,1.472433778789588
STN006,03/08/2024 05:30,42.87919738815316,7.140487566870971,5.366862368417158,498.0176560827259,0.2,0.3010674618205103
STN006,03/08/2024 05:45,21.526513525313888,6.9108055910369615,2.2399182717502706,439.803783947158,2.0,0.0431557597990941
STN006,03/08/2024 06:00,26.909228760555063,6.578874662477421,6.488847079864413,518.9603610705449,0.0,0.4815974475360328
STN006,03/08/2024 06:15,1.4016328016761337,7.010833032727192,5.202118371020308,445.165334766468,0.2,0.4643907716414849
STN006,03/08/2024 06:30,27.761865893027583,7.328199695127262,7.496722688482999,588.2901044517122,0.5,0.1342972715060902
STN006,03/08/2024 06:45,59.49573791381594,6.649228954522066,1.7998109662090342,447.20853976829846,2.0,0.9984235453772272
STN006,03/08/2024 07:00,29.38392086777973,7.108835248736237,7.77262501221451,542.7025887473688,0.5,0.1653871988220719
STN006,03/08/2024 07:15,13.603248541110531,6.720313850086539,4.599758234933919,493.56341010150345,1.0,0.6106335337719393
STN006,03/08/2024 07:30,14.609789342829814,7.463855702930124,5.735053230392312,477.98378406853766,1.0,1.1889035056839818
STN006,03/08/2024 07:45,32.4961441284776,7.171005175634426,4.586063769729794,512.570135849297,1.0,0.2409995879589709
STN006,03/08/2024 08:00,77.1319456976384,6.938697374031415,2.2348467714245457,423.21282184287486,2.0,0.7988399519540411
STN006,03/08/2024 08:15,27.269235902030523,6.5,2.110947912114451,462.09094404995847,0.0,0.0891489837031684
STN006,03/08/2024 08:30,59.98761723212018,6.564762293541402,2.903502569561963,454.93166068078745,2.0,0.9480575348687345
STN006,03/08/2024 08:45,28.140454402693813,7.044445237074119,0.473978460507315,332.8449365316143,2.0,0.0295225892564365
STN006,03/08/2024 09:00,78.16490122674246,6.5,0.5477640287846729,401.2310772254398,2.0,1.0018184439232678
STN006,03/08/2024 09:15,21.712332298443823,6.933624746555713,4.532529331820835,480.78161916382,1.0,0.4280547122502589
STN006,03/08/2024 09:30,25.69318170349853,6.535667052784077,2.722923373400644,435.70754354495097,2.0,0.2914207639431928
STN006,03/08/2024 09:45,3.7951234806957146,7.248971716850356,7.069048973582635,569.0967115327878,0.2,1.004686596647396
STN006,03/08/2024 10:00,37.2958462387399,6.535809074215589,4.432643576518663,496.7016882261314,0.5,0.2274205079853138
STN006,03/08/2024 10:15,25.368275731997198,6.745090341853428,4.014199558755726,468.35671140262326,0.5,0.0960804912244444
STN006,03/08/2024 10:30,9.732355742372414,7.038454217091793,2.035326356606303,470.4265891793928,0.2,1.23897083443281
STN006,03/08/2024 10:45,41.36637653293576,6.552299655218312,2.83972809058525,461.6926957569365,1.0,0.0405626466868785
STN006,03/08/2024 11:00,13.635110664971204,6.782245448057256,6.021545231855391,510.07764791791726,0.2,0.3061698214308876
STN006,03/08/2024 11:15,32.22960027291137,6.563894387099471,3.632159572510501,471.349726592455,0.0,0.325977370044484
STN006,03/08/2024 11:30,22.327070112333228,7.098250377171658,4.414259705959257,509.6702803511018,1.0,0.4064941935286175
STN006,03/08/2024 11:45,21.336216856291948,6.570660309916908,2.112338966774514,434.9049693179016,2.0,0.0750438344310316
STN006,03/08/2024 12:00,71.68967047988886,6.730511315677556,3.785372477458229,443.71667737459126,1.0,0.4051406422616523
STN006,03/08/2024 12:15,35.71035200440706,6.6450658241771565,2.753022680382507,469.1100062445653,2.0,0.3038928258705146
STN006,03/08/2024 12:30,38.33596741610384,6.667512437167232,4.8894358892905405,540.9068201406784,0.5,0.0495641358084303
STN006,03/08/2024 12:45,72.27787661297468,6.9340979940405445,1.1792800544167443,476.28733074090616,2.0,0.8047608137295066
STN006,03/08/2024 13:00,72.01064668526344,6.791620032706013,2.457597454314434,439.0974684717507,0.5,1.4742875928399883
STN006,03/08/2024 13:15,27.737173826632063,6.915236057222651,2.4397133510151807,434.75181118682985,2.0,0.3990432468648439
STN006,03/08/2024 13:30,43.937244489507854,6.806289150024518,4.754827118545216,471.4484829769848,0.2,0.1019125334968223
STN006,03/08/2024 13:45,7.604336223873624,6.5,1.7433468297263663,437.6067580789704,2.0,0.4344831036154212
STN006,03/08/2024 14:00,18.83144253460663,6.653373920793447,3.07911605851272,448.5052911961215,1.0,0.8090862851196845
STN006,03/08/2024 14:15,27.38939681177288,6.949250243677414,5.215749528810283,451.4999537804429,0.5,0.3875970445705319
STN006,03/08/2024 14:30,35.617396083778246,6.779742038795373,7.411783084327037,529.1968324104594,1.0,0.4596524307727006
STN006,03/08/2024 14:45,37.00022145171143,6.836952815009972,2.996449356481988,415.4574546044533,2.0,0.05355181863545
STN006,03/08/2024 15:00,15.837963009706062,6.874634491307525,2.5234502678716604,459.6402764309538,2.0,1.0735042235708423
STN006,03/08/2024 15:15,38.32844928291951,7.098985589117107,6.81141494760433,530.9371639976915,0.2,0.2426921346969754
STN006,03/08/2024 15:30,32.15151265246064,6.667735151708582,4.1468353107440645,487.9808026316247,0.2,0.2966887552318829
STN006,03/08/2024 15:45,35.64705787276843,7.097399908019971,5.33923579361865,521.6459998979741,0.0,0.3699062399541833
STN006,03/08/2024 16:00,13.140384612900624,7.375960091867219,7.037220913968051,497.2241481414243,0.2,0.5533589568512403
STN006,03/08/2024 16:15,38.93253210429053,7.1282183419311895,4.35105547584511,452.9213076093821,0.2,0.2986311913380926
STN006,03/08/2024 16:30,41.57034628372613,6.920196214358165,2.364816799992425,415.0758179889734,1.0,0.2016539786619685
STN006,03/08/2024 16:45,39.65145922271455,6.876777406312455,2.017506374889506,490.6401351987775,0.5,0.2536513991621818
STN006,03/08/2024 17:00,31.68733652625442,6.779718934138836,7.442701795420791,584.8011463697687,1.0,0.4195461708441812
STN006,03/08/2024 17:15,24.78782101345045,6.628137971995913,2.2422503587618645,445.1522321117525,0.5,0.2168345018865398
STN006,03/08/2024 17:30,74.45294130507526,6.5,4.14440848451383,454.1243070269954,0.5,1.0067790844999838
STN006,03/08/2024 17:45,37.63177959978832,6.938469356945815,5.601806481137243,513.7270576790374,0.2,0.1005102715989045
STN006,03/08/2024 18:00,37.385089240136494,6.890343768976264,3.047096102367377,486.126862671249,1.0,0.2073738751636566
STN006,03/08/2024 18:15,33.07664033499141,6.623427708455163,5.314922800524472,434.4526798638888,1.0,0.2530207694061314
STN006,03/08/2024 18:30,32.550523727479515,6.5,6.105821767262116,501.391736869356,0.5,0.3983564038694083
STN006,03/08/2024 18:45,31.46116832229201,7.234219826809069,6.335241659661856,568.1009429848351,0.5,0.2997852148929417
STN006,03/08/2024 19:00,27.952624380293784,6.788967953854288,7.787699298744151,553.2123142649083,0.2,0.1033606534906347
STN006,03/08/2024 19:15,42.459774687767606,7.321678655248637,1.764732078352259,486.0509790814702,2.0,0.0978986540847159
STN006,03/08/2024 19:30,4.008254624944829,7.002519638282745,6.830393685106889,574.625807546495,1.0,0.7792831974775212
STN006,03/08/2024 19:45,24.10491066666153,6.98099533325777,7.061182432550269,552.1221026448105,1.0,0.0041033149415437
STN006,03/08/2024 20:00,17.63703839501441,7.283530955954335,7.324176474409338,577.2474093142256,0.2,1.1180198245725728
STN006,03/08/2024 20:15,27.32932621083643,7.450247579211936,5.325262895927454,525.3901418317589,0.2,0.4739485139808214
STN006,03/08/2024 20:30,8.40288869113942,6.979234308181077,5.014193287812451,519.150844449855,0.0,1.3089810146628325
STN006,03/08/2024 20:45,38.84604747908677,6.879759256254155,4.022075871290571,462.8366985792996,0.0,0.4432084091355229
STN006,03/08/2024 21:00,84.14622249963115,6.877649483269316,3.1559624735635463,487.191550802123,0.2,0.3373360355726953
STN006,03/08/2024 21:15,82.52257594574192,7.280984082083716,7.199027974526283,561.1770739946342,0.2,1.1290170383039708
STN006,03/08/2024 21:30,15.371098947995456,7.190743671715641,7.0078908273488345,515.620347734052,0.5,0.3476209386973877
STN006,03/08/2024 21:45,44.91095138165538,7.036562353088374,6.220304594484965,494.0534195353396,0.5,0.2981732282844101
STN006,03/08/2024 22:00,41.96467914985553,6.775252165257121,7.630988377033425,557.5801279514124,0.5,0.117275961442931
STN006,03/08/2024 22:15,40.72201647515104,7.204244444468483,4.835507743970146,483.0637672828519,0.5,0.0903688343012076
STN006,03/08/2024 22:30,20.30703802567028,6.5,4.428135970958646,500.5727331866914,1.0,0.2755886352147731
STN006,03/08/2024 22:45,31.788453173032728,6.738070738783547,5.417531989553578,536.4668335876593,1.0,0.1846440225873076
STN006,03/08/2024 23:00,25.112429607580246,6.9038012947524905,5.970583822332036,488.3502850318543,0.2,0.1500334177909686
STN006,03/08/2024 23:15,25.680954080502264,7.098053068302886,1.3365818019604374,496.3799482806827,2.0,0.0137755202597634
STN006,03/08/2024 23:30,34.68264551184807,6.604496725064642,0.3345457791771117,367.76347487713207,2.0,0.2565600661808423
STN006,03/08/2024 23:45,53.15291717505667,6.625636388492252,5.311543976246005,512.2100089061553,0.5,1.13154331546337
STN006,04/08/2024 00:00,36.54365900130502,6.634933077192906,7.48554973592346,532.913222944752,0.0,0.0853025811348621
STN006,04/08/2024 00:15,43.20877761533724,7.345468636384965,0.850922802581831,373.1333749056028,2.0,0.2294252719559646
STN006,04/08/2024 00:30,6.510520171058647,6.616728202879475,0.283166070636327,437.8282905227679,2.0,0.3684778464480895
STN006,04/08/2024 00:45,32.094203486039405,6.588574830226984,6.316473210455765,497.4728567177786,0.0,0.3661020706529608
STN006,04/08/2024 01:00,26.431905575582856,6.759113455605587,7.518399496490333,566.2430568833714,0.0,0.0858916950362881
STN006,04/08/2024 01:15,40.77468746617456,7.066268484429208,0.7014298201016458,449.4744121793513,2.0,0.381836040231859
STN006,04/08/2024 01:30,19.870457437032943,6.852457210033709,2.281903010615777,422.1222739660975,0.5,1.0408042405324625
STN006,04/08/2024 01:45,34.510249362795705,6.567567200568795,0.3200664577169701,408.0285241446014,2.0,0.1074261742605054
STN006,04/08/2024 02:00,27.912978743379966,7.21683049610169,7.359582562604772,558.9136718901478,0.2,0.0027556115471359
STN006,04/08/2024 02:15,40.27391807779813,6.573842018149131,1.04806282920265,395.9368662996508,2.0,0.3742503006390146
STN006,04/08/2024 02:30,65.43811012431564,6.697183726143166,6.852442387114306,488.6953860836745,0.0,0.4951668691750333
STN006,04/08/2024 02:45,40.46373095089416,6.640630489703418,6.852186978877169,505.3355671991944,0.2,0.1747764086530331
STN006,04/08/2024 03:00,23.174211466423277,6.775039281874824,0.6321068335185468,420.9428603270035,2.0,0.1009702902440307
STN006,04/08/2024 03:15,12.1849115734807,7.059136797199979,2.2143102881140493,425.8862836436753,0.2,0.3868873595197958
STN006,04/08/2024 03:30,34.64617134668647,7.330073238400746,6.012140973038759,517.0450915506359,0.2,0.4075211948510833
STN006,04/08/2024 03:45,9.737202273385408,6.751469385272941,1.6885950045728797,471.5581439974967,2.0,0.3634542719602118
STN006,04/08/2024 04:00,10.108404717351853,6.5,6.388680781966272,546.2460541898782,0.2,0.9942745948286402
STN006,04/08/2024 04:15,87.74934065886889,6.913410642700727,7.442694876728552,565.3261353325445,0.0,1.3237794522668715
STN006,04/08/2024 04:30,37.20833649848053,6.648685641952857,3.641419061531911,445.7926377602586,0.5,0.1398327700506169
STN006,04/08/2024 04:45,11.696538415186776,7.68134626069545,7.982521035562621,530.6066432765754,1.0,1.268093578941658
STN006,04/08/2024 05:00,24.7748454606676,6.5,4.661303861638242,513.8120029306795,1.0,0.2616920708280151
STN006,04/08/2024 05:15,32.73417536887612,7.081604466124796,0.883966669436147,406.4604553261344,2.0,0.0277855098219676
STN006,04/08/2024 05:30,22.933942196805177,6.659788875771825,6.881891036822339,461.5514607528231,0.5,0.0847976259314646
STN006,04/08/2024 05:45,20.88868724498168,6.760207558735274,2.9919019552088697,456.0403011836465,0.5,0.3948302256465918
STN006,04/08/2024 06:00,16.56590167828167,6.841390390756529,6.572175561565513,532.2098808011417,0.5,0.4401871765166416
STN006,04/08/2024 06:15,28.821792529967425,6.65052931653511,2.7609637104322693,425.7345466240736,2.0,0.2004894447749308
STN006,04/08/2024 06:30,99.76287799457108,7.23903640624807,5.823742255202625,503.8974144142529,1.0,0.7111651180506564
STN006,04/08/2024 06:45,65.69513167353217,6.833550287805005,2.6531762233089324,424.9044984697687,2.0,1.395515771091288
STN006,04/08/2024 07:00,9.433589469499616,6.936927778392124,0.930288249585112,477.4728582998269,2.0,0.529417907890166
STN006,04/08/2024 07:15,43.59766658625091,6.7573398072127615,5.733037051070528,522.0180857747324,0.5,0.2246357894487782
STN006,04/08/2024 07:30,30.973194397359254,7.096419387158666,5.797378588847755,528.2826547305135,0.5,0.1262055232929413
STN006,04/08/2024 07:45,27.80101470571995,6.682532662476896,6.249874454517658,490.9963083424101,1.0,0.0659197011899375
STN006,04/08/2024 08:00,30.999896484797134,6.912461924799534,6.00957600388989,547.8290682020101,0.2,0.3796423891157659
STN006,04/08/2024 08:15,28.35351921529072,6.675870653735191,6.951706873223774,504.6721710701708,0.0,0.2432392667124628
STN006,04/08/2024 08:30,43.55645483155051,6.982345886631758,2.088115968594789,434.8206563496095,2.0,0.2763277467519285
STN006,04/08/2024 08:45,23.18406088502908,6.783119406676599,5.377744460527266,495.7596495987577,0.5,0.3886805229745053
STN006,04/08/2024 09:00,94.26728556039998,7.094641607761881,3.968834765031811,536.7605874839228,0.5,1.2120956471945574
STN006,04/08/2024 09:15,13.988765990847902,6.5,6.653546614232095,539.7927713762065,0.5,1.398792768178196
STN006,04/08/2024 09:30,7.117082357621234,6.737197685789767,7.982591050500957,547.9562350727206,1.0,0.998443561472768
STN006,04/08/2024 09:45,15.026391116268243,7.04580652538746,2.927357722779937,462.21934030325855,0.2,0.8568612825713591
STN006,04/08/2024 10:00,2.648224000790005,6.663167537675874,7.68492462343801,529.5483798571438,1.0,0.9940222432981294
STN006,04/08/2024 10:15,14.423368520131367,7.486931095684711,2.5565957308505896,475.4225528971645,0.5,1.3488189723830564
STN006,04/08/2024 10:30,36.317002002284056,6.5,2.489004063118373,437.0460169513076,2.0,0.1139164417547157
STN006,04/08/2024 10:45,14.562462004936172,6.891767091459276,3.4721525420040704,503.241213455082,0.5,0.662458839609182
STN006,04/08/2024 11:00,21.014477968485245,6.5,2.4324097826273734,437.5341639762464,2.0,0.1409698168093912
STN006,04/08/2024 11:15,0.7399868967879297,7.268735909756476,3.901020082804592,500.7102800005761,0.5,1.2233600100712547
STN006,04/08/2024 11:30,3.957031297225591,7.149372548147398,0.8602691947237255,415.024068060875,2.0,1.2562554848103775
STN006,04/08/2024 11:45,79.4050160164472,6.787312785218494,0.5343692258284292,396.7312677462969,2.0,1.324628972124022
STN006,04/08/2024 12:00,26.964781131269724,7.307140547260145,4.5545895433117005,465.4964803539832,0.5,0.4946666187744862
STN006,04/08/2024 12:15,12.056786026816244,6.5,3.7532301682725375,500.899322540032,0.5,0.6745522799702053
STN006,04/08/2024 12:30,36.46301420992925,6.825849403174399,5.221688309553221,498.89368228803545,0.5,0.2017577532561812
STN006,04/08/2024 12:45,15.72833250052176,7.363499970350732,4.0244049004873785,508.1334815271457,1.0,1.2902812226045604
STN006,04/08/2024 13:00,37.24369506497903,6.895592362537972,5.530091804039216,541.6082989235274,0.5,0.1565564344939395
STN006,04/08/2024 13:15,32.73155661737193,6.665002176957423,5.649442054538549,488.31747886646974,0.5,0.028291932252378
STN006,04/08/2024 13:30,25.02749707585164,7.129515986880614,2.9904864383441425,419.6678673941703,1.0,0.1447549410642398
STN006,04/08/2024 13:45,41.2363515433408,6.783487800882798,5.607213548800006,459.7860874559121,1.0,0.1547893126284298
STN006,04/08/2024 14:00,39.33896900428493,6.559514329862869,5.700360070156892,503.4091644773997,0.0,0.4810405545139522
STN006,04/08/2024 14:15,28.26644892703395,7.110278892299774,6.379689239649074,496.0288508745525,0.0,0.2098469381440433
STN006,04/08/2024 14:30,96.9010018363442,7.054232996230819,2.748121851278259,434.93462734686494,0.0,0.7618273028336517
STN006,04/08/2024 14:45,36.90343793905269,7.241567564043476,2.0519209523248514,424.3910244125417,0.2,0.1991906397966146
STN006,04/08/2024 15:00,25.182305025790136,6.874659239402104,3.416332779691677,443.1501848385056,0.5,0.0492111645834558
STN006,04/08/2024 15:15,25.46845394339496,6.949135455072406,0.5505110813872723,417.3983752115248,2.0,0.24311628568826
STN006,04/08/2024 15:30,79.58253473321511,7.015327983845541,6.512688702771806,578.1740541714902,0.5,1.0835627674435275
STN006,04/08/2024 15:45,25.97601052441308,6.775940385282002,5.0884942013016286,475.91243024691454,0.0,0.2900613520959346
STN006,04/08/2024 16:00,60.03977496352896,6.769135315929321,3.0011019363823888,460.8464907976455,0.5,1.3387186082698073
STN006,04/08/2024 16:15,25.556256704327343,7.071725614083197,1.105516369440879,383.3359963624451,2.0,0.1081351709462248
STN006,04/08/2024 16:30,31.057304488397165,6.668115769410791,3.062278479821439,417.4119637764373,0.5,0.4430975402179694
STN006,04/08/2024 16:45,43.61365635443896,6.731959092029119,1.400215290079219,443.07930159180376,2.0,0.2688481020759339
STN006,04/08/2024 17:00,6.333053491377103,6.980079810070034,6.767994083413685,510.4014959531815,0.2,0.6718743832495524
STN006,04/08/2024 17:15,63.07721377235949,7.204762124220293,4.203606667254851,462.60283196928617,0.2,0.5445829446140162
STN006,04/08/2024 17:30,1.2043643430849515,7.394870084977416,5.386597997209837,493.3975141241814,1.0,0.912474804443922
STN006,04/08/2024 17:45,38.76729386271239,6.969414779820224,7.197988924629969,576.4729574088777,0.5,0.2115405985149472
STN006,04/08/2024 18:00,38.54550897341436,6.994539811956661,5.054496130189752,504.67028799296463,1.0,0.3971448961230637
STN006,04/08/2024 18:15,32.905793033594364,6.872099184110548,1.344638715891046,430.9585048389438,2.0,0.4121024360021218
STN006,04/08/2024 18:30,44.243731063093854,7.125924885780269,2.4631868824792544,442.85069015686014,0.2,0.4443531244688719
STN006,04/08/2024 18:45,0.1356158164184751,6.838858837797111,2.0069180845027037,475.3440490801107,1.0,1.2733883393741352
STN006,04/08/2024 19:00,20.982038830146152,6.994923646774753,2.131283430898512,408.56388809761967,1.0,0.2327787249574677
STN006,04/08/2024 19:15,18.52131627338131,6.503615620345281,0.7224620959871404,397.2828138354704,2.0,0.3323352557812989
STN006,04/08/2024 19:30,86.74978578334532,7.093888385120395,5.257048147758761,510.5737868601392,0.5,0.9621050901429328
STN006,04/08/2024 19:45,57.88619731336835,6.632951557547459,6.424349709496073,512.9548330377752,0.0,1.2404232748345363
STN006,04/08/2024 20:00,32.47393521369164,6.701396602429995,5.108839104762396,486.4003334440616,0.5,0.2883539668195821
STN006,04/08/2024 20:15,23.65550451514184,6.993559626892972,2.588684446432051,490.6594206850477,2.0,0.2773746177690523
STN006,04/08/2024 20:30,42.39387361885167,7.079070468543235,5.217642703449481,569.120032894135,0.0,0.4065018464448422
STN006,04/08/2024 20:45,39.45925995605893,6.53861272723813,3.5389107265524853,435.7270656535342,0.2,0.162582196429681
STN006,04/08/2024 21:00,40.001284893477205,7.151469504886168,5.282395202756287,473.1961398705547,0.5,0.0254697896390578
STN006,04/08/2024 21:15,40.31581541668024,7.305579360369405,2.1357788540819804,436.4721888782346,1.0,0.0150016178020649
STN006,04/08/2024 21:30,5.749745830815305,6.947032791499483,7.799921623175779,529.6745855033708,0.5,0.4911459793544294
STN006,04/08/2024 21:45,33.62230990471998,6.771756514007106,3.411857416344164,478.12164381913146,0.2,0.4075380848540774
STN006,04/08/2024 22:00,34.904854504178346,7.192011203156912,5.245674783698866,507.2213721709434,1.0,0.4189268795211273
STN006,04/08/2024 22:15,33.676189352913084,7.103993608406732,2.313819362359202,491.4617155280397,0.0,0.3240549935100232
STN006,04/08/2024 22:30,23.85317380901077,7.100314712761937,7.90948926703293,529.0606732426145,0.2,0.0196601167323384
STN006,04/08/2024 22:45,8.306830572104854,6.5,2.029669442658192,472.8120104098525,0.5,0.3123139808623856
STN006,04/08/2024 23:00,44.75766187515951,6.851914648408087,6.609814624586178,520.8895160349427,0.5,0.06686749743723
STN006,04/08/2024 23:15,28.10785693116885,6.591989480591878,5.5904076805829135,497.0041107730989,0.5,0.4215021733221413
STN006,04/08/2024 23:30,97.33116381447624,6.981482522579156,4.065342120727999,492.6098946997285,0.2,0.9002466913832743
STN006,04/08/2024 23:45,28.95109224553311,6.995374086841231,6.9619038380362985,478.7764149184279,0.5,0.4478742792082653
STN006,05/08/2024 00:00,40.292271816188446,6.845275742877253,6.369289688158025,526.1475439738314,1.0,0.0460537298123904
STN006,05/08/2024 00:15,16.115752166618805,7.008372358934026,3.483200395393612,479.9379642011072,0.5,1.4427274856634995
STN006,05/08/2024 00:30,31.832332368789537,6.766408453053809,7.733916134098807,592.603411910351,0.5,0.2503301427304013
STN006,05/08/2024 00:45,29.300168722723264,6.657474916893668,3.6589936049191896,484.9504832115249,0.2,0.1566550062092882
STN006,05/08/2024 01:00,2.6858451577486253,6.637669897986709,6.488876655736191,519.1180477130987,0.0,0.3070045997555033
STN006,05/08/2024 01:15,26.383088217818493,6.5,0.6186791795218367,388.8710077293203,2.0,0.1695276152902454
STN006,05/08/2024 01:30,95.54605985313748,6.8876040816270745,4.615800624624343,417.882035672924,0.5,1.3920279738761925
STN006,05/08/2024 01:45,38.74746527252079,6.5,4.095643772827131,475.25027707448834,0.5,0.0002518254086576
STN006,05/08/2024 02:00,63.58021572461376,7.07435894612491,2.7515788557384586,427.8977591736026,2.0,1.3527525834708816
STN006,05/08/2024 02:15,28.8124195365612,6.8320925214678,5.235523286344524,479.0138136272139,1.0,0.095874743634995
STN006,05/08/2024 02:30,37.64560516266673,6.934741006636068,6.315250303228463,549.6579433619282,1.0,0.479028999703615
STN006,05/08/2024 02:45,14.380481153133829,7.034425755421433,5.758613712798025,524.4514471864052,1.0,0.8487334516546972
STN006,05/08/2024 03:00,15.445641560626498,6.983679869563,2.029682383542554,426.3465995941823,0.2,0.7053341788092778
STN006,05/08/2024 03:15,59.84166684905131,6.948996003472384,1.9927191503534707,410.2033888644121,2.0,0.4518708584812774
STN006,05/08/2024 03:30,54.51289469731851,6.660165304689334,1.1002428484154223,436.7247665050244,2.0,0.464414627198169
STN006,05/08/2024 03:45,19.9304359376896,6.757194054871185,2.1655986640903846,434.53093615905306,0.2,0.4757431370499896
STN006,05/08/2024 04:00,21.387545614341654,7.098642626626813,1.6975951468897668,403.9357391781286,2.0,0.44504212694192
STN006,05/08/2024 04:15,24.102274892084274,7.307509377929444,6.445376882069242,496.2932565960134,0.5,0.4588367538543347
STN006,05/08/2024 04:30,26.86712410841304,6.912266696326282,4.233562417645813,449.9018324384874,1.0,0.2628822379532302
STN006,05/08/2024 04:45,61.5302049157422,7.097669276958331,3.650879274167612,468.846822589189,0.2,0.9909058732371232
STN006,05/08/2024 05:00,33.77155443702746,6.59849737175843,2.4100643337737937,461.9714683038846,0.5,0.2639464181874818
STN006,05/08/2024 05:15,11.687883434887564,7.04275927464977,7.136920584027921,533.0652502109427,0.2,0.6139478312495534
STN006,05/08/2024 05:30,42.80439160916034,6.782111536226168,7.385959513611731,527.0672485701567,0.5,0.0920220396281259
STN006,05/08/2024 05:45,73.44684453968867,6.681283328679808,5.71353772630979,508.4235446228283,0.2,0.3646998388720993
STN006,05/08/2024 06:00,33.7705503786722,6.83650626476182,3.9885750554742314,456.0834356445209,0.5,0.3733189027776918
STN006,05/08/2024 06:15,31.625477600524142,6.654148338941288,6.284491174802472,505.1185436332722,1.0,0.1268679770056588
STN006,05/08/2024 06:30,42.76067768420312,7.495068477462595,0.2634312489836165,397.0952755424178,2.0,0.4667865827646748
STN006,05/08/2024 06:45,31.74518960137476,6.5,5.81722075847679,522.5551375230176,0.2,0.1873557080751361
STN006,05/08/2024 07:00,20.63057418872828,6.603676771594727,0.6850193303117904,400.6998903920402,2.0,0.0666773335074485
STN006,05/08/2024 07:15,26.514791480302364,6.866854152537716,4.3233515767152015,457.7589870758677,0.5,0.0104257444646694
STN006,05/08/2024 07:30,30.7144788387805,7.298671853141398,2.779284842024332,480.88541366044575,2.0,0.4988150289990194
STN006,05/08/2024 07:45,1.478299874161897,6.5,3.788163610248662,518.4740493579694,0.5,1.4449989730039203
STN006,05/08/2024 08:00,43.34152579662784,6.5,1.4559601712086636,423.1725609851251,2.0,0.2750014929216677
STN006,05/08/2024 08:15,44.89741388730911,6.719243443322236,2.4964010312312386,450.7948234679988,1.0,0.1388834129117238
STN006,05/08/2024 08:30,6.288359618776591,7.430623221931625,7.440637439432719,562.2537522322175,0.5,0.6968548414821043
STN006,05/08/2024 08:45,43.3119766711668,6.5,2.913901479036765,473.7858752698739,0.5,0.0276124231146011
STN006,05/08/2024 09:00,21.602671246101213,6.5,2.3328076424984943,366.4118357559774,2.0,0.1027715872061323
STN006,05/08/2024 09:15,8.347862683275611,6.906320174577586,2.41923625969196,444.4717757256165,2.0,0.5924155263610718
STN006,05/08/2024 09:30,35.53925141267496,6.8140590544373385,2.6361045723218224,389.45696109895937,0.5,0.1491660755982354
STN006,05/08/2024 09:45,38.01313115422063,6.5,3.940718024754069,462.77293632015306,0.2,0.3342023507500966
STN006,05/08/2024 10:00,27.041389530986702,6.947220620694385,2.200398989785166,422.9964459094232,1.0,0.0894925750492933
STN006,05/08/2024 10:15,11.559015015052786,7.125262248978823,2.507870697627624,421.35912694495886,2.0,1.3566008801389364
STN006,05/08/2024 10:30,11.91848067919736,6.587569381420071,3.1820460282053142,435.33879990230594,0.2,0.3152399647012257
STN006,05/08/2024 10:45,27.122486270479087,6.898991379896205,0.3637977464041177,405.65599341535926,2.0,0.3033889150688237
STN006,05/08/2024 11:00,25.315702350341752,6.604967203305577,6.585950233772239,531.1675489459709,0.2,0.0632833197219702
STN006,05/08/2024 11:15,40.72303151420983,6.70090549494622,0.4609099508609326,329.31717424460174,2.0,0.2094716572156874
STN006,05/08/2024 11:30,20.71910581699336,6.5,2.498258774983893,467.3144205554817,1.0,0.3678325778538687
STN006,05/08/2024 11:45,51.24589894102269,6.691270765438373,4.341727136599886,481.077804922167,0.5,0.9732817517524092
STN006,05/08/2024 12:00,27.9762856489763,7.278571889644119,4.515956286067924,478.8580628194962,0.5,0.4101061302897313
STN006,05/08/2024 12:15,35.229435396078124,6.847010455606683,7.000248151734713,549.4877257400931,1.0,0.2478430187528277
STN006,05/08/2024 12:30,80.27085794630624,7.693983108752731,6.718764957967519,541.1581416120903,0.5,1.2651333778024512
STN006,05/08/2024 12:45,21.902693472924287,6.644966233411408,2.3425887806806087,451.1208831484384,2.0,0.4091740515285923
STN006,05/08/2024 13:00,23.370543097110453,6.5,3.582378987947342,447.5879298576138,1.0,0.3341224388223746
STN006,05/08/2024 13:15,31.51354796936732,6.905993203579545,6.005497719893733,560.4840222328181,0.5,0.2683116730386712
STN006,05/08/2024 13:30,34.56471282368234,6.746762843824759,1.2482810991627524,402.11984802527405,2.0,0.2857359374566349
STN006,05/08/2024 13:45,38.39885601397137,7.037505081009927,3.12754028842308,464.9421064177969,0.5,0.3403755749344823
STN006,05/08/2024 14:00,42.69504778161968,7.185769360750605,1.3496110382894222,452.4109413465376,2.0,0.4774425427965873
STN006,05/08/2024 14:15,25.08362932604972,7.074804494992566,0.8062723241152059,440.747176731531,2.0,0.2378062455042545
STN006,05/08/2024 14:30,31.394973218082484,6.502986967013498,2.764228058060515,434.4274447544584,2.0,0.4744031623950152
STN006,05/08/2024 14:45,1.7574900635044255,6.905473516558679,6.729757847200787,540.4785576155369,0.0,1.4661158661275604
STN006,05/08/2024 15:00,10.639503030130362,7.1766868570759925,5.143633505929715,489.6465828224965,0.5,1.3103368357946128
STN006,05/08/2024 15:15,8.630635287474565,6.5,2.101053027326664,358.6933372736148,0.5,0.5885798843861567
STN006,05/08/2024 15:30,38.073496515647946,7.114125860832819,6.127250952886967,508.8968503635773,0.5,0.4539134245268554
STN006,05/08/2024 15:45,42.42211261305755,6.900490672197575,5.46063882660484,437.7752686595752,0.5,0.1965925902572253
STN006,05/08/2024 16:00,30.77598990178044,6.8271811126257465,2.9700864495573285,437.0333788272461,2.0,0.1704914746482976
STN006,05/08/2024 16:15,3.041853337915601,6.752065791366759,2.088519029323101,453.9813074190839,0.5,0.5687812931339606
STN006,05/08/2024 16:30,23.49660831629247,6.5,3.157937362538536,437.58535471760473,0.5,0.0213032977249238
STN006,05/08/2024 16:45,26.6193077874988,7.2117225057545316,4.7148138510195645,497.3447535201881,0.2,0.2833980369074556
STN006,05/08/2024 17:00,12.337014700740292,6.834515023483166,6.3487564802117,575.605921736302,0.2,0.934949399693169
STN006,05/08/2024 17:15,71.97090749189553,6.6377046646416575,2.4949948493803333,435.1343100340522,1.0,0.722789355864597
STN006,05/08/2024 17:30,37.96799527175001,6.941642141208198,4.611388474343245,492.0015114021673,0.2,0.0764839978741377
STN006,05/08/2024 17:45,39.49714443224968,6.545852338309166,3.177820124859804,421.257007288896,0.2,0.1064791219560769
STN006,05/08/2024 18:00,14.70012772015265,6.700432088939072,4.7758765102846885,546.5561124947402,0.5,1.1457144075453836
STN006,05/08/2024 18:15,17.297990514922425,6.982543853027821,2.574045961197922,467.0640666694426,0.0,0.404384296269234
STN006,05/08/2024 18:30,69.88486998568649,6.8769278379847405,2.250167369415237,459.7556792541254,0.2,0.9474212993560748
STN006,05/08/2024 18:45,29.4495817568132,6.67333123186146,2.800031761939466,445.95416494678113,2.0,0.1633848019861251
STN006,05/08/2024 19:00,42.60412100261948,6.744089047690109,2.368760703249513,466.2574708660477,2.0,0.2445792237796021
STN006,05/08/2024 19:15,3.795492152447229,6.68702079566234,3.175523579059533,524.157245068289,0.5,0.7853850846791932
STN006,05/08/2024 19:30,36.79501494140585,6.826382489199657,4.162504233003354,501.2349559117338,0.5,0.387155756461725
STN006,05/08/2024 19:45,29.465611459642567,6.948802691094744,2.9913037751265668,469.1912634599551,2.0,0.0320708810073351
STN006,05/08/2024 20:00,41.75107743000302,6.784334356755362,5.9253964891595645,502.7323326433211,0.0,0.2270095943658352
STN006,05/08/2024 20:15,66.95101676618151,7.183290160070885,5.261817078928412,489.43761308976514,0.5,0.625829643528535
STN006,05/08/2024 20:30,1.1597271791336117,7.32023966234928,7.80507328885663,566.2077200625073,0.5,0.4893858993124012
STN006,05/08/2024 20:45,22.36887822688371,6.733514163268193,5.111146423104756,550.4792556891035,1.0,0.0449944264965993
STN006,05/08/2024 21:00,42.9346526722066,6.615025001832183,2.4913862134895712,447.6556159894586,2.0,0.1539590320024601
STN006,05/08/2024 21:15,16.796376115713244,6.983157014165785,4.798680397700747,497.7110777611047,0.5,1.1081354313996732
STN006,05/08/2024 21:30,41.41067998713069,6.5,5.6165280680839205,548.4680813924688,0.5,0.1529054802496667
STN006,05/08/2024 21:45,43.5821962872249,6.852009275361064,3.1562372183420964,475.3932583305236,1.0,0.4316900976620829
STN006,05/08/2024 22:00,23.40783214434497,6.755956215868336,0.5778886874384626,393.3869224985594,2.0,0.1577106237045656
STN006,05/08/2024 22:15,7.376431606130824,6.709327242326304,1.0212804759020395,420.3924973718766,2.0,0.7976631906685243
STN006,05/08/2024 22:30,30.747222450796777,6.600552651721743,2.630426071563451,478.0416491553291,1.0,0.2474418950442127
STN006,05/08/2024 22:45,39.1451314799599,7.004277619103793,0.2594419687974536,379.2558298265271,2.0,0.1782903946621601
STN006,05/08/2024 23:00,38.23187854047101,6.763473741557206,2.6940244371617883,456.07095805969504,0.0,0.1448095022813479
STN006,05/08/2024 23:15,10.8246848566421,7.286734549227707,7.673424609438658,563.0368085645295,0.5,0.5314219678324865
STN006,05/08/2024 23:30,56.80787289809134,7.532883521100715,2.0319886757061862,429.7344188172036,0.0,0.6135055127814109
STN006,05/08/2024 23:45,83.52740890363602,6.724568146624182,6.893636569162938,529.6333879321588,0.2,0.5566285725378158
STN006,06/08/2024 00:00,38.68175231303224,6.5,7.642607724806825,555.0104562060222,1.0,0.153896907399482
STN006,06/08/2024 00:15,26.09551995740183,6.920524030988065,2.2430541542284064,382.5722938907937,2.0,0.0346793610214063
STN006,06/08/2024 00:30,64.76730327176489,7.165226697588969,7.934909817483222,563.175576194271,1.0,1.088039259007738
STN006,06/08/2024 00:45,38.10992921827172,6.5,7.666738368431075,569.1325214329391,1.0,0.0685890226849002
STN006,06/08/2024 01:00,4.530424599415134,6.834538923116909,7.9169888801666355,560.6371896482336,0.2,0.8123348039041867
STN006,06/08/2024 01:15,29.955032245101957,6.881652328160493,2.501429119042517,464.2530733629451,1.0,0.3989351600144845
STN006,06/08/2024 01:30,37.0719481304718,7.223182773234599,6.278401188878819,586.6094402816647,0.5,0.3515271174245315
STN006,06/08/2024 01:45,43.23719922567609,6.596024795254213,7.943594326976836,518.716040219556,1.0,0.0967238252515881
STN006,06/08/2024 02:00,34.562787881313334,6.5,6.444251534392049,520.9128757867531,0.5,0.0976082173661188
STN006,06/08/2024 02:15,38.73297125907192,6.644685058027344,2.3419971009487863,491.6887857854797,0.5,0.3601112474916597
STN006,06/08/2024 02:30,43.09805649272487,6.761372809826445,6.125280719023319,518.8098144422198,0.5,0.1189365164762652
STN006,06/08/2024 02:45,29.83689375322845,7.309238195785492,7.400864192596389,523.1380046506562,0.5,0.1414691595380165
STN006,06/08/2024 03:00,95.41771124475032,6.8150845665503175,4.509770390423444,487.3020955172777,0.2,0.8412514138191982
STN006,06/08/2024 03:15,23.070467822173747,6.869958700273252,3.857565178707878,448.6692797246495,0.5,0.4078102797241922
STN006,06/08/2024 03:30,34.308160283813585,7.258967497123207,4.374555490075208,486.7557513236805,0.5,0.2814728435964937
STN006,06/08/2024 03:45,26.604442384551163,6.597279782495866,3.4173625454206507,471.4638479253487,1.0,0.2299103280114968
STN006,06/08/2024 04:00,28.25712162318157,6.77449499549016,7.595937404857173,557.8020323761821,1.0,0.35601233206319
STN006,06/08/2024 04:15,32.20432576849437,7.066717468039489,0.3651783114359109,387.2832440503725,2.0,0.4381876113628499
STN006,06/08/2024 04:30,6.67304448308653,7.036429406287186,7.305967438504036,566.9461978502485,1.0,1.0195546552082386
STN006,06/08/2024 04:45,5.826477647611124,7.158117501890141,7.89524135000351,547.3485786810076,0.5,0.9648005224674254
STN006,06/08/2024 05:00,34.56099566328949,6.989035292668412,5.632996528234125,542.0428274287115,1.0,0.1130787614349465
STN006,06/08/2024 05:15,25.777843454173293,7.042085905764509,3.0880871332007453,471.626505874856,0.5,0.0714601081084599
STN006,06/08/2024 05:30,91.46196839461788,7.127230239929261,4.952437027940479,486.558257366969,0.2,0.4362074676233849
STN006,06/08/2024 05:45,18.00366025638472,6.758473591943283,3.3156279657430767,480.5964755606616,1.0,0.795307960655268
STN006,06/08/2024 06:00,1.084054426659118,7.317301339097035,4.582568196525315,455.87080377788806,0.2,0.6610927918906149
STN006,06/08/2024 06:15,30.672127863140403,6.536001377494554,3.7502964697433607,448.1080930874192,0.2,0.2505195683528504
STN006,06/08/2024 06:30,13.259088187705665,7.583324690976005,4.033697770111791,468.7647656444212,1.0,1.494223032992828
STN006,06/08/2024 06:45,26.675156610291538,7.15027660669282,3.9914103910742775,469.1951785259872,1.0,0.4927516656684296
STN006,06/08/2024 07:00,24.152739509785476,6.718135424636232,7.664307103688327,533.3327784798496,1.0,0.2699454477129902
STN006,06/08/2024 07:15,44.79047614932746,7.058268185498519,5.266168043473635,557.694335086876,0.2,0.2026487774806021
STN006,06/08/2024 07:30,24.26046239823461,6.979422942736978,0.6063649473609969,390.8173995618353,2.0,0.4566544870347492
STN006,06/08/2024 07:45,28.20648229899517,6.951553358439914,4.10788496068421,465.4690025963179,1.0,0.3378818137369227
STN006,06/08/2024 08:00,37.8109526223821,6.573055176270247,0.2046465573169252,381.5837509817695,2.0,0.2896623827661337
STN006,06/08/2024 08:15,18.845964672332165,7.097328361568476,6.165293623643136,505.2586100098761,1.0,0.8249671191271961
STN006,06/08/2024 08:30,29.999520541069383,7.110118292908887,3.001776467151404,453.59813767442114,0.5,0.2374489267555449
STN006,06/08/2024 08:45,36.69879776954909,7.189842784780913,5.609378394930515,492.906140125785,0.2,0.0473801811452811
STN006,06/08/2024 09:00,35.744463588302544,7.341938169472103,6.499433224550383,531.1335517357729,1.0,0.2286282875285825
STN006,06/08/2024 09:15,24.455356942097826,6.755518940870694,7.232752125029256,507.8331106273512,1.0,0.0065166276891007
STN006,06/08/2024 09:30,94.03467846593873,6.992244113383131,2.557589837461191,453.7427653140828,0.5,1.2699158736896825
STN006,06/08/2024 09:45,23.44677863997996,6.89445079086709,5.062621530961162,502.6677743768072,1.0,0.304919165970659
STN006,06/08/2024 10:00,26.357915070474554,6.86858266642397,2.8360647596424853,450.5353902464956,0.5,0.0240742901519593
STN006,06/08/2024 10:15,30.044560257626813,7.288669388390106,5.191724945890192,468.9960324648416,0.5,0.4715579400326339
STN006,06/08/2024 10:30,33.00563408384716,7.271694250397692,2.062293776844702,455.2731425969873,0.5,0.4710873108227063
STN006,06/08/2024 10:45,22.65651217456295,7.290196965151927,2.387458160432085,446.16232543577865,0.2,0.339689394929418
STN006,06/08/2024 11:00,80.40842743382635,7.12619508349449,6.593649615796444,510.3513121671381,0.2,0.4971833511790048
STN006,06/08/2024 11:15,35.95416493117129,6.5,5.617728063870056,508.328798243454,1.0,0.3304871898633477
STN006,06/08/2024 11:30,41.72406837976911,6.86659249953104,6.909632450751022,525.0151921543705,0.2,0.049307849819583
STN006,06/08/2024 11:45,2.097202885194853,7.329297337346627,6.768605928955457,521.085446510548,0.0,0.504647927613848
STN006,06/08/2024 12:00,94.33180941276764,6.556298606496202,1.9569150546293117,423.4339474484696,2.0,1.1954747230033365
STN006,06/08/2024 12:15,31.532924656531105,6.914496295013805,2.6235414638813883,432.174799042939,0.2,0.4244235839345709
STN006,06/08/2024 12:30,24.6167950221506,7.265755440573565,2.401557281064417,453.03606557161663,1.0,0.4840202532534483
STN006,06/08/2024 12:45,25.486116178003197,7.000030742686676,1.7770945450534712,439.07028160049686,2.0,0.1828582531058757
STN006,06/08/2024 13:00,14.437644018012366,7.207161875188749,6.35748462357447,565.0267554705,0.5,1.1974847791721852
STN006,06/08/2024 13:15,85.36305608779355,6.937067201969175,5.720170421193985,500.1946126527977,1.0,0.7243257199094622
STN006,06/08/2024 13:30,31.352131070850085,6.610263575116996,1.884570645933491,507.2423574218319,2.0,0.1174849452630291
STN006,06/08/2024 13:45,8.83295157393782,7.204427745100128,0.6793684073924389,431.9610941337954,2.0,0.981683826508629
STN006,06/08/2024 14:00,69.89939138051434,7.200363506326719,2.0029824028820427,440.37244841974666,0.5,0.9423415551622644
STN006,06/08/2024 14:15,27.44185212590891,6.5,7.855772243793383,570.5862270030844,0.5,0.212125046209978
STN006,06/08/2024 14:30,91.8699714244228,6.897441666280332,6.38517761821899,574.2340631259569,0.5,0.7713143152803252
STN006,06/08/2024 14:45,32.7534828630904,7.026241980274395,2.4861293413515524,426.96975248528577,2.0,0.188921618918451
STN006,06/08/2024 15:00,4.516912075994535,7.011894707002583,0.7896244839150814,410.844652368941,2.0,1.497984297263448
STN006,06/08/2024 15:15,31.624664764522024,6.63355154259082,0.6698889404077182,475.2821550493454,2.0,0.3039619696956236
STN006,06/08/2024 15:30,27.44182659167292,6.661441893613014,6.1275971180783095,561.0913223974065,0.5,0.2517856406106072
STN006,06/08/2024 15:45,12.80829792373136,7.370326176764202,2.435835133720285,441.68014687629176,0.5,0.3087272213947247
STN006,06/08/2024 16:00,28.78071479990271,6.674636894160235,6.957120340554871,533.139531669287,0.5,0.1735781518272784
STN006,06/08/2024 16:15,29.252174397322147,6.615448125776074,7.785595622370948,504.80557914596136,0.0,0.4329105951385739
STN006,06/08/2024 16:30,35.298653070643006,6.801297317673549,2.303409827763943,417.9495169841165,1.0,0.2576130513096854
STN006,06/08/2024 16:45,26.476811838816893,7.309571029712317,2.962700522257556,469.8900281387607,0.2,0.3398754508902935
STN006,06/08/2024 17:00,30.913906053108803,7.232910172655469,7.603531283380581,542.5600522809891,0.5,0.455752199432815
STN006,06/08/2024 17:15,64.02280830465244,6.589772894467402,0.6323717792713066,419.2242292566698,2.0,0.6242262690749599
STN006,06/08/2024 17:30,24.128443108568703,6.938090921351295,4.701703403540023,520.8945739804415,0.0,0.4103911978377844
STN006,06/08/2024 17:45,43.09051673742725,7.098929022088695,1.322857801014362,421.1506107713324,2.0,0.3722986519496283
STN006,06/08/2024 18:00,37.29442408765559,7.071840446257471,5.417444421801092,517.445414907575,0.0,0.3994017066407763
STN006,06/08/2024 18:15,24.62169938928925,6.576788428509358,2.2970079945324837,378.2920443579965,2.0,0.1416912337381536
STN006,06/08/2024 18:30,32.82020935095557,6.5,5.3864888733723575,535.4618100804122,0.5,0.1634360588696621
STN006,06/08/2024 18:45,26.158700476442284,6.567290584045339,2.832565565917288,420.9481773665918,0.2,0.341934909473244
STN006,06/08/2024 19:00,43.09878304254993,6.943123526043612,6.221015588811834,513.1138868122199,1.0,0.4783314463974482
STN006,06/08/2024 19:15,43.15320943318652,7.265225467103954,1.1400952163085691,460.3861797216588,2.0,0.0146724559668657
STN006,06/08/2024 19:30,31.515104245992248,6.80047898703301,4.884186196391353,531.3298793815877,0.5,0.1039782765463756
STN006,06/08/2024 19:45,22.081359949054463,6.606006052625455,5.196732213259589,519.9971648053032,1.0,0.3883715060992672
STN006,06/08/2024 20:00,44.12884321839909,6.8886554944188445,0.8835435878089721,440.282155410634,2.0,0.0213230681342151
STN006,06/08/2024 20:15,39.68744125510798,6.5,7.521479921661126,573.0741263502314,0.2,0.0553770387695272
STN006,06/08/2024 20:30,41.81324253047648,7.080012851632031,1.6070482944812543,422.7758420142436,2.0,0.2712456766196311
STN006,06/08/2024 20:45,31.92799535887909,6.804792379442887,2.005026677186775,431.3100838610947,0.2,0.124582944719506
STN006,06/08/2024 21:00,24.027607111507336,6.832641972151183,5.832402896494351,485.6651983439185,0.5,0.2618004530134621
STN006,06/08/2024 21:15,34.79555367486741,7.083449323419043,2.2090366370803647,443.06312917869553,0.2,0.0488712277837245
STN006,06/08/2024 21:30,34.96921090519058,6.5,5.828240766682971,501.80634959479374,0.5,0.1752696324793325
STN006,06/08/2024 21:45,42.29471960932837,6.695357370065604,6.539180575066146,550.6555001611063,0.0,0.1843306285846571
STN006,06/08/2024 22:00,39.72397019754078,6.890731808353666,2.7364050071497443,478.59482202956025,0.5,0.2668575796547937
STN006,06/08/2024 22:15,34.770479505551066,7.098251449476737,5.685585904129804,499.9722283164657,0.5,0.039551247859222
STN006,06/08/2024 22:30,32.05325835899502,6.746874698227602,4.401827738285983,513.2134241466465,1.0,0.0901632910847015
STN006,06/08/2024 22:45,23.733586701401503,6.937063271836078,2.652036761861776,462.2119856770083,1.0,0.0257361969040884
STN006,06/08/2024 23:00,27.88184272268146,6.990391094124998,3.0906523176932894,473.68400986457056,0.5,0.1594632656463085
STN006,06/08/2024 23:15,24.41659961309976,6.593805516392605,3.171045900146071,486.5735284355168,0.2,0.3802916108887759
STN006,06/08/2024 23:30,24.40775871878332,6.948921106482826,1.2361013720407328,403.6249923090625,2.0,0.2441437371197183
STN006,06/08/2024 23:45,83.44886444453095,7.146826113750533,6.430669902036598,556.7188869081568,0.5,0.8659947858262391
STN006,07/08/2024 00:00,13.09584366792891,6.5,4.495986163044074,476.7461650120788,0.2,1.371926631371997
STN006,07/08/2024 00:15,35.03037413674723,6.901689883098087,5.425608054600436,488.6164929296468,0.5,0.4921602712979073
STN006,07/08/2024 00:30,40.7223232083207,6.886686298369835,7.312210266408767,536.0057561631137,1.0,0.1161183379590039
STN006,07/08/2024 00:45,43.88320045982739,6.615620329669308,3.7585268897648954,498.1298495302903,0.0,0.0204400640443315
STN006,07/08/2024 01:00,23.44817460078515,6.746170550662607,4.02512450087092,483.40356719439336,0.2,0.120389668196599
STN006,07/08/2024 01:15,82.09053588690952,6.79470452488196,1.6835450894140025,482.4571504024068,2.0,1.204692183543446
STN006,07/08/2024 01:30,40.66068139197381,6.601690612776295,3.6391002659283034,433.9332739977343,0.5,0.35004404995496
STN006,07/08/2024 01:45,31.673123114813286,6.583575913842328,3.455426983085907,450.8016687279061,0.5,0.1475815284895411
STN006,07/08/2024 02:00,29.508298418638063,6.737353838124986,0.447403082492023,340.71580840725244,2.0,0.3445555837824655
STN006,07/08/2024 02:15,42.89742465042131,6.955703910982054,5.234899479233031,482.4285538097951,0.0,0.0269802920894428
STN006,07/08/2024 02:30,40.24969381323772,6.73398160311804,3.340558007153822,467.2895448505624,1.0,0.0478602600242416
STN006,07/08/2024 02:45,10.3547874793066,7.199118554639959,4.68951028897909,497.1849378695071,0.5,1.3139913934694467
STN006,07/08/2024 03:00,42.15097612741005,6.586355201313263,4.58439009894407,536.6129882477037,0.0,0.3185197797113271
STN006,07/08/2024 03:15,23.87860823387784,6.607092720922159,7.276988572863301,529.065440173183,0.2,0.2433244509650625
STN006,07/08/2024 03:30,23.4054988317246,6.5,2.821776493949419,466.3073005541802,1.0,0.2009390000204597
STN006,07/08/2024 03:45,33.01369437910578,7.304992376777166,2.47844434447265,459.76731239320713,0.0,0.0402883870950542
STN006,07/08/2024 04:00,1.3620512304681265,6.894627691827218,2.312894495942292,446.0926156405041,0.5,0.3942905929429239
STN006,07/08/2024 04:15,40.23868093482804,6.973805347563833,2.451165568806712,430.5156069783598,2.0,0.3975228357950912
STN006,07/08/2024 04:30,30.77722128364239,6.5,6.504943404120321,531.7136811642401,1.0,0.0208119551513559
STN006,07/08/2024 04:45,22.63880898240454,6.879749283178951,4.193328575415402,505.5408381037083,0.5,0.4962999040655091
STN006,07/08/2024 05:00,0.4343188983325796,7.22152808942371,7.721848451196495,573.7143253415012,0.2,0.5976874754329111
STN006,07/08/2024 05:15,18.82044918122449,6.869920716296801,6.293302993516909,465.93707273914487,0.5,1.2960589650860357
STN006,07/08/2024 05:30,34.84083616240124,6.558262097146447,4.244918822394217,453.5042413555208,0.5,0.0721785230441265
STN006,07/08/2024 05:45,21.524680485170244,6.89582455861234,1.7996822953432892,429.8985676802815,2.0,0.128824206633097
STN006,07/08/2024 06:00,43.00231399797937,6.841362814693772,2.921622224061092,482.2967907471778,2.0,0.212983614099471
STN006,07/08/2024 06:15,10.482520838834876,6.5,6.548898147550457,514.610830567426,0.5,1.09090901406813
STN006,07/08/2024 06:30,36.74578981769184,6.952827877512246,7.160307690348686,546.9800896681506,0.2,0.3274035343459375
STN006,07/08/2024 06:45,32.50653194520167,7.086608749474227,1.8213812723105167,474.9594382818759,2.0,0.3301208916981119
STN006,07/08/2024 07:00,38.274839680719104,7.237880843828443,6.516110231604543,503.73928515733024,1.0,0.4429313658079688
STN006,07/08/2024 07:15,27.94856351187822,6.5,2.9899239763562493,495.8955315574436,0.5,0.4241793879125252
STN006,07/08/2024 07:30,25.54741466474226,6.82961684967251,5.42009988022733,517.5185731954253,0.5,0.0269294624101966
STN006,07/08/2024 07:45,34.415699378943266,6.590040817124861,4.97859989404482,509.8326734316205,0.5,0.2895725279928833
STN006,07/08/2024 08:00,27.866186242358683,6.562800755044012,2.5335550377292995,479.5027025958642,2.0,0.4887084184297054
STN006,07/08/2024 08:15,94.35916312768526,7.173873342718325,4.204688484539575,449.3819246355874,0.2,0.8350621904272166
STN006,07/08/2024 08:30,44.82242858795637,6.76162414206119,1.239232976569046,423.9594864614244,2.0,0.3148803155811812
STN006,07/08/2024 08:45,25.73426149215293,6.921460069818153,7.635495520017083,565.2582703376358,0.0,0.3790127187853659
STN006,07/08/2024 09:00,31.91597618883354,7.218850114488451,2.4405203627707515,484.08980405350337,2.0,0.3164780934477782
STN006,07/08/2024 09:15,28.170477865841008,6.966999414620022,5.8638430379034165,505.548003069312,0.5,0.3719337745424758
STN006,07/08/2024 09:30,20.499482062604518,6.863156102781432,2.156278594881423,430.08921003527047,0.2,0.3005243422529638
STN006,07/08/2024 09:45,20.882370780415613,6.762830890582976,5.0911454405905365,469.3161780100705,0.0,0.1899121129470228
STN006,07/08/2024 10:00,40.06008885397053,6.955145179679778,3.253636305307146,461.81572814984537,0.5,0.1210890925067733
STN006,07/08/2024 10:15,33.70291164708027,6.96085794185668,2.294819975938503,440.8748743268365,0.2,0.2570944184703163
STN006,07/08/2024 10:30,8.224188952787268,7.067753912377643,3.2480803567191527,481.9344744373357,1.0,0.3163980609773589
STN006,07/08/2024 10:45,0.3339965136642786,6.80576984531623,4.726702884808764,525.5807264145323,0.2,0.9451521367249996
STN006,07/08/2024 11:00,26.34714707913752,6.840420258462758,7.704976069563577,507.04087223968986,0.0,0.1310842175575844
STN006,07/08/2024 11:15,44.00576883927991,6.714701745931125,2.248474356510725,464.3641198469784,0.5,0.4157945489185998
STN006,07/08/2024 11:30,23.956426121006498,7.389703877933828,4.875090824970615,500.2046330371848,0.5,0.4708493264813759
STN006,07/08/2024 11:45,8.830722397855519,7.112589450398348,6.109183692133684,533.7297450393075,0.5,1.1305696987533187
STN006,07/08/2024 12:00,34.50347619328424,6.749629365499693,2.0776636164319893,497.101505924938,0.5,0.3299790109220863
STN006,07/08/2024 12:15,29.90882365651124,6.644913221500479,7.575508145580445,568.6608755891916,0.5,0.3120451064048974
STN006,07/08/2024 12:30,21.798361213546933,6.708792153853872,5.907098423434042,530.152660555634,0.5,0.126783426101643
STN006,07/08/2024 12:45,34.541663819163134,7.1568980457641205,7.845324032949728,557.2317786908529,0.2,0.1645235676622305
STN006,07/08/2024 13:00,29.354599056846084,6.5,5.177797859008242,552.8406411919023,0.2,0.3123040727387937
STN006,07/08/2024 13:15,31.335934465668046,6.991636965741985,2.8937675301556745,485.63968417313873,0.2,0.3469675946897854
STN006,07/08/2024 13:30,6.33709582807505,6.7497648981458855,3.339785704578324,456.8927495971597,1.0,1.4242823450151063
STN006,07/08/2024 13:45,37.76842822702042,6.991608035019572,7.514356883925891,556.0140742241779,0.5,0.4940963712568867
STN006,07/08/2024 14:00,20.54949579521429,7.044886696105573,2.6242135171359644,486.9081483499418,0.5,0.0312715266137132
STN006,07/08/2024 14:15,38.86282606039205,6.748840384054743,5.064000516604346,521.565120760482,1.0,0.0767787472562164
STN006,07/08/2024 14:30,77.06185454924503,7.103327975410446,6.5335423169460745,528.3709359781692,0.5,1.4851994493265837
STN006,07/08/2024 14:45,25.27529291441268,7.20146806862001,6.19827978557494,518.6165046614822,0.5,0.1282780484213207
STN006,07/08/2024 15:00,79.83572976659329,6.972022280429896,2.350990399865679,434.65138956953103,0.0,0.7836263619443684
STN006,07/08/2024 15:15,20.885585170025763,6.611664341671188,6.93401515526119,524.6168038470769,1.0,0.2589842077061199
STN006,07/08/2024 15:30,39.90232827564826,6.5,2.807467702030628,446.01429413659287,1.0,0.2483121335024616
STN006,07/08/2024 15:45,43.12920754053984,7.436827554742279,1.2986730204371248,395.57951835084685,2.0,0.4747866225947186
STN006,07/08/2024 16:00,28.13677158888092,6.790276285475649,0.7256127945352102,422.1355259763196,2.0,0.3393708520877604
STN006,07/08/2024 16:15,54.25816300231648,7.351794883330025,3.1914764653939143,454.7428355230618,1.0,0.6201162896890058
STN006,07/08/2024 16:30,42.6739356799302,7.350459952073232,1.7007189724618668,425.5795115246783,2.0,0.3694563236058966
STN006,07/08/2024 16:45,34.60327186954135,6.975305865688442,2.4631265583479385,342.8825461041954,0.5,0.1566494465154739
STN006,07/08/2024 17:00,27.755035178958373,6.832050900739059,2.2852551683261533,399.6569533967911,0.5,0.0702835668411808
STN006,07/08/2024 17:15,69.31443633966774,7.122533768737668,0.4093600299139001,464.3678913916003,2.0,1.2866626378853494
STN006,07/08/2024 17:30,38.94207411203507,6.902992841324951,0.4942443211717923,414.3958016928803,2.0,0.1462600377301995
STN006,07/08/2024 17:45,23.09016524249587,6.5,5.913965919291762,522.479246535752,0.5,0.1313793630136722
STN006,07/08/2024 18:00,4.118260445425383,6.952397549707642,2.096470041673023,437.5381559376757,0.5,1.0340839678011509
STN006,07/08/2024 18:15,3.006818039000292,7.135779471531365,1.9839901109940248,520.9045983037222,2.0,0.883127578570472
STN006,07/08/2024 18:30,37.18700272901295,6.781123197234714,3.079998092325458,511.3920901495962,0.5,0.3409017473443168
STN006,07/08/2024 18:45,9.963861084928071,7.328737833566292,3.2305172997236875,516.4399953174931,0.2,0.8220904808552041
STN006,07/08/2024 19:00,44.636325724638105,7.355521114472915,2.7011315761431867,416.282477772022,1.0,0.4976058747493813
STN006,07/08/2024 19:15,55.77044347809797,6.871865017704852,5.9009064760614525,525.392478096006,0.0,0.4086326005111217
STN006,07/08/2024 19:30,39.64527235721168,6.52311912513138,7.175706494012008,522.266284048276,0.5,0.3789227140335537
STN006,07/08/2024 19:45,26.740448735770016,6.621692159733699,0.9267655737678993,384.1088748493888,2.0,0.0502526001945868
STN006,07/08/2024 20:00,29.28941840782378,6.5,5.007026178539945,475.3245437379682,0.2,0.3122737171720087
STN006,07/08/2024 20:15,23.70018692331909,6.839741408659903,1.1528471737010662,448.4359536154848,2.0,0.0363322145836556
STN006,07/08/2024 20:30,33.12651039483504,6.9000021922861885,2.935616152550261,454.2724341225722,2.0,0.3227904528454118
STN006,07/08/2024 20:45,30.40008708748559,6.5,2.1821584168686488,461.4807858916045,2.0,0.1420333045550261
STN006,07/08/2024 21:00,3.183388728426213,6.801365050441951,0.7690635074999068,365.6028258401154,2.0,0.4299951948586989
STN006,07/08/2024 21:15,62.436540811073314,6.897525884698045,7.818984764365087,606.2781830317614,0.5,0.5673637952062158
STN006,07/08/2024 21:30,32.34848380852608,6.826903327563672,5.958434722004608,578.147350328597,0.5,0.1348179960125488
STN006,07/08/2024 21:45,21.399660006060024,7.047278906499807,0.9093140752363456,447.2025497091552,2.0,0.2685602015874644
STN006,07/08/2024 22:00,38.31142485101685,6.973897532494539,2.9657530205739557,439.32934356566506,0.5,0.2143815902216375
STN006,07/08/2024 22:15,23.99062222463273,7.11355133243277,7.752315852221758,563.9060121468812,0.5,0.3044084327744791
STN006,07/08/2024 22:30,33.46670674335509,6.98826509553781,3.6626668713947264,489.4296343866499,1.0,0.3363095092577558
STN006,07/08/2024 22:45,40.91082796607682,6.5,5.283892142921133,507.00260702602935,1.0,0.3825999217134622
STN006,07/08/2024 23:00,34.53571007474042,6.994390338237161,2.1090792729640877,506.01511681005366,1.0,0.0001051079115266
STN006,07/08/2024 23:15,43.79389653101042,7.008865553200252,2.565923532350454,483.1869128594249,1.0,0.1092160861702361
STN006,07/08/2024 23:30,21.109422812704484,6.5,5.877799962971942,531.6832589085071,1.0,0.2669965198780289
STN006,07/08/2024 23:45,31.801372187582185,7.16885990126655,5.7426106378041135,468.9537961446799,1.0,0.0998542430432646
STN006,08/08/2024 00:00,44.77006754388248,7.152657339184789,2.348406651626935,464.5707234140602,0.5,0.1875928938547063
STN007,01/08/2024 00:00,42.32111713783395,6.7908467528258765,1.5160062475528366,394.0175106556855,2.0,0.235457929147856
STN007,01/08/2024 00:15,6.3993524835403885,6.7293519172433305,2.1759127315484714,486.09389162528544,0.5,0.3574767393914377
STN007,01/08/2024 00:30,32.59492396223598,6.79452632472623,0.4496402293581312,444.8475525219586,2.0,0.3021738432262735
STN007,01/08/2024 00:45,33.61130823490882,6.583348371376406,0.8535177412439474,435.65429375027446,2.0,0.2594619840519416
STN007,01/08/2024 01:00,25.49567278240428,7.113446481091322,3.301849235826829,443.15959535265023,0.2,0.1715030844504833
STN007,01/08/2024 01:15,1.9049743894457816,7.250218846831157,6.64590950682492,543.3197720734858,0.2,0.7449366852315471
STN007,01/08/2024 01:30,37.388620347472425,7.024398819314287,5.109156626037958,523.60892284264,0.5,0.0244167790642799
STN007,01/08/2024 01:45,93.76003045944138,6.981656234351078,7.610628797126679,524.3210302934856,0.2,1.119973835526603
STN007,01/08/2024 02:00,27.12872524829745,6.5,5.073905402888201,516.1216862010275,1.0,0.3029061918725867
STN007,01/08/2024 02:15,20.125143863795607,6.754715849760663,5.432583919755754,507.3847424502901,0.5,0.2508217466108432
STN007,01/08/2024 02:30,28.039796003177013,7.15942389121161,5.0836162886013305,459.58212929177097,0.5,0.1678264538494578
STN007,01/08/2024 02:45,13.356143186568222,7.089047485510024,4.7908427496370525,515.2176612214677,0.2,0.7994973089664297
STN007,01/08/2024 03:00,25.82762104038393,7.024876528204131,7.811980154567933,578.7024596068561,1.0,0.1187706153517534
STN007,01/08/2024 03:15,25.54635606619309,7.159024470140073,3.846560362735454,472.0760975124205,0.5,0.4272477303817439
STN007,01/08/2024 03:30,13.454437351943245,7.225990206291434,2.9733656013922616,423.3939718486489,0.5,0.626201573218817
STN007,01/08/2024 03:45,29.25495966381488,6.5,0.6682178172208219,464.0906324385656,2.0,0.4585258901264317
STN007,01/08/2024 04:00,33.05521526332981,6.902545906942711,4.557017508780264,494.057910279867,0.2,0.148418853557713
STN007,01/08/2024 04:15,24.88156861843148,6.5,4.738077213877377,530.8932042172677,0.5,0.2966172310597906
STN007,01/08/2024 04:30,36.24762549391752,7.08651351932792,6.626609963636905,512.0278935695403,1.0,0.4572432386726855
STN007,01/08/2024 04:45,26.026298504594045,7.218942599592085,1.4500443663406493,429.7303165297491,2.0,0.4688920255524759
STN007,01/08/2024 05:00,41.52798746838375,6.678974665783357,2.4472914049916685,391.2181156063834,0.2,0.0366749814820922
STN007,01/08/2024 05:15,20.78706974786075,7.7620415092549235,5.004411340586464,502.87195954462345,1.0,0.1226919287654169
STN007,01/08/2024 05:30,39.7463916600057,6.928639997950511,2.313635790346743,426.3464913380818,2.0,0.2021144329518308
STN007,01/08/2024 05:45,29.749048870366963,6.603190596287922,5.434927951280329,485.11832191845485,0.5,0.1378781714816147
STN007,01/08/2024 06:00,38.49145570021835,6.8057467065100985,6.734894760134024,558.3773599309884,0.2,0.3888849544715267
STN007,01/08/2024 06:15,39.28190487324724,6.5,2.647692715362989,453.1110330090215,1.0,0.1431696437341349
STN007,01/08/2024 06:30,75.40752632471751,6.5,4.967470640603604,468.0799070454872,0.2,1.417552836113401
STN007,01/08/2024 06:45,20.20880173307258,7.171778575817685,3.2296283308960927,494.8835282630116,0.5,0.008227343709208
STN007,01/08/2024 07:00,23.70814937576975,6.743996658565678,1.2826277687644492,426.3669644444898,2.0,0.0413375633395576
STN007,01/08/2024 07:15,29.0070126207915,6.53005520517816,3.91164867600112,432.0855652533013,0.5,0.3320276802685943
STN007,01/08/2024 07:30,23.114184742329723,7.119406684152008,4.395391382215905,462.7449938539045,0.0,0.2388138532631586
STN007,01/08/2024 07:45,8.68578493782109,7.04593342231372,3.0258202104346497,476.83608025429584,0.5,0.8606416428599335
STN007,01/08/2024 08:00,89.0178114223869,6.5,4.589125998392996,484.5547013863659,1.0,1.4772112633944403
STN007,01/08/2024 08:15,21.417668216283957,6.717296284800777,4.259408132621436,543.6826067993272,0.5,0.4241857970173708
STN007,01/08/2024 08:30,15.309260177195192,6.877893047615754,4.776348936995181,502.3564197296769,1.0,1.2967808709148445
STN007,01/08/2024 08:45,30.910466988458907,6.6208261432819056,6.619516006955286,521.0303015946726,1.0,0.1168677273233421
STN007,01/08/2024 09:00,36.800663583310985,6.535014402281884,3.6414301940960367,497.6571150189224,0.5,0.1534110600297176
STN007,01/08/2024 09:15,32.118351200987064,7.126060564617891,2.643548262968193,457.7139999538912,2.0,0.4890666160610464
STN007,01/08/2024 09:30,3.508698990049341,7.231450310591488,1.00836946863875,382.3494620672917,2.0,0.711408158317312
STN007,01/08/2024 09:45,37.4283289701723,6.659809797140236,7.400667917120396,571.6866445443725,0.0,0.307449929800417
STN007,01/08/2024 10:00,42.51699031409183,6.922828850088266,2.260419184618749,413.2914077187501,0.2,0.2932325803201259
STN007,01/08/2024 10:15,41.53592871742229,7.068983364077723,3.295136178842248,518.5247740114219,0.5,0.3024769273798844
STN007,01/08/2024 10:30,22.352466686487883,6.818179327096519,6.548822505785344,551.5881767651879,0.2,0.0827444678214476
STN007,01/08/2024 10:45,21.0007724453454,6.888051322200709,3.750564293068574,507.2865067104669,0.5,0.3530303454296926
STN007,01/08/2024 11:00,19.75847571270745,6.823216549132628,6.771383049043966,559.5093201554762,0.5,1.1429574672827894
STN007,01/08/2024 11:15,35.92625251162767,6.91331804069513,2.7778659377522263,479.6589417367558,0.0,0.2868805261210645
STN007,01/08/2024 11:30,17.801580050086343,6.884705340952593,4.483571160119212,512.7270988108776,0.2,0.5949014749127453
STN007,01/08/2024 11:45,2.8575856723388915,6.5,7.40480900204705,579.059707938378,0.0,1.1503661570264148
STN007,01/08/2024 12:00,21.036292376292963,6.832525174311266,2.5111773790938248,414.32837508353066,0.0,0.2240232675489984
STN007,01/08/2024 12:15,42.310850912896754,6.929543337534246,4.775169286454599,439.0231870218829,0.5,0.1255017919180873
STN007,01/08/2024 12:30,20.25501913481973,6.724739043394501,5.35177890537056,534.7313303927278,0.5,0.0370165738660356
STN007,01/08/2024 12:45,34.60785623697952,6.652706344292005,2.108481666143596,391.29237324988907,2.0,0.324293320950873
STN007,01/08/2024 13:00,41.72633973334534,6.957658054230232,3.821764503703636,541.1482327807933,0.2,0.0355275000585084
STN007,01/08/2024 13:15,12.400818009836009,6.932056660830059,0.724134158093622,430.2107189782219,2.0,0.6735255443346766
STN007,01/08/2024 13:30,23.48859328558158,7.144632695702021,7.226358650356014,554.1410659623896,0.0,0.3895249250874398
STN007,01/08/2024 13:45,19.22245599949036,7.125362134727596,2.9347662212128043,426.52081858032886,1.0,1.4418860645730345
STN007,01/08/2024 14:00,30.928664887879563,6.808152897148278,5.142284035211869,540.5025502135521,0.2,0.4559205708342325
STN007,01/08/2024 14:15,39.578659503114864,7.208796807145526,1.2152327466157054,426.1299748909999,2.0,0.1824818163928201
STN007,01/08/2024 14:30,43.40031315169199,6.901574172471592,3.762611807300568,458.5120378485303,0.0,0.1377962615512771
STN007,01/08/2024 14:45,21.695199357165706,6.578747556471627,1.263298976463907,455.3420826058303,2.0,0.0027176683866843
STN007,01/08/2024 15:00,44.39438617114087,7.08704340043314,5.890533644352141,522.7215762431495,0.0,0.1225383790590151
STN007,01/08/2024 15:15,22.220712398323617,6.668322623728007,6.081285987055352,561.4882425826637,0.2,0.1691370529002014
STN007,01/08/2024 15:30,3.6010786263087917,7.370942154786043,3.1536917739464685,458.6312446280716,0.5,1.2531114245012374
STN007,01/08/2024 15:45,21.96564635072954,6.951617016968337,5.354850233423538,540.6972880958635,1.0,0.2190812802779858
STN007,01/08/2024 16:00,69.09435455921286,7.046796696043132,1.924318884357742,445.9342970581753,2.0,0.463436394180467
STN007,01/08/2024 16:15,32.84970223531539,6.640837669513377,4.808582952880833,450.0474211387433,0.5,0.1856184869336256
STN007,01/08/2024 16:30,7.646368436311793,7.170874585076322,2.4247740521918444,420.0476178731433,1.0,1.137929985229148
STN007,01/08/2024 16:45,75.74748816578581,6.537059653167907,3.9283743753472766,463.5925429399772,1.0,0.8390347946647838
STN007,01/08/2024 17:00,13.283254379157077,6.96605052087376,4.613471666249337,474.758646062966,0.5,0.7364164195859635
STN007,01/08/2024 17:15,33.67961671665668,7.203534999096681,3.670471279229187,467.1019665555417,1.0,0.3573149093913475
STN007,01/08/2024 17:30,26.596595114680373,6.8758713047409845,7.978355895180568,535.6032484881611,0.0,0.2582801227086961
STN007,01/08/2024 17:45,41.8800468707845,6.996006117131251,2.388337835202939,444.51064410430126,0.5,0.3082172571640419
STN007,01/08/2024 18:00,2.558753288492266,7.283146446154369,4.946912910640183,469.4532669672344,1.0,1.4685350670630983
STN007,01/08/2024 18:15,8.623224429005187,6.835755214778464,7.927265413227766,620.8552455850412,0.5,1.355087974842164
STN007,01/08/2024 18:30,1.246128342646573,6.645200818574878,2.8296019267938304,459.72110771527343,2.0,1.2263209733454836
STN007,01/08/2024 18:45,40.88086297783083,6.968758123830775,2.0355681965299746,488.04823303711015,2.0,0.2240676660534389
STN007,01/08/2024 19:00,33.433992765077164,7.249638055219938,1.2341462465203772,415.78526770725233,2.0,0.4105046039896707
STN007,01/08/2024 19:15,21.74252223359908,6.770412551936658,7.15147685711616,549.465323681255,0.2,0.497034875391966
STN007,01/08/2024 19:30,43.83823084585167,7.401151702519163,4.7709670465191545,474.9272310790426,0.2,0.433093517129147
STN007,01/08/2024 19:45,17.838792905032193,6.52828119183487,5.077331169546995,522.8158317735598,0.0,0.3636189045690969
STN007,01/08/2024 20:00,34.61133108764965,7.164749043333065,2.151544078503307,416.3282942241358,2.0,0.3458022673565599
STN007,01/08/2024 20:15,89.34752903118991,7.021593301121806,4.258768295012016,514.265067745916,0.2,0.4633635168951537
STN007,01/08/2024 20:30,4.258954137344189,6.5,3.951769659333686,523.8036017447903,0.5,0.9111306920542352
STN007,01/08/2024 20:45,29.585889457481727,7.088113258132415,3.4537545649962462,490.168008251136,0.2,0.1531619674612101
STN007,01/08/2024 21:00,58.40368355824933,6.892961200754698,6.680195099069732,537.9973214876695,0.0,0.4440774879249837
STN007,01/08/2024 21:15,32.426845334481804,7.288030617180417,7.430648533147535,549.9978596974347,0.2,0.455298311825376
STN007,01/08/2024 21:30,20.233993276536506,6.778663608113623,6.221125345667208,552.5399121009538,0.0,0.3544465514589405
STN007,01/08/2024 21:45,91.12220280442688,7.111438845395067,4.3199497256065325,489.0873089008488,0.5,1.0897790719093683
STN007,01/08/2024 22:00,52.97815002892544,6.629948766460225,1.129103420456734,405.6351221634675,2.0,0.791892924839084
STN007,01/08/2024 22:15,17.46166437530302,6.799418396241026,5.591062228121947,516.7679225251721,1.0,1.1074804915591436
STN007,01/08/2024 22:30,3.328114698110116,7.326028659354793,6.195430192319719,555.446055084361,1.0,1.0664969434087137
STN007,01/08/2024 22:45,71.20026724464151,7.058499167940595,7.706557051183429,576.3428301546866,0.5,0.5473201724291923
STN007,01/08/2024 23:00,17.163916700469937,7.381780984494358,2.0086295235257268,452.6816187076122,2.0,1.4750221723646535
STN007,01/08/2024 23:15,44.38715895763698,6.521990214065828,0.4685222493344386,337.75439097651264,2.0,0.445067716386403
STN007,01/08/2024 23:30,13.53212953669468,7.2581550159817185,0.6085947002402299,398.7685051983181,2.0,0.8756858423334442
STN007,01/08/2024 23:45,20.17976233721589,6.993165517337412,6.412695554291271,477.3956211910832,0.0,0.0439106071650062
STN007,02/08/2024 00:00,8.085939608922816,7.246612127826996,1.043976367035369,435.82027373272535,2.0,1.352791382015602
STN007,02/08/2024 00:15,16.418243918885054,6.662410049513209,6.014385951989306,482.3956572480062,0.2,0.3760337835806499
STN007,02/08/2024 00:30,16.066317752496175,7.004898898995777,3.655866494839815,515.223034867671,0.5,0.317994513060623
STN007,02/08/2024 00:45,35.685905618331546,6.5,6.344214378742255,520.699983484974,0.5,0.2445288192847489
STN007,02/08/2024 01:00,37.85427613465964,6.752886507490486,4.158100435862487,548.459761168837,1.0,0.193071962937685
STN007,02/08/2024 01:15,83.39383833186761,7.188006598495558,5.807106787691843,536.9445813251015,0.5,1.4358855641545154
STN007,02/08/2024 01:30,24.883314243866277,7.032246407624707,6.215539091986971,559.4231921315687,0.2,0.1882037190168614
STN007,02/08/2024 01:45,63.66951927687427,7.229781175431448,5.528088412718798,527.366224594647,1.0,0.4994096294903049
STN007,02/08/2024 02:00,28.795446703919936,7.022737366168365,5.861152097727053,515.1022187624407,0.5,0.4543900778483614
STN007,02/08/2024 02:15,20.823198933616776,6.976617548484601,3.2764680704978115,447.59433472249975,0.0,0.1554761469503128
STN007,02/08/2024 02:30,32.809530334123124,7.405774140177357,7.676146842047974,505.00948736094256,0.5,0.1613454218922249
STN007,02/08/2024 02:45,10.883973155725172,6.822109856325431,6.356952666868875,490.1666744348782,0.5,0.9992185514382692
STN007,02/08/2024 03:00,21.40460678183978,6.690044928233332,2.793020771420709,446.8701305994353,0.0,0.2884272722599467
STN007,02/08/2024 03:15,52.93635018415536,7.181077290157879,5.16415478373776,523.3676534649949,0.2,1.260799987993085
STN007,02/08/2024 03:30,44.74076118702976,7.00075245133795,0.8666796526119345,402.0854208186893,2.0,0.2782572035207325
STN007,02/08/2024 03:45,29.86917528616508,7.076888696511956,1.182426722979707,388.97145994823927,2.0,0.3116314029427526
STN007,02/08/2024 04:00,75.76756936077032,7.079230855081574,4.40266407284974,505.4810582464972,0.2,1.2169488920471352
STN007,02/08/2024 04:15,20.748493227479813,6.5,3.2513485890815934,457.6133797103748,0.5,0.0134803768640807
STN007,02/08/2024 04:30,26.30611783725848,6.5,5.69764568298854,541.6066428147715,0.5,0.048198427226846
STN007,02/08/2024 04:45,26.960922047768587,6.588634630984189,6.370545050659085,485.440694332521,0.5,0.1514503154450444
STN007,02/08/2024 05:00,9.381534183825249,7.376532026335528,7.365597080863232,547.2865857817511,0.5,0.5550937629143163
STN007,02/08/2024 05:15,32.696456316392016,7.111509494376695,3.275972502493533,455.859936657463,0.0,0.0790224953843892
STN007,02/08/2024 05:30,42.324553963021984,6.922090855031593,3.469357129281284,471.9045530534118,0.5,0.3275349029351424
STN007,02/08/2024 05:45,36.7396202182424,6.976398010198877,6.584745661850745,574.3043777420221,0.2,0.1373840587323242
STN007,02/08/2024 06:00,89.39482941078516,7.109027379128884,5.744333636666973,522.3083481928411,0.5,0.5502375820493366
STN007,02/08/2024 06:15,24.77084787442329,6.811128183753746,2.318258881329247,433.4813094143304,2.0,0.2847642801366941
STN007,02/08/2024 06:30,68.21765028803514,7.297172017882462,0.4866073696847159,404.68897951271,2.0,0.4485193498893761
STN007,02/08/2024 06:45,27.29021047634668,7.400328965849506,2.7041351493989314,437.7693182406143,2.0,0.2075137157433059
STN007,02/08/2024 07:00,4.302492010730883,6.584354832433677,0.8375074032775813,429.1113257585407,2.0,0.4501519592653366
STN007,02/08/2024 07:15,38.53809238165812,6.774225210818406,3.870894365727666,450.0977035056543,0.0,0.373507856925924
STN007,02/08/2024 07:30,27.37747761067761,6.797269423572406,7.142361776530716,536.2476926561383,1.0,0.2945613037534323
STN007,02/08/2024 07:45,14.25918584248308,6.734136292560397,4.884277532343837,520.7759653047007,0.2,0.966030593026288
STN007,02/08/2024 08:00,30.013814287830435,7.424510548214452,2.184724270196355,374.50254691195,2.0,0.3066353132442394
STN007,02/08/2024 08:15,41.69225689858253,7.393324379367621,1.7683099306618326,441.7329939499789,2.0,0.0135382958936484
STN007,02/08/2024 08:30,25.73589592859008,6.591636376249764,3.884235776400397,469.1901098319787,0.5,0.3456434103049796
STN007,02/08/2024 08:45,24.03880193269485,6.791863633331389,4.403625471162244,488.68689667936735,0.5,0.3119575766469044
STN007,02/08/2024 09:00,32.32328806544441,6.948577758325793,4.68119065924941,555.4998250822581,0.2,0.209152547953199
STN007,02/08/2024 09:15,20.1833744350891,6.5,4.539257130836454,518.238377053732,0.2,0.4177922125951025
STN007,02/08/2024 09:30,28.675907031211075,6.50617820301778,1.0450715476962378,413.5590635541202,2.0,0.0084749405924099
STN007,02/08/2024 09:45,80.74988254867377,6.700863091093806,0.912504849333308,464.3218624404744,2.0,0.326002347070589
STN007,02/08/2024 10:00,39.4231824057078,7.139412023676004,5.115248198012366,523.7888212248722,0.2,0.3378055348127007
STN007,02/08/2024 10:15,20.64816038213708,6.604547355438001,7.964997284186146,565.7748527394358,0.2,0.1026296253861462
STN007,02/08/2024 10:30,22.32089530199333,6.855593444565381,4.377695564612885,519.0001081686625,0.2,0.2091541657470507
STN007,02/08/2024 10:45,34.006190714215386,6.679905453798557,2.250069584201756,414.3411357712408,2.0,0.0869469226987855
STN007,02/08/2024 11:00,28.13288339606392,6.552666729356724,0.9595030193079224,455.3241473449099,2.0,0.2399626147022682
STN007,02/08/2024 11:15,31.8697150506938,7.234750970133354,4.599196797831606,534.5296589678438,0.5,0.4411502359283946
STN007,02/08/2024 11:30,4.731123095074143,7.205735821160432,5.220317360774939,507.89758663779867,1.0,1.4586055767889643
STN007,02/08/2024 11:45,11.99012273205742,7.273140770983776,5.812309972130626,520.5533768853625,1.0,0.936601737286765
STN007,02/08/2024 12:00,3.638320481011508,6.695108818318315,7.58252938217119,555.9523108393879,0.2,0.8974273852066819
STN007,02/08/2024 12:15,34.13383512232675,6.541128980133848,0.5523424679029699,389.8086417146288,2.0,0.3312814860145722
STN007,02/08/2024 12:30,25.91772891109535,7.198445700327289,7.604857074154573,518.026196165291,0.5,0.3374560515348324
STN007,02/08/2024 12:45,21.226329915050517,6.694185154313023,5.474842441736964,517.0577417724511,0.0,0.3461784321807912
STN007,02/08/2024 13:00,20.541214004821484,7.300180614773516,4.885878132205156,489.8829152961673,0.5,0.2104073906584123
STN007,02/08/2024 13:15,62.4319399443953,6.808755129968641,5.4024347093436536,514.7061331906519,1.0,1.2905078886142058
STN007,02/08/2024 13:30,23.891452777352026,6.844627736240607,7.106466661055173,532.9973613317072,0.5,0.2004622465698133
STN007,02/08/2024 13:45,39.328413050933776,6.844654713153435,2.9041812072334454,445.4276814376296,1.0,0.2632585070912081
STN007,02/08/2024 14:00,27.600292615546365,6.96721749048658,1.1341585610776,428.9558378641248,2.0,0.3521636498905381
STN007,02/08/2024 14:15,18.805509895532268,6.708995303322714,7.713540727143782,521.8414640950383,1.0,1.083321298566269
STN007,02/08/2024 14:30,17.232811346705926,7.003993070860348,4.6081277875336895,502.6127770254874,1.0,0.456258557359563
STN007,02/08/2024 14:45,25.088059890431776,6.98494831945791,2.9178353222597373,497.7299560910519,0.5,0.1096043879100634
STN007,02/08/2024 15:00,34.09203173670754,6.929903899521424,2.4729099497938587,454.59689610737735,0.2,0.0560213306973279
STN007,02/08/2024 15:15,4.242993624747133,6.818133720881198,5.31708378656538,521.107959572134,0.5,0.5984654149162201
STN007,02/08/2024 15:30,40.36988880217489,6.52993195116645,4.392957649193482,532.1707497754759,0.2,0.1526595385514329
STN007,02/08/2024 15:45,80.45855986896017,7.3336851616778,0.6922418223921981,438.0678852894937,2.0,0.5034884271706959
STN007,02/08/2024 16:00,14.788377347333142,6.658847698269157,0.5725586335674484,379.0104039613293,2.0,0.9517623431713258
STN007,02/08/2024 16:15,73.65249969133758,7.066107231341987,7.302539448323379,551.9127952392621,0.2,0.7383779547280618
STN007,02/08/2024 16:30,27.43129078072536,7.248471294194861,1.8252028530449984,403.0011246472887,2.0,0.1797310581268087
STN007,02/08/2024 16:45,79.52334711427247,6.831202028737677,5.821457820080052,557.7717957088416,1.0,0.6846858469022875
STN007,02/08/2024 17:00,13.681394830342557,6.879447917743696,2.172260281867149,422.7117667167968,2.0,0.8519961864667076
STN007,02/08/2024 17:15,84.97409791333413,7.42219047736033,3.863035866581105,479.6556759378492,0.5,0.8789785886526875
STN007,02/08/2024 17:30,79.7155149616534,6.5,6.53789643419835,554.702201361648,1.0,1.049810555245423
STN007,02/08/2024 17:45,23.02486443385308,6.518802337629661,4.845315263447168,473.1521840187783,0.5,0.3700648976631104
STN007,02/08/2024 18:00,27.48007372356782,6.658284843809449,4.342544176330344,479.6584040766552,0.0,0.0679152707709828
STN007,02/08/2024 18:15,52.877891363293,6.7762359273189015,6.650717742359161,592.631626556385,0.0,0.8489705538827341
STN007,02/08/2024 18:30,39.27574608445319,6.630478726034652,7.463748054429074,597.5614917002003,0.2,0.0592921635065588
STN007,02/08/2024 18:45,38.96392800087779,6.993861193250408,3.454144463700212,467.5611577621907,0.2,0.4448927027425243
STN007,02/08/2024 19:00,66.1186188181295,7.131871694081524,7.468976655245965,541.4878615877379,0.2,1.0416695249926455
STN007,02/08/2024 19:15,88.56430773423952,6.66812654994356,3.29853361422114,440.7589386502104,1.0,0.9259086521462748
STN007,02/08/2024 19:30,78.94949123744983,7.124283368114528,2.281846499687168,436.3007867585197,1.0,0.8950415515116006
STN007,02/08/2024 19:45,52.25591823243641,7.1557477216859136,2.952447016422571,456.6373168023824,2.0,1.2325176949794976
STN007,02/08/2024 20:00,37.202109008007234,6.819055917079838,6.629869990991106,545.1194374724239,0.5,0.2833374427000263
STN007,02/08/2024 20:15,32.15096154962111,6.880433048359054,0.643055456163395,397.6496675013109,2.0,0.0445553170621781
STN007,02/08/2024 20:30,13.085289292190367,7.347112031408383,7.787599469414857,553.9813637174433,1.0,1.2185430646281947
STN007,02/08/2024 20:45,16.48325810018593,6.925287530206142,3.32991039003854,509.7087918315028,0.5,0.9277847464896596
STN007,02/08/2024 21:00,33.41917395827027,6.996501931078716,7.68576311333474,535.3400595074532,1.0,0.336063253748152
STN007,02/08/2024 21:15,41.49731733882213,7.234862088267926,6.273953751016245,585.0011418805693,1.0,0.2226821822285155
STN007,02/08/2024 21:30,35.21783492336242,6.859678948198764,5.495228285445779,543.1359299494768,0.2,0.1135115082087575
STN007,02/08/2024 21:45,24.37693032125959,6.5,6.655285803819037,570.3018856850265,1.0,0.3108458921632061
STN007,02/08/2024 22:00,39.447693789851606,6.915758862790572,3.377402706305811,384.2500244712162,1.0,0.4251801074065506
STN007,02/08/2024 22:15,3.906598226670499,6.5,1.1454607391544698,427.7175207183742,2.0,0.9161389003630762
STN007,02/08/2024 22:30,17.11188381067223,6.5,0.2072649507830509,424.718655468826,2.0,0.6330332631671364
STN007,02/08/2024 22:45,4.883282626672969,6.868744214090845,3.757982525930375,451.13876541419233,1.0,0.4307508316361156
STN007,02/08/2024 23:00,44.68417320218116,7.247949394733139,3.7797294945188646,475.68376913456126,1.0,0.4311666455151943
STN007,02/08/2024 23:15,24.40790764288292,6.86889012191866,0.4262482775346649,406.6385293729525,2.0,0.3593180434308087
STN007,02/08/2024 23:30,38.405993329484645,6.825924897485332,0.3839385027189642,453.07411421632776,2.0,0.1635319984605598
STN007,02/08/2024 23:45,1.380920308647604,7.099945829220579,1.4520502694644324,468.4864643150551,2.0,0.9880712477224868
STN007,03/08/2024 00:00,26.291629917775342,6.969836910327234,3.6474654906306014,468.1524583666892,1.0,0.1468010629516519
STN007,03/08/2024 00:15,1.1475874750146042,7.005742502037126,3.2995098434275167,482.59400843623945,0.2,1.0534312694480168
STN007,03/08/2024 00:30,40.41238240312446,6.976715225428783,2.7227178832914225,483.5483238894432,2.0,0.1050459825588791
STN007,03/08/2024 00:45,12.546718999102737,7.003735834181376,2.52469109113444,469.9223347892337,0.2,0.4938403493931225
STN007,03/08/2024 01:00,29.648261001039213,6.975597371290423,2.812307638405162,456.1296036485837,0.5,0.1769330056166598
STN007,03/08/2024 01:15,39.21849014747698,7.056234047373839,5.372008915783524,510.2973417555861,0.5,0.3800478224339926
STN007,03/08/2024 01:30,22.69348680954346,6.821820935583252,3.490900611050602,450.6580444868651,0.5,0.4668469025809898
STN007,03/08/2024 01:45,11.383198739471789,7.104792117084963,4.713638028088587,498.6962596617288,0.5,1.2253374378465
STN007,03/08/2024 02:00,35.49340838198644,6.511350278159318,1.3191702579447644,461.18101821399387,2.0,0.1818247219059268
STN007,03/08/2024 02:15,60.85360272564472,6.993514936754502,3.3765000077048977,488.8765309848087,1.0,0.4789930083966982
STN007,03/08/2024 02:30,26.839358281069032,6.752270369377702,7.377491875540032,519.9465554957657,0.5,0.3550692514289954
STN007,03/08/2024 02:45,27.33849597631064,6.5,4.282258467490548,497.72586115600745,1.0,0.3851310635234004
STN007,03/08/2024 03:00,38.95379217247323,7.270543296028899,1.0891437222722813,413.7946532377252,2.0,0.4837653595529327
STN007,03/08/2024 03:15,32.617001398457234,6.668017913376645,5.77763917500295,527.3762330365868,0.5,0.1546141936562883
STN007,03/08/2024 03:30,23.07113854414416,7.098963957440108,2.4949841984057075,448.1589286525456,0.5,0.3068313515734024
STN007,03/08/2024 03:45,25.42408749852236,7.182528522713411,6.112309304508293,497.92373808573575,0.5,0.1827392427236509
STN007,03/08/2024 04:00,29.205569179270427,6.5,0.2931183964228138,377.335330697977,2.0,0.0808353449013898
STN007,03/08/2024 04:15,27.94140210267769,7.243609926382644,7.8486759946429405,619.2998177134872,0.5,0.1773894321974315
STN007,03/08/2024 04:30,22.44440356235196,6.5,1.5675807100387604,484.88716906945336,2.0,0.4576051080178878
STN007,03/08/2024 04:45,18.785073529516893,7.0297176103113,4.634464685242643,466.5662314324428,0.5,0.4808392555745527
STN007,03/08/2024 05:00,29.42984954343405,6.582342312475058,3.08986616698734,450.6836836139572,0.2,0.2859993194416937
STN007,03/08/2024 05:15,16.97568440792065,7.000467711527486,2.755080862100912,471.4017195664714,0.2,0.5991069395889133
STN007,03/08/2024 05:30,61.504136689186986,6.815716230954644,7.06639194771914,511.1910546693141,0.5,1.0013651010862554
STN007,03/08/2024 05:45,14.774563560772382,7.257632249512093,6.743541785348147,561.7664216520684,1.0,0.5363326114886395
STN007,03/08/2024 06:00,15.53422262345073,6.638690487288527,7.034029710597399,597.1293536078085,0.5,0.674236602458883
STN007,03/08/2024 06:15,40.738491563154206,6.532499467935178,3.825243828197882,490.1616023089047,0.5,0.2873432067729743
STN007,03/08/2024 06:30,2.758802079337579,6.939842555919863,7.691664562926758,567.6816650896978,0.5,1.1459743977311487
STN007,03/08/2024 06:45,12.269056583299148,7.119581964739829,1.9247450844739389,401.46452546136805,2.0,0.4815177822413498
STN007,03/08/2024 07:00,21.42245120845206,7.101826866278255,1.546939885697193,467.09377525223096,2.0,0.4476520337682823
STN007,03/08/2024 07:15,8.351864044368329,6.867187492882123,4.702527547608346,507.9764728536648,1.0,0.7099116285673029
STN007,03/08/2024 07:30,39.33977428584662,7.183019688050637,0.6678631053996236,466.5663296689029,2.0,0.0745911018811147
STN007,03/08/2024 07:45,43.82130083053846,6.715015225915867,6.256231115283406,545.1982828793838,0.5,0.3256664952867815
STN007,03/08/2024 08:00,24.294426593666508,6.902429673490516,5.569410208770371,467.3176251703112,0.0,0.333063913071716
STN007,03/08/2024 08:15,61.72727179957004,6.88112526790033,3.5720051693493167,459.6703976269221,0.2,0.6465851564683105
STN007,03/08/2024 08:30,11.812250786611534,6.638150990013658,5.157126857528548,584.3881100975615,0.5,0.5733807924596477
STN007,03/08/2024 08:45,41.86198482264852,7.124944097303262,2.889054888802421,427.2088265363505,0.5,0.1110734373377296
STN007,03/08/2024 09:00,35.35812396688404,6.807610301140734,0.8325711316732669,396.7728528767208,2.0,0.30258511015354
STN007,03/08/2024 09:15,37.11502114814167,7.043998255814936,0.4516461620671764,431.7556026159604,2.0,0.3199445480453223
STN007,03/08/2024 09:30,22.43441109095121,6.973912715837487,7.632822072307263,601.4325454854318,0.2,0.4690019486834747
STN007,03/08/2024 09:45,34.324600145582274,6.5,2.287169370596822,463.4133486107877,0.5,0.1039861578268754
STN007,03/08/2024 10:00,36.78409118023974,6.5,6.361283495835522,537.7141175295708,1.0,0.2935170156237368
STN007,03/08/2024 10:15,1.674468736830761,6.538020824665104,0.538066094258767,401.9993938731111,2.0,0.3504792713498617
STN007,03/08/2024 10:30,33.44406712117253,6.741757272865489,5.826654080903621,581.3997181058688,0.0,0.4194829794921348
STN007,03/08/2024 10:45,10.271411760472803,7.382090208261702,5.317271551318988,500.75357392546863,0.5,1.4246680274417665
STN007,03/08/2024 11:00,44.748664038108366,7.242486146086858,2.982529058277197,448.56946812827147,2.0,0.4252856052832174
STN007,03/08/2024 11:15,44.02272595002479,6.649374150365253,0.4378985070972666,448.98971126052976,2.0,0.2731336675066518
STN007,03/08/2024 11:30,33.31310859951353,6.71049402649808,4.431924631897184,528.4215109798346,0.5,0.1679375001350082
STN007,03/08/2024 11:45,2.0148706877370626,6.989934944848238,2.4337731672723715,430.7985051458807,0.0,0.8682747004992148
STN007,03/08/2024 12:00,88.3438378059814,6.550560152399034,4.373468175230438,444.7506669631957,0.5,0.6945170008419108
STN007,03/08/2024 12:15,30.939045607139413,6.837759744784657,1.3094051597651006,407.5019533711939,2.0,0.0920347074764881
STN007,03/08/2024 12:30,32.477691594429075,6.768198720095646,4.859100021930032,501.3513851589653,0.5,0.0998816132827526
STN007,03/08/2024 12:45,28.80164806384809,6.721563650733241,1.3460200886000278,429.44972518074616,2.0,0.0250443754007477
STN007,03/08/2024 13:00,85.99016726910142,6.719894713994671,4.892088202022373,511.30727383736496,0.5,0.5178640860395981
STN007,03/08/2024 13:15,31.448758654673554,7.025629267856924,7.851137276284305,558.2612692929337,1.0,0.4058284433910732
STN007,03/08/2024 13:30,27.064196020707865,6.643984707760918,3.593340600950139,480.4657282950822,1.0,0.2201421019294376
STN007,03/08/2024 13:45,3.4616033544221936,7.420711286219181,6.316596562661745,521.7300921787265,0.5,0.40901997998946
STN007,03/08/2024 14:00,9.320147340608813,7.382326108861538,7.292623905644051,528.6134564968542,0.5,0.967338527264145
STN007,03/08/2024 14:15,3.375876151401538,7.096693991830279,5.534582982289442,511.4083216824969,0.5,1.3683686530612826
STN007,03/08/2024 14:30,26.82522024219039,6.709663485972364,0.8761540202416864,394.83155304791495,2.0,0.1739821646458109
STN007,03/08/2024 14:45,3.0902520915187104,6.556838137467727,7.59089810053113,553.7979042915057,0.2,1.2577763208684516
STN007,03/08/2024 15:00,18.15578263287717,7.390762065345183,5.536261372473196,550.3969050627016,1.0,0.8347993657973076
STN007,03/08/2024 15:15,21.36295914732726,6.946089188493658,3.1274609592768945,463.273160074363,1.0,0.2968204037644099
STN007,03/08/2024 15:30,8.281879742413574,6.517004724399708,6.816013823923201,517.9106081536771,0.5,0.9824818766571806
STN007,03/08/2024 15:45,21.70468470401103,6.5,2.3366499616542837,446.2345048655961,2.0,0.2493509200530836
STN007,03/08/2024 16:00,19.69289166567747,6.982015412374164,2.9529255917399544,388.5072409253764,1.0,0.8035096162936024
STN007,03/08/2024 16:15,42.37058810610316,6.5,4.1873817274513545,479.56717623415744,1.0,0.2661055300199344
STN007,03/08/2024 16:30,0.919804855699029,6.877032358557115,6.61259858505038,548.6773905565514,0.5,1.322951078348427
STN007,03/08/2024 16:45,88.84099747624501,7.049339754363446,5.79316693176245,473.99146767171294,1.0,1.148645121934748
STN007,03/08/2024 17:00,37.06167934597613,7.511667927559486,3.16080009837676,472.3508078122417,0.2,0.305549734470123
STN007,03/08/2024 17:15,24.649955236674337,7.1494174609127095,2.0354754520673803,408.38984494668136,2.0,0.1920913175684127
STN007,03/08/2024 17:30,42.05834164830843,6.936048207222299,6.866916942837873,506.10612505931886,0.0,0.329206113408376
STN007,03/08/2024 17:45,42.2941679658486,7.114668897968827,2.1973545110945745,488.560354873293,1.0,0.1287200296704674
STN007,03/08/2024 18:00,24.47616987045689,7.523263392121178,2.118522366814159,403.63962201696,1.0,0.4028959969034383
STN007,03/08/2024 18:15,1.3742526054282678,6.776676476344597,3.376221952155271,490.2773492515208,0.2,0.333712988957339
STN007,03/08/2024 18:30,17.857295027827057,7.077386675091653,7.532961200118537,561.9593763554299,0.0,0.8412267068962038
STN007,03/08/2024 18:45,40.42101036798977,7.352443236890014,7.4685582939180035,539.7173391336282,0.2,0.2978962033572708
STN007,03/08/2024 19:00,9.152108688846234,7.451382879841158,7.425509452988179,560.6364386918441,0.2,0.9175196595532682
STN007,03/08/2024 19:15,18.720190785668755,6.676730667616737,2.862789621011654,446.9584957678082,2.0,0.997403077064611
STN007,03/08/2024 19:30,6.325975881598471,6.760088651383915,0.4499815553367109,460.78774664945854,2.0,0.3996596147558313
STN007,03/08/2024 19:45,34.96815645138363,6.544506320482649,3.707912502350372,497.0497382815372,0.0,0.3419603104790302
STN007,03/08/2024 20:00,11.189259210117282,6.958837824272847,7.916530760007728,513.759979829521,0.2,1.233798931238119
STN007,03/08/2024 20:15,39.03094289887527,6.621133074248987,0.6657787045904577,411.4012053845252,2.0,0.0547546804591342
STN007,03/08/2024 20:30,17.373329452636064,6.937362093310256,7.431415660401386,530.5759693489367,0.2,0.4589089876566908
STN007,03/08/2024 20:45,18.83690727788579,6.978286706015124,1.8156021943134133,516.1341841842853,2.0,0.8089149559976863
STN007,03/08/2024 21:00,58.09855334412815,6.632143234545451,5.084497209055606,514.604408042517,0.2,1.4682072945941649
STN007,03/08/2024 21:15,42.61840253854223,7.217774266886994,2.519207826055214,406.56676582064006,1.0,0.4665352732011253
STN007,03/08/2024 21:30,35.5307705430868,6.942130326969219,3.929786294341419,504.9324676424414,0.5,0.1784743541584471
STN007,03/08/2024 21:45,22.009894460298398,6.849392993867802,5.549274370863454,520.3091916011599,0.2,0.158882012659779
STN007,03/08/2024 22:00,4.443918624386402,7.122658108548452,6.556633703047868,573.6457718377861,0.2,1.0714806035108329
STN007,03/08/2024 22:15,21.55644147652492,6.610287284998649,5.302214667674781,491.4414841043641,1.0,0.1697531677471997
STN007,03/08/2024 22:30,35.24774198492937,6.816571826069597,4.966699771104265,462.935008585386,0.5,0.4538890933409009
STN007,03/08/2024 22:45,40.05209531619675,6.9070153911588825,5.76451388492568,531.8500922884394,1.0,0.2872831049811267
STN007,03/08/2024 23:00,21.74602523171996,7.0559114011746615,6.174799897966752,544.9741189394451,0.2,0.1501531537243482
STN007,03/08/2024 23:15,6.516286250716707,7.127258154355865,5.111404749104734,481.6538067997929,0.5,0.5393441560522401
STN007,03/08/2024 23:30,22.310228261747927,6.805580260655221,7.15453252117386,569.1838188161987,0.5,0.138334735035314
STN007,03/08/2024 23:45,29.930046962952307,6.5,7.89599322840521,549.1987840168514,0.5,0.1073265143621326
STN007,04/08/2024 00:00,38.345576424357205,6.5,5.290614781359677,498.2288939692406,0.2,0.1173095848043357
STN007,04/08/2024 00:15,38.97107529650869,6.81583613197056,7.169129653380435,528.1366532374255,0.5,0.1124415542123653
STN007,04/08/2024 00:30,22.96649123290163,6.5,4.11278587223312,484.7228202276205,1.0,0.3152070660076619
STN007,04/08/2024 00:45,35.272965319864554,6.932582851904632,2.496230014666904,457.99641263749817,2.0,0.32352737182253
STN007,04/08/2024 01:00,32.31620731152801,6.962618250843377,7.999603441495346,544.098310128958,1.0,0.496406576702289
STN007,04/08/2024 01:15,21.892897419975327,6.711692816216429,2.2032690073781,471.80571650597255,0.2,0.3405268483207065
STN007,04/08/2024 01:30,2.9312123471254914,6.6628750222427255,6.623365620528551,526.469716363695,0.2,0.3159713592264657
STN007,04/08/2024 01:45,20.26488823372749,6.787491412433407,5.420325922870987,473.1352267340488,0.0,0.0676972719239103
STN007,04/08/2024 02:00,35.7686600390163,6.546940678796598,3.39689385712056,457.642788977931,0.2,0.276544995990375
STN007,04/08/2024 02:15,14.33510027896624,6.766022609444203,7.459753035630622,549.3452239196166,0.2,0.4656110213318682
STN007,04/08/2024 02:30,31.623294435263038,6.645602309951745,4.571827181633434,483.58769483682136,0.2,0.3529432989811695
STN007,04/08/2024 02:45,25.285680267309463,6.7667730004734095,6.130824354035546,506.30220728073823,0.2,0.0232852821670533
STN007,04/08/2024 03:00,41.52225877793017,6.707382639520197,6.933355669579145,515.8492961305453,0.2,0.1522070541757289
STN007,04/08/2024 03:15,27.074906700171525,6.527730753194474,5.1458734063916935,502.3974717719081,0.5,0.0989939754542706
STN007,04/08/2024 03:30,2.3450982817332378,6.5,6.861352249381992,549.9228839643421,0.2,0.3673239148234229
STN007,04/08/2024 03:45,30.642979883656395,6.9087283304219325,2.6947066238399198,456.1539293543077,0.2,0.2853387193882662
STN007,04/08/2024 04:00,1.3927007742768738,7.410196604326665,2.174159061148768,428.21558961378656,1.0,0.4299701605095449
STN007,04/08/2024 04:15,38.25349503068795,6.508921120414852,5.026671527687423,449.3055566855472,0.2,0.2601049040519997
STN007,04/08/2024 04:30,43.69544247314696,6.5,7.780958136968032,546.4809798502624,0.2,0.2220605243547294
STN007,04/08/2024 04:45,29.25519260693724,6.5,2.022132896355645,381.9951523277813,0.0,0.357920846904106
STN007,04/08/2024 05:00,41.08689229553526,6.917055462085091,2.706547195966504,528.4689444147565,0.5,0.2175012717047815
STN007,04/08/2024 05:15,37.62756495791129,7.000709185988411,1.7445456037336722,421.2880810520684,2.0,0.2262061808893887
STN007,04/08/2024 05:30,53.99283628182162,6.799382989782519,7.422748293097797,582.8144870453073,0.0,1.4010374002759796
STN007,04/08/2024 05:45,42.10889037261401,7.377375080208915,5.477262716068425,492.8900883453599,0.5,0.4238878262285129
STN007,04/08/2024 06:00,43.45557121177776,6.5,3.69098840814262,508.1315431132424,1.0,0.2525844821397456
STN007,04/08/2024 06:15,33.920806134379696,6.5,5.220009994083278,512.2938961709979,0.5,0.0843856382040132
STN007,04/08/2024 06:30,43.51022661241723,6.577263372806062,1.830880605722178,437.68377608536656,2.0,0.0063832879322985
STN007,04/08/2024 06:45,9.059911004026077,7.023264845559632,0.2634971019768717,422.5391304371179,2.0,1.474268535808763
STN007,04/08/2024 07:00,2.874124084606433,7.373976228043736,3.756620285473353,438.9416596985981,0.0,0.9650730352947732
STN007,04/08/2024 07:15,39.46027597809292,6.5,5.653521731943597,502.8315525439491,0.5,0.2847414225141708
STN007,04/08/2024 07:30,28.868360490204594,6.5,5.669316713120211,581.053808755636,1.0,0.2398337520307368
STN007,04/08/2024 07:45,26.653472265297506,6.5,2.6282843452478937,426.26563980347714,2.0,0.2168147912250444
STN007,04/08/2024 08:00,28.88693450008057,7.210937681064196,2.239504192669645,453.0108528655291,2.0,0.1341693543909946
STN007,04/08/2024 08:15,99.35703971285878,6.5,3.1123977926744084,497.9329426325538,0.2,0.4769171256400861
STN007,04/08/2024 08:30,16.085675261882212,6.625008478666418,7.859537011930897,596.2003709336591,0.2,1.2887108869178718
STN007,04/08/2024 08:45,20.795988764016357,6.52686762869995,7.003564386416338,498.31443694203006,1.0,0.3569140664247625
STN007,04/08/2024 09:00,37.97082398845428,7.295286210607688,5.486895635804448,493.3330510932979,0.5,0.4276004127046173
STN007,04/08/2024 09:15,27.12785517844168,6.892981309774812,3.15417357989762,471.242540786715,0.5,0.4860876935657268
STN007,04/08/2024 09:30,6.808233159599624,6.675409546468706,3.411453519117225,448.475285621389,1.0,1.4842513088964877
STN007,04/08/2024 09:45,25.581791155210524,7.210376549208584,2.023538517941292,405.7384764888275,0.2,0.369837025202013
STN007,04/08/2024 10:00,34.76803533203583,6.583184632888401,1.51346475810677,440.693238368354,2.0,0.1386533197526304
STN007,04/08/2024 10:15,43.02716436051479,7.085303243952068,2.9459664368811533,491.2759958737117,2.0,0.4534870952525083
STN007,04/08/2024 10:30,39.97710382940995,6.761116720594081,2.02079167775736,428.1808675229376,0.5,0.3953440397246309
STN007,04/08/2024 10:45,81.04007813486226,7.0330574790835,2.4585036401269127,466.8113927257592,1.0,0.6913917854454033
STN007,04/08/2024 11:00,30.008903770765777,6.90695816045811,6.726799270404249,547.292364981609,1.0,0.385903205135766
STN007,04/08/2024 11:15,44.78960703416496,7.112014416102623,3.989876681390693,496.0323829800653,0.2,0.2340084002167902
STN007,04/08/2024 11:30,28.423243621993205,7.148235683972355,2.661830841065989,461.3868272660382,0.2,0.1633455525065598
STN007,04/08/2024 11:45,60.01776386896727,7.150715152393434,5.596259169437671,513.426325527353,0.0,0.982956441261271
STN007,04/08/2024 12:00,43.6913548585618,6.985872807051167,0.9925170594581773,415.7086957634999,2.0,0.2868370222452666
STN007,04/08/2024 12:15,41.372035309812176,6.869996870406374,6.584954357464499,568.7021814592607,0.5,0.176153999138768
STN007,04/08/2024 12:30,32.04888455484082,6.594545559683629,4.80336805083734,525.3485361727548,0.0,0.2894526684019417
STN007,04/08/2024 12:45,33.09054045016852,7.214591507126654,5.279695546475222,489.9775118687657,0.5,0.1126675975204585
STN007,04/08/2024 13:00,35.38690724811269,7.009425976644302,6.444615700484417,523.1764031940912,0.0,0.0896662688803467
STN007,04/08/2024 13:15,22.949682718797355,6.978683902821659,3.752761991145927,413.00413357804825,0.0,0.3212344857202588
STN007,04/08/2024 13:30,31.470421137338118,7.08496011622676,2.5802269274144303,496.0882427338396,0.5,0.0731427054438251
STN007,04/08/2024 13:45,32.81316904440569,6.856582544973461,6.718266768073626,579.2999754355536,0.5,0.3038552865725766
STN007,04/08/2024 14:00,25.379129062005624,6.5,3.629741226299681,405.3051454852114,0.5,0.3321020916784274
STN007,04/08/2024 14:15,1.164565667551467,7.098206530995346,4.127782234708544,441.37789255500246,1.0,0.5581693512600403
STN007,04/08/2024 14:30,40.09524302531886,6.641108405998943,5.45572602764869,509.3637928794802,1.0,0.2910459936256676
STN007,04/08/2024 14:45,28.719660147640376,6.5,3.2851616538142414,487.0126327304515,0.5,0.1832173467769214
STN007,04/08/2024 15:00,36.87295870856977,6.5,4.199449615127012,514.3876755685882,1.0,0.2370691274465209
STN007,04/08/2024 15:15,82.12143012726928,7.231565559952068,3.389918464725735,483.94185686268,0.5,0.9614865335302464
STN007,04/08/2024 15:30,91.4459843989308,6.85150559986061,5.206424258276809,527.4624854138796,0.5,1.4373413684792569
STN007,04/08/2024 15:45,32.97623599816914,6.873464109441209,6.177596966667397,556.8678459408072,0.5,0.3572394036063384
STN007,04/08/2024 16:00,2.8978179206469123,7.319724280537223,5.835308175620328,512.3485124843313,0.5,0.7421053679244722
STN007,04/08/2024 16:15,40.338325705334086,6.640256736746116,7.570116358536771,533.5459350808267,0.2,0.0416011080563843
STN007,04/08/2024 16:30,44.97191058858666,6.876503023629545,5.560443514059914,483.13108667630775,0.0,0.0709158712529491
STN007,04/08/2024 16:45,32.40762186157651,7.144744421615136,7.757565710737875,573.0180947663871,0.5,0.0051007960230447
STN007,04/08/2024 17:00,22.04682045019163,6.5,7.66468132131666,530.7065101546344,0.5,0.4814050204305961
STN007,04/08/2024 17:15,12.495875262243814,6.5,3.231317471132689,485.6488049550783,0.5,1.113503624977019
STN007,04/08/2024 17:30,36.31255867131033,6.82830845285944,2.937408618948425,444.20696656801454,2.0,0.1221082334988967
STN007,04/08/2024 17:45,28.305404936317466,6.68572091820917,4.431006825143935,409.2062229529198,0.5,0.0128092383535281
STN007,04/08/2024 18:00,23.96748439312817,6.613893381100095,1.386040996341363,434.2381020236751,2.0,0.0976219524418955
STN007,04/08/2024 18:15,34.74845903208009,7.095456913175265,3.355929228941977,467.84982100313977,0.5,0.3560802325140223
STN007,04/08/2024 18:30,37.698441185047145,6.993652226508719,2.347019652291056,420.7762366588013,0.2,0.3599145796564836
STN007,04/08/2024 18:45,22.287793876823145,7.424724100489453,1.426220280885983,484.76330073039617,2.0,0.0597061707864055
STN007,04/08/2024 19:00,25.31153632319892,6.702829075877863,1.8444441627866528,452.11590028149215,2.0,0.2650992687041602
STN007,04/08/2024 19:15,35.29212426756825,7.110824297108532,4.0772977036878,518.758987188982,0.5,0.486689031632552
STN007,04/08/2024 19:30,26.59063163856982,6.5,5.057410950731068,504.3188089375967,0.2,0.3854930078261622
STN007,04/08/2024 19:45,21.18598589393665,7.062605671377198,2.320016797292204,458.3941493410278,0.2,0.4366528944826642
STN007,04/08/2024 20:00,41.12128504053453,7.389272223115433,1.2166060808670698,429.6685900034496,2.0,0.4554300976484548
STN007,04/08/2024 20:15,13.642748709697116,7.324668285386475,5.61419396576084,430.688498328406,0.0,0.7509104601271921
STN007,04/08/2024 20:30,25.872818869563275,6.955846462317021,4.950035635175674,529.1934775120972,1.0,0.3848374221669023
STN007,04/08/2024 20:45,31.55067780189805,6.774736018371608,7.510002946567521,526.0103775984946,1.0,0.1192562069391718
STN007,04/08/2024 21:00,44.156934777457785,6.918842823307787,5.487684790246331,500.8136319519852,0.2,0.294213386497449
STN007,04/08/2024 21:15,35.700527296055895,8.038323903992518,7.708571766200922,495.5238305814198,1.0,0.4256640531718405
STN007,04/08/2024 21:30,42.56485890767065,6.774044976394852,6.290104348934537,473.7265845757569,1.0,0.0354620534628898
STN007,04/08/2024 21:45,37.061237224523566,7.081180714203811,4.514703917317123,516.5514622455723,0.5,0.4430116538736044
STN007,04/08/2024 22:00,78.3377982861432,6.567526531362431,3.4209773375572,463.9441429072499,0.5,1.262671183252528
STN007,04/08/2024 22:15,35.55644709536632,6.591535835303692,2.246193254109018,430.4007156948593,2.0,0.0726077768496968
STN007,04/08/2024 22:30,99.50989494606398,7.049942900513704,3.6375780212419127,445.4228693834938,0.5,0.8148543093421357
STN007,04/08/2024 22:45,41.549621907152535,6.666970350160905,6.350820198189716,537.341180281532,1.0,0.154127623425701
STN007,04/08/2024 23:00,23.76152130160653,7.159945389901711,2.6645111521693536,444.6619890335103,0.5,0.4190564921900499
STN007,04/08/2024 23:15,2.29364832998878,6.5,7.752233200220167,551.2274915977604,0.2,1.3261997719986698
STN007,04/08/2024 23:30,43.86889497344391,6.5,0.2752276311360432,418.4464664880465,2.0,0.0384108509224747
STN007,04/08/2024 23:45,43.1994442506619,6.5,5.512859355878522,471.1995070320695,0.5,0.2418290645125229
STN007,05/08/2024 00:00,31.13425658595949,6.5,5.889288226988507,512.1485080930137,0.5,0.0795392687593464
STN007,05/08/2024 00:15,35.13704827611097,6.85961671812023,2.501627024342831,420.6905741121541,1.0,0.4425432635704709
STN007,05/08/2024 00:30,44.42723347138039,6.913233109971501,3.077093003412069,443.78028051886247,1.0,0.2337196339795338
STN007,05/08/2024 00:45,23.709471401491164,7.341129209819933,4.124201287593808,516.2574489966089,0.2,0.2077247883563873
STN007,05/08/2024 01:00,29.07776515544539,6.5,2.309906736412252,484.1378774085693,2.0,0.2293678986380344
STN007,05/08/2024 01:15,3.236598441223826,7.071787197971607,6.138854881597517,520.0959275202805,0.0,0.7047611578418739
STN007,05/08/2024 01:30,21.839019043081866,6.5,4.22686359710644,517.8128060105144,1.0,0.1108728800248302
STN007,05/08/2024 01:45,34.30558290519438,6.7424870151594885,5.875373574780523,460.4919698868817,0.5,0.4288841898079804
STN007,05/08/2024 02:00,5.724092104987546,7.0362323190890175,5.8806115159099335,567.5627632844839,0.5,0.4834699502437786
STN007,05/08/2024 02:15,85.15076072198298,7.0500359411531255,2.6753857476401595,441.5098208556482,2.0,1.3922866412806016
STN007,05/08/2024 02:30,30.01323169282314,6.733768550627841,5.340344755672422,561.5236464706871,1.0,0.4951263815798485
STN007,05/08/2024 02:45,37.31064263733917,7.442066060880684,7.395936963321109,593.6762187742066,1.0,0.331700883796665
STN007,05/08/2024 03:00,34.61257317480438,7.501128729534084,6.648120340631917,573.8829221096587,0.5,0.1034980519934437
STN007,05/08/2024 03:15,31.131373396674817,6.951894452119252,0.6630704527464856,411.0108655045574,2.0,0.4910318785077008
STN007,05/08/2024 03:30,29.66823224558325,6.701382794996467,5.962038044003499,487.66390082871146,0.5,0.0534301801059142
STN007,05/08/2024 03:45,32.852747791997345,7.094450744708428,6.420869529296346,557.2985979618626,0.5,0.1816370342802638
STN007,05/08/2024 04:00,4.0610462979947055,7.226667278206263,0.6062918705588476,394.3706925497311,2.0,0.3336628501536579
STN007,05/08/2024 04:15,20.74943826618921,7.1993321468706695,3.5392538069420167,432.4355968016242,0.0,0.445979825060405
STN007,05/08/2024 04:30,13.31632120913242,6.5,6.758046055167262,528.9635595528351,0.2,0.728662046222142
STN007,05/08/2024 04:45,32.080309006655895,6.79817560291624,2.8165419871754325,416.5607413061112,2.0,0.4890748647854634
STN007,05/08/2024 05:00,43.43157445482977,7.030305476692326,1.684024269829788,428.8231577536588,2.0,0.2351806295309099
STN007,05/08/2024 05:15,43.584300554019535,6.843243044638356,3.0458405710409835,469.7681238609889,1.0,0.3645113067811387
STN007,05/08/2024 05:30,20.80699835952892,6.936190406979759,2.3486617203933093,453.1384612313659,0.5,0.4958422499260131
STN007,05/08/2024 05:45,12.9754686733793,7.047776762202705,6.037540519975536,522.8767384208935,0.5,1.2835315406241128
STN007,05/08/2024 06:00,44.93340503750253,6.966869644277618,6.525028497617073,582.7278326339451,0.2,0.1765394466369649
STN007,05/08/2024 06:15,10.02373913026419,7.171234146653756,5.911571643098289,471.8689062034229,0.5,0.4592928473682951
STN007,05/08/2024 06:30,42.70422929979113,6.572123565751974,6.341774232010764,501.0122000281242,0.5,0.2513140206501982
STN007,05/08/2024 06:45,34.532713056843406,7.07359696679667,3.78001541982324,511.1542891098735,0.0,0.0355638435636857
STN007,05/08/2024 07:00,24.082873210426907,6.583622653919412,5.161221404035502,478.3395028321319,0.5,0.1267901771258889
STN007,05/08/2024 07:15,62.30828470044646,6.746437485257022,7.58298126876967,528.3399581108514,0.5,0.3314543891940256
STN007,05/08/2024 07:30,55.93520728058623,7.285021917766882,5.132869638960901,484.0663776034679,1.0,0.8157341743831166
STN007,05/08/2024 07:45,97.74820927662964,7.427384181647931,5.208185331744057,505.1769462470989,0.5,0.5759607687146723
STN007,05/08/2024 08:00,39.71101481167392,7.066582653828494,1.838550911384556,442.93557984106576,2.0,0.224661045837899
STN007,05/08/2024 08:15,43.45046681842257,7.277201924511698,5.178841670717707,508.31288355821874,0.5,0.1243710078753165
STN007,05/08/2024 08:30,39.51324923957228,7.202768328997032,5.389911982396022,530.9537491258758,0.5,0.1863967519358459
STN007,05/08/2024 08:45,28.984643868071156,6.624962636881252,3.291600149012789,441.0471943921784,0.5,0.2244342185650734
STN007,05/08/2024 09:00,26.433504563596813,7.258621538662966,3.392752590042824,466.6843367936946,0.2,0.3284286252302817
STN007,05/08/2024 09:15,6.302699540792749,7.250965487319253,5.480416539371037,522.2843319632182,0.5,0.9116308840769924
STN007,05/08/2024 09:30,39.06317619518502,6.62275248190741,5.410744975142437,492.23641503536345,1.0,0.1823084556834216
STN007,05/08/2024 09:45,28.787990826363306,7.048551789259444,4.901277596297637,441.9072515239702,0.5,0.0439686073109436
STN007,05/08/2024 10:00,35.26931841571338,6.5,0.8908177123655121,414.72315094595183,2.0,0.006686316511888
STN007,05/08/2024 10:15,15.010050112061462,6.984282729243507,7.621456246145269,555.8946247222614,1.0,0.3603307287302458
STN007,05/08/2024 10:30,26.07704835962174,7.193302974266678,4.594976630063473,512.6106353974006,0.2,0.1284452366932232
STN007,05/08/2024 10:45,32.817137309039,6.831532144258265,4.637622542822407,450.180563845303,0.5,0.4945680297190496
STN007,05/08/2024 11:00,15.327190008871476,6.879066264321603,6.3410356261686776,568.6163876910558,1.0,1.329480897028731
STN007,05/08/2024 11:15,25.49150131439488,6.947218839639057,3.5026580812031787,489.1964216434228,1.0,0.3298796045641415
STN007,05/08/2024 11:30,42.39665930510563,7.063587800644084,2.7388118623044986,479.8005826991969,2.0,0.3385206083234644
STN007,05/08/2024 11:45,38.42467513613114,7.169314087758172,5.624525088188173,464.7584609988053,1.0,0.08262935172541
STN007,05/08/2024 12:00,14.373966279773992,7.463030385793902,5.727287040849019,508.71516134388713,0.0,1.4549948351303452
STN007,05/08/2024 12:15,31.57355462081836,7.130867312037862,3.7160834035506234,445.1844749453404,0.2,0.4881398237693192
STN007,05/08/2024 12:30,28.03648669666836,6.906399216148852,4.656748345489793,469.91771464895055,1.0,0.2263045074712703
STN007,05/08/2024 12:45,18.884015752844977,7.271826615202022,6.490169042395155,518.4782632536935,0.2,0.630287032630184
STN007,05/08/2024 13:00,39.34304961525015,6.678281896181395,7.122976104823058,567.4031922644348,0.5,0.2240549036431778
STN007,05/08/2024 13:15,42.018102978592914,7.291114871066017,5.410794062659774,515.7687147174787,1.0,0.4200292446403881
STN007,05/08/2024 13:30,21.84071625521661,6.817557864755816,7.122447808677164,570.6086660337321,0.5,0.2785746309830927
STN007,05/08/2024 13:45,17.866303174961736,7.298040798596687,5.904036812766445,494.26395744567526,0.5,0.76206440846616
STN007,05/08/2024 14:00,30.305758596070444,6.5,4.143993871287745,513.53176200374,1.0,0.1336499537167517
STN007,05/08/2024 14:15,37.75319714759982,6.712255904297567,2.327030684109181,426.76638598906175,0.2,0.1832936182848776
STN007,05/08/2024 14:30,5.6917563892359935,6.739520327940689,4.568649884099223,436.30934485432994,1.0,0.8121094843363763
STN007,05/08/2024 14:45,42.30128290827909,6.52967915289767,4.480601842589869,533.2681069251419,1.0,0.0345401410149537
STN007,05/08/2024 15:00,73.03672469903444,6.900446624018419,6.899461467082622,500.8150615203052,0.5,0.6281054537946877
STN007,05/08/2024 15:15,41.915389860759376,6.945498375545605,2.2711571039811567,445.5604299579962,0.2,0.0786907704382014
STN007,05/08/2024 15:30,97.46331779986218,6.920511040827913,6.08220930266442,477.6610136512813,1.0,0.9868127310281748
STN007,05/08/2024 15:45,30.27286983837953,6.625073827030989,7.441580326466894,518.5829915002472,0.5,0.1062246978779117
STN007,05/08/2024 16:00,32.85983372263149,6.5,3.888877325280832,473.2367363538659,0.0,0.1518332520669892
STN007,05/08/2024 16:15,37.60183560991712,6.5,2.475877864152489,476.82731354443854,2.0,0.1041165383245945
STN007,05/08/2024 16:30,27.68732573876631,6.563493532219244,3.709162274135168,530.3876788832887,1.0,0.330522705211554
STN007,05/08/2024 16:45,0.0667727187106881,6.973320206574506,3.189772828327338,430.4328786704402,0.5,0.5151813411241069
STN007,05/08/2024 17:00,7.017143702135426,6.630042365765353,4.027699084567013,482.7731237507227,0.5,0.8252494089289186
STN007,05/08/2024 17:15,41.34661404256671,7.377598321161499,0.60400256783367,383.0323795400542,2.0,0.3690703537154494
STN007,05/08/2024 17:30,28.59707900377544,6.987427979814015,7.528412024668712,536.0407303860873,1.0,0.2232014229156343
STN007,05/08/2024 17:45,0.6765425264270308,7.168933372907682,3.650053092175384,403.51827751039184,0.5,1.2156739651512405
STN007,05/08/2024 18:00,22.13839930534884,6.659178451421688,2.244676994903121,432.9711910389317,1.0,0.4303647392292256
STN007,05/08/2024 18:15,70.76173760051745,6.719873277368748,3.2349927612690035,485.768513528896,0.2,1.328737398001962
STN007,05/08/2024 18:30,44.78401309919349,6.592231067473838,2.5425601745802995,374.6106639786908,0.2,0.112579030991095
STN007,05/08/2024 18:45,87.81452682907755,7.055414523477152,7.070286683377087,527.0384806433967,0.2,0.7328581232938254
STN007,05/08/2024 19:00,30.775501978198815,6.5,2.3493625553056905,373.74092382181567,0.2,0.2367313466316102
STN007,05/08/2024 19:15,37.75599308038099,6.57643383601042,7.295134856096828,564.60905676375,1.0,0.4223676035187389
STN007,05/08/2024 19:30,16.385921246672588,6.641970227238194,3.8929803054503305,472.4171873413977,0.2,0.6750702674526623
STN007,05/08/2024 19:45,16.748410627111646,6.85471214518607,7.1585072580195845,522.1079515349156,1.0,0.3675149597491707
STN007,05/08/2024 20:00,39.31259867947306,6.959517500173246,2.9036354444109564,502.0458475296474,0.5,0.4055565490659359
STN007,05/08/2024 20:15,38.65623314506695,6.640615585241971,3.4434087967489155,478.1254416680711,0.5,0.2173816162638943
STN007,05/08/2024 20:30,37.79263814012129,6.954638259730353,4.983116711228214,494.3374768850029,0.5,0.4039066529474371
STN007,05/08/2024 20:45,18.74518090308629,7.326551602187295,4.170642001060855,477.6746723006453,0.5,1.135371455790872
STN007,05/08/2024 21:00,32.82612514391451,7.3364322939002,2.7198270645185763,470.1124368038221,0.5,0.4994311675541131
STN007,05/08/2024 21:15,39.67462101803963,6.84511099970844,3.1256412701872867,489.0060611635751,0.5,0.1618683663265487
STN007,05/08/2024 21:30,16.829769045707074,7.191049778008219,5.528900171636651,548.2877477257246,1.0,0.8491400572255694
STN007,05/08/2024 21:45,42.35190556566893,6.54749081481356,2.752611275735297,430.61735633455976,1.0,0.1753892439128468
STN007,05/08/2024 22:00,61.00598113892951,6.695373003224667,3.610610935681677,427.2028707371957,1.0,0.82142337243747
STN007,05/08/2024 22:15,12.603907288322194,6.785851194800139,7.596774010980646,573.021683183241,1.0,0.5197372935447099
STN007,05/08/2024 22:30,16.190556457115893,6.805336640412803,0.6672689917981961,375.5474852109687,2.0,0.98724031725474
STN007,05/08/2024 22:45,25.51497841739782,7.08927375121255,3.191415016777943,429.6478637460896,0.2,0.2078847394346147
STN007,05/08/2024 23:00,30.96349144456783,6.5,2.388273172723972,383.22234264311743,2.0,0.108083255374543
STN007,05/08/2024 23:15,25.23442666349873,6.5,6.878810045995425,499.4806589124101,0.5,0.3193596696832959
STN007,05/08/2024 23:30,34.71864492374319,6.8800358930820655,2.8558271439176632,478.8049530835096,1.0,0.1573899687517746
STN007,05/08/2024 23:45,24.33590650736299,6.621898230236641,4.868022067527898,503.5465573977275,1.0,0.2364439264308248
STN007,06/08/2024 00:00,30.36003475242822,6.861177581967215,4.803137286894303,474.87577442364585,0.5,0.0931861348128824
STN007,06/08/2024 00:15,21.524009340476468,7.217197691438104,1.8707686377580464,444.417660578569,2.0,0.2768232929359293
STN007,06/08/2024 00:30,24.65945970613678,7.025306730806006,4.393157344632981,520.1856095135912,0.2,0.3265099478027
STN007,06/08/2024 00:45,32.365579297200654,7.028772280445189,7.972009356921889,573.0651138488746,0.5,0.4046902216362729
STN007,06/08/2024 01:00,35.826035980716206,6.784988583528882,7.317656985836824,507.41159497079553,0.2,0.4034334872614115
STN007,06/08/2024 01:15,43.67230145805433,6.5,7.734083661712692,575.9302682861095,0.2,0.0609232507075515
STN007,06/08/2024 01:30,87.79013841502876,6.868034744996143,6.465880855060521,560.8605333544093,1.0,1.4466982163171185
STN007,06/08/2024 01:45,34.21454921103957,6.753663559988806,6.313375464733752,513.590023887937,0.0,0.17611727676473
STN007,06/08/2024 02:00,89.3597552667519,6.623967493365879,1.7659909240435263,390.35336986175054,2.0,0.3140986733463376
STN007,06/08/2024 02:15,31.547970135353964,6.637705192365093,3.234648237367906,431.5530302103341,1.0,0.3220418053406942
STN007,06/08/2024 02:30,31.88955618229433,7.323141669691539,4.015589362617336,459.3608895521645,0.5,0.1629373481682535
STN007,06/08/2024 02:45,44.87702492054324,7.368542434092806,2.8812960052685987,491.9216022226883,0.5,0.220882378890959
STN007,06/08/2024 03:00,44.70163365026277,7.362532140253783,4.636402732069544,501.8977939486164,0.2,0.1805221904763532
STN007,06/08/2024 03:15,30.04175944646277,6.6335716958607245,1.3664517068121282,447.2769968172632,2.0,0.0444987348295317
STN007,06/08/2024 03:30,42.705288184370005,6.880281349091278,3.631880576546398,494.9323647420345,1.0,0.4578457861964156
STN007,06/08/2024 03:45,44.33071290356283,6.579850502004449,5.852633159545572,495.4262572290367,0.5,0.3907744462879681
STN007,06/08/2024 04:00,2.0434634019098774,6.981030958376276,5.140916052844731,454.7816432489281,0.0,0.8483904889363474
STN007,06/08/2024 04:15,42.38766464069262,6.903586032986566,3.766054989495743,504.72245200110063,0.5,0.4234445645512156
STN007,06/08/2024 04:30,39.58381408117961,7.1890352644374005,3.797349639332628,461.9597619053818,0.2,0.4969118933287414
STN007,06/08/2024 04:45,22.41659181633938,6.5,7.945137272921109,602.1987856322398,1.0,0.2373359499956199
STN007,06/08/2024 05:00,22.55640439287705,6.824974692105788,7.050491170869096,578.5218416388938,1.0,0.0919163164050367
STN007,06/08/2024 05:15,31.81031561873211,7.254525570150802,6.66978392194537,528.5292497640672,0.5,0.4401294656498232
STN007,06/08/2024 05:30,35.35785887585666,6.689205474523394,1.2373101120614511,382.03913449005887,2.0,0.332733687724929
STN007,06/08/2024 05:45,31.165766645274125,7.136643264269645,2.166321768263999,456.4001196416419,0.2,0.3512292394746953
STN007,06/08/2024 06:00,27.20458086373163,6.558496108250718,6.965849718571069,554.8475473940209,0.5,0.2761136494793616
STN007,06/08/2024 06:15,55.119527092501926,6.785508043666542,6.704799571264218,566.3393789132699,1.0,1.4837026547432424
STN007,06/08/2024 06:30,82.80024728504287,6.854419996857796,4.697106530269273,513.7790592444854,0.0,1.09404019700955
STN007,06/08/2024 06:45,30.235610139886997,6.581322964130411,3.4152619692499075,506.68322720641487,0.5,0.4637544734606715
STN007,06/08/2024 07:00,35.78635384661254,6.5,4.004181752801381,452.2559539269486,0.5,0.3626378615477719
STN007,06/08/2024 07:15,71.37214515377568,6.875790742203566,4.748310293657753,451.4892329388164,0.5,0.7129044257574466
STN007,06/08/2024 07:30,34.67209283572045,6.534927268919193,3.893471391844108,502.6867348191015,0.5,0.366494791876746
STN007,06/08/2024 07:45,40.10200648517564,6.820285284480442,2.711343289267188,457.98279389242737,1.0,0.2529293308050915
STN007,06/08/2024 08:00,37.7375213454198,6.5,5.464176233715593,590.2542339777773,0.5,0.205388718863944
STN007,06/08/2024 08:15,40.31374562045745,6.621027811906978,5.473469765859464,525.3081801429947,0.2,0.1656274313453699
STN007,06/08/2024 08:30,29.839228240852947,6.675295762813036,3.600184267275305,482.442417478042,0.2,0.3350551947581155
STN007,06/08/2024 08:45,69.61545317015617,6.5,2.1224240117930107,461.6199918336106,0.5,0.3183326967461649
STN007,06/08/2024 09:00,17.07506062155621,6.5,4.027569832396599,490.7886590012919,0.2,0.9446440590098156
STN007,06/08/2024 09:15,30.49160203628199,6.829025775893413,1.8866268850032877,408.1294993352325,2.0,0.4163186820212474
STN007,06/08/2024 09:30,16.25562085003836,7.3146153553666675,0.9314466091365696,355.2101881185648,2.0,1.1694914617967602
STN007,06/08/2024 09:45,34.01144987741773,6.688748400921619,6.848149478014968,509.608322648901,0.5,0.0663252039113546
STN007,06/08/2024 10:00,28.3933659396183,7.070929564879679,2.5108136373800924,447.88557142486064,2.0,0.2887585669397835
STN007,06/08/2024 10:15,28.0259390685792,7.420800418838987,3.050566241154492,474.7646830338728,0.5,0.0250587034124282
STN007,06/08/2024 10:30,25.453481849879356,7.216406463438024,3.244569724192876,448.8861422068248,0.2,0.2312962274472166
STN007,06/08/2024 10:45,20.13849059618432,7.101495809832199,5.726979291655215,474.2702738252093,1.0,0.4366699096635467
STN007,06/08/2024 11:00,33.65280450470629,6.882362966534022,2.695112542779192,464.92429548663023,1.0,0.4783974200717682
STN007,06/08/2024 11:15,31.552602384338883,6.611533442954493,6.250307845873827,503.9554592044256,0.0,0.4086410866763854
STN007,06/08/2024 11:30,40.48403170163394,7.4631308101311005,5.446612765554612,483.922900455472,0.5,0.4378316294045453
STN007,06/08/2024 11:45,43.689782416122696,6.5,3.852536414143217,426.6670642843713,0.0,0.3116979853047464
STN007,06/08/2024 12:00,31.491517045910705,6.503359751343182,7.231910082806537,572.1141650746778,0.5,0.2971746038873151
STN007,06/08/2024 12:15,26.587513806770417,6.681989468664114,7.34071705245384,533.8839520059809,0.5,0.1569820358589982
STN007,06/08/2024 12:30,88.11170244845641,6.901790454927521,4.966027226235422,453.9067715663289,1.0,1.095187030568818
STN007,06/08/2024 12:45,40.66411375055056,6.5,3.8431905643207047,487.8048695914283,0.2,0.1623522818067484
STN007,06/08/2024 13:00,35.65217253868772,6.839862172283429,6.73923870568045,540.6971498918205,0.0,0.3254282448891695
STN007,06/08/2024 13:15,69.79583500786683,6.968231701686519,3.9828342503335623,424.590955327167,0.5,1.2737593035035608
STN007,06/08/2024 13:30,23.44363486030069,7.003164311271836,1.9236960434009605,456.5946997973534,2.0,0.1588820279270606
STN007,06/08/2024 13:45,53.649513044241424,6.882222449521088,6.20615107481291,515.7702696203312,0.5,1.094834717839502
STN007,06/08/2024 14:00,32.58887230835868,6.613265410272038,7.4731140593229,556.543094815758,0.5,0.1942812133519902
STN007,06/08/2024 14:15,35.39872560890241,7.296637080336072,7.393842701188054,539.0181636775708,0.5,0.3191508717580106
STN007,06/08/2024 14:30,27.011354348024184,6.5,3.367668910944533,477.5514943117381,1.0,0.0713780059899916
STN007,06/08/2024 14:45,34.756948958630595,7.169079607359868,4.091062150521452,525.0867015640551,0.5,0.1955597080618052
STN007,06/08/2024 15:00,11.90430944152424,6.691551911852368,7.964402911982501,558.8409761131245,0.0,0.3036083681272201
STN007,06/08/2024 15:15,24.520077469289348,7.054695571952066,6.336964697695613,551.002187485136,0.2,0.3347163320643772
STN007,06/08/2024 15:30,36.61244581885518,6.852098381453054,7.275512055635189,534.4369750648773,0.2,0.0091905029889563
STN007,06/08/2024 15:45,84.22284630226426,6.601172806410899,4.433660449584083,526.9469268353852,0.5,1.1121779994486811
STN007,06/08/2024 16:00,20.536637796660877,6.5,3.1481119188464985,478.9006746550812,0.0,0.1585384376920215
STN007,06/08/2024 16:15,41.22014238850629,6.872152266099742,2.523240744940089,459.0412709021985,0.2,0.2195198256636255
STN007,06/08/2024 16:30,76.44503840517899,7.626574501694759,3.0556514190050508,509.3642619587062,1.0,0.6254522802426283
STN007,06/08/2024 16:45,34.441852748308854,6.870834357410204,6.474458782482056,545.6124471226631,0.5,0.1533051645487105
STN007,06/08/2024 17:00,32.761076467653,6.5,6.455935488354266,581.1774865989659,1.0,0.3893598471894894
STN007,06/08/2024 17:15,36.97445962069202,6.5,3.975588750228108,459.2545148851812,0.5,0.2408076201668068
STN007,06/08/2024 17:30,14.924369207727848,6.604440304224606,2.452833916103779,455.4635140109288,2.0,0.6984826707493414
STN007,06/08/2024 17:45,18.824724612747687,6.810430205791657,0.8511331919980771,429.5707126976408,2.0,0.995271866635074
STN007,06/08/2024 18:00,43.38393976328037,6.657797208491503,6.932231713837372,530.2448899576493,1.0,0.3648773428639824
STN007,06/08/2024 18:15,43.73539820263011,6.907201571250533,0.9414787513806432,447.5407149900993,2.0,0.4767229121696382
STN007,06/08/2024 18:30,20.81590547704241,6.678871431311659,5.885484563966053,476.6504722730503,0.2,0.4917904480497035
STN007,06/08/2024 18:45,22.87186542715062,6.5,6.4960758010330615,515.7065155332136,1.0,0.3342757968144887
STN007,06/08/2024 19:00,21.71931735642523,7.038010350512186,6.133611841293422,507.0021522810441,0.5,0.4885522947650557
STN007,06/08/2024 19:15,39.07840120373418,6.7065795823688,6.95858185247764,591.176292533213,1.0,0.3018224615377906
STN007,06/08/2024 19:30,20.99697073016766,6.562226248306335,6.144874239288615,498.4911415237209,0.5,0.2762500189064844
STN007,06/08/2024 19:45,5.068596639409932,6.677302367385096,7.407335858589883,568.4569427595223,0.2,1.4624773186964335
STN007,06/08/2024 20:00,19.90391453852676,6.79363925096067,0.3781458744357703,381.4121579527051,2.0,0.4181312964539712
STN007,06/08/2024 20:15,24.4462552857188,7.65033973579834,5.151925207811675,553.3654319005461,0.2,0.1970688525553276
STN007,06/08/2024 20:30,31.12298190896943,7.0424472991947615,6.44061581079038,523.8053358890552,1.0,0.1969257831223413
STN007,06/08/2024 20:45,16.08067386409211,7.106352472270208,7.595061524226444,572.7352936102777,1.0,1.2980476570672153
STN007,06/08/2024 21:00,24.913940816756245,7.060482040876978,2.534773540286538,458.38835695724737,0.5,0.0528644786441219
STN007,06/08/2024 21:15,27.104698166933268,7.0166417072939735,3.3484077662710874,494.5755838088066,0.5,0.05149877723724
STN007,06/08/2024 21:30,15.47238406693442,6.887985738651156,2.222106648430682,469.36365239856354,0.2,1.396178323691986
STN007,06/08/2024 21:45,37.35847460987318,6.67118578074245,1.0607821489714215,432.8394099410427,2.0,0.4077122646008799
STN007,06/08/2024 22:00,17.330344128169152,7.085586205139626,0.9075806046705486,405.904082299088,2.0,1.1710521667671552
STN007,06/08/2024 22:15,34.995947132468785,7.309980295733136,3.6984214194077,483.2384230931828,1.0,0.4954955086931408
STN007,06/08/2024 22:30,11.459027049780044,6.5,2.5710973868139018,437.80848304845546,2.0,0.896684699589253
STN007,06/08/2024 22:45,66.50614883486544,6.824764841418409,2.3502906875331004,350.4700838755828,0.0,1.1861757869915988
STN007,06/08/2024 23:00,8.147968382690465,7.134449543915946,4.868141054829172,528.6317577542819,0.5,0.7887991203293448
STN007,06/08/2024 23:15,37.31974803824944,7.15897431617337,2.3749420902579224,446.2017055918272,0.5,0.4429868466580244
STN007,06/08/2024 23:30,38.43617051491417,6.571355801174141,6.502776182705597,526.1444358844227,0.5,0.2111697040424596
STN007,06/08/2024 23:45,34.679118157697204,6.5,7.930090990291088,540.83861900042,0.2,0.0107061363323239
STN007,07/08/2024 00:00,28.565618559534297,6.5,7.396855649085201,496.4070122347004,0.5,0.1863763889239752
STN007,07/08/2024 00:15,28.10208116788569,6.75282823651538,5.050125259994383,484.4447882565289,1.0,0.3618463953980533
STN007,07/08/2024 00:30,28.03618643981616,7.092470651979244,3.262425727902263,470.32021508056187,0.2,0.169495810722299
STN007,07/08/2024 00:45,28.418698216843225,6.648925378564427,2.1717925291647786,411.6221682742069,0.2,0.302752501658463
STN007,07/08/2024 01:00,96.2998110971966,7.271500649537194,2.0825941479189085,407.2808656979704,0.0,0.8022891464739053
STN007,07/08/2024 01:15,42.552591018269325,6.851389926924769,4.927982361368123,527.4006970555749,1.0,0.4462615486098717
STN007,07/08/2024 01:30,26.609337654278598,7.037913422730294,3.1905599367200086,453.3581855312364,0.5,0.4626832545175846
STN007,07/08/2024 01:45,8.17747860573197,6.916514042867367,2.3380911223174303,451.2848486842653,0.2,0.7631551324124255
STN007,07/08/2024 02:00,43.70916286510328,7.30422087426473,7.814235595865573,544.1662899560745,1.0,0.1555210169338159
STN007,07/08/2024 02:15,7.691195501926749,6.989611344478969,7.611312636280614,547.4428900410613,0.2,1.3769326661406376
STN007,07/08/2024 02:30,36.00316749693363,7.354060413188844,3.052718189925097,426.0013890910929,0.5,0.4991661198399988
STN007,07/08/2024 02:45,5.595453126854586,6.893594284942296,2.498788555246766,527.5380602362364,1.0,1.499321106935302
STN007,07/08/2024 03:00,70.78752975565381,6.919123350310937,4.567706012844625,537.4275820219003,0.5,1.3333975997683645
STN007,07/08/2024 03:15,22.474582437777272,6.556144991729236,7.744360436016891,557.9668361777982,0.5,0.0725732250442857
STN007,07/08/2024 03:30,42.498430643225205,7.483169968552558,7.033892465389826,467.843662170589,0.2,0.4940082487736841
STN007,07/08/2024 03:45,20.955703422455496,6.601989706683051,6.153996394358593,527.5106573691301,0.2,0.2313158606845287
STN007,07/08/2024 04:00,25.689931504516064,7.470653535961655,3.831297547568896,462.35318553851687,0.5,0.2662550697455063
STN007,07/08/2024 04:15,44.337370670684784,6.748287435083482,5.757915496769393,460.8471267695946,0.0,0.0155960539979198
STN007,07/08/2024 04:30,43.96865407313716,6.577719322675454,1.260948793130441,394.9359162114994,2.0,0.1664143794829493
STN007,07/08/2024 04:45,41.06491787931432,6.77762000598259,7.711463116167208,552.8476820262558,0.5,0.4759115730129293
STN007,07/08/2024 05:00,42.02544755147303,6.629909623069875,6.73034195862731,565.1089611918353,0.5,0.138934313136494
STN007,07/08/2024 05:15,37.67085018015244,6.951741129731007,4.982460847808748,478.0271751310665,0.2,0.1710075663574986
STN007,07/08/2024 05:30,29.210861608996694,6.826652100623412,1.3107117552524272,382.8444898940593,2.0,0.3196960980319595
STN007,07/08/2024 05:45,42.14051049628724,6.856157399422095,4.761370551266874,508.2183051759123,1.0,0.1270493160632492
STN007,07/08/2024 06:00,25.699951597681384,6.9877735618415455,5.722839759684796,511.9764544658344,0.5,0.4649512287842167
STN007,07/08/2024 06:15,39.17490128829449,6.929151752661866,4.028935627718224,492.7486479290898,0.5,0.3061570124193093
STN007,07/08/2024 06:30,37.81351128346824,6.613436455096726,4.413088497559181,407.4622294993488,0.5,0.254689947119566
STN007,07/08/2024 06:45,4.750537263040244,6.863462389721531,2.556763542918615,454.27765015787656,0.5,1.0187126780381752
STN007,07/08/2024 07:00,35.20167368173574,6.990522415122442,5.387820657623283,475.60360558584654,0.5,0.4948134512203604
STN007,07/08/2024 07:15,20.31536058648392,7.426227834031662,7.36700120225332,604.8100152836212,0.5,0.4963820790831278
STN007,07/08/2024 07:30,36.6405473306194,6.5,4.805547466442928,534.1872221796183,0.5,0.2981635235704733
STN007,07/08/2024 07:45,29.9157397252833,6.72430705932093,6.338305629271969,548.9017691675938,0.0,0.1339103986230114
STN007,07/08/2024 08:00,22.85807875872198,6.830913133566672,2.250714673510048,424.60348481504616,0.0,0.3769974746381461
STN007,07/08/2024 08:15,28.146522791925477,6.792816666381214,6.385518717632683,460.845645438784,0.2,0.2813358578545493
STN007,07/08/2024 08:30,19.46287801264807,6.551822376207604,7.65487580264707,579.8980764371097,0.2,0.8256291251440768
STN007,07/08/2024 08:45,25.721120383084365,6.767982053070183,1.464991081569177,433.52509459985686,2.0,0.4111032765508799
STN007,07/08/2024 09:00,35.71458637048081,6.715690645879834,6.252855702186082,554.3319281747727,1.0,0.3083793717937281
STN007,07/08/2024 09:15,13.958887972639868,6.52102775655137,2.2690205547905604,473.10614603431503,2.0,1.260438811452062
STN007,07/08/2024 09:30,28.08093451039086,6.5,3.784135842964528,480.49434141144246,0.5,0.1993729528982445
STN007,07/08/2024 09:45,34.27611395947173,7.27670210985329,4.932736511280385,514.030131170062,0.5,0.3835833179768054
STN007,07/08/2024 10:00,44.42831137392672,7.028987601966952,5.511976087054935,462.98833202813387,1.0,0.194523978029276
STN007,07/08/2024 10:15,29.305243640116466,6.957545412994994,7.425759105827854,537.0706520827597,0.5,0.0791632355518526
STN007,07/08/2024 10:30,38.0686398510409,6.5,6.560813525867281,512.0047736638043,0.5,0.014012897744502
STN007,07/08/2024 10:45,8.946441575668278,7.381778944160047,3.9011874433908025,444.0851472812718,0.5,1.456897582821942
STN007,07/08/2024 11:00,12.52130939577591,7.489281574364678,6.186751819810918,530.7170095603159,0.5,0.4461729247452123
STN007,07/08/2024 11:15,84.34018075446667,7.25932171453162,6.5551054945924525,499.3069598488312,1.0,1.4758271154404368
STN007,07/08/2024 11:30,27.21434157201219,7.567323547633855,6.139281620811486,547.0733584863085,1.0,0.4359032845844408
STN007,07/08/2024 11:45,33.63265614358491,7.439886487725737,2.5853910019745903,457.6493434374908,2.0,0.4992635683015358
STN007,07/08/2024 12:00,27.88138888495116,6.842774452198515,2.122695567572353,410.7261009594301,2.0,0.2957151306967652
STN007,07/08/2024 12:15,39.32054840344503,6.669218793318909,5.3739364582554,489.7973927189582,0.5,0.3547686677614854
STN007,07/08/2024 12:30,91.75163631408992,7.709026469815784,6.213961124090258,476.111997953187,0.0,1.358302031471674
STN007,07/08/2024 12:45,24.476165023990404,7.751355814039366,6.877939849018627,545.0935598436917,0.0,0.4698679766406087
STN007,07/08/2024 13:00,25.227362895168728,6.665118599311447,3.2667149893571,445.059573002924,0.2,0.1819890529629497
STN007,07/08/2024 13:15,44.63155316235861,6.973056006964606,3.7641716200362234,446.2627198491864,0.0,0.3326614283028896
STN007,07/08/2024 13:30,25.540228366828718,7.588064478674311,4.863687768014638,495.677823555649,0.5,0.1805644671674855
STN007,07/08/2024 13:45,14.75193187207683,7.213443975642034,4.353065992551247,432.37346352587,0.0,0.3922872737608085
STN007,07/08/2024 14:00,65.64343301249228,7.281444362287576,7.379322615309776,554.0366194003927,1.0,0.6980897556440842
STN007,07/08/2024 14:15,40.70912583769902,6.94513580579524,7.732795672142313,519.1800894136592,0.2,0.4156155687178312
STN007,07/08/2024 14:30,22.12834565120129,6.858816017377702,7.574641474386786,515.5545230382829,0.5,0.0613441544266135
STN007,07/08/2024 14:45,67.36762927903301,7.097054498100888,5.6471575497626425,459.3302005661534,0.2,1.03048764481066
STN007,07/08/2024 15:00,20.13025816304319,7.440442058939932,2.2625145668234854,408.3171777093824,2.0,0.433012806499512
STN007,07/08/2024 15:15,31.12203738300217,6.847468576780895,4.319168740787271,452.5701214960847,1.0,0.1777261712300536
STN007,07/08/2024 15:30,11.250171399954478,7.156652579810662,7.078489159855375,531.4043119674757,0.5,1.4547873029420493
STN007,07/08/2024 15:45,21.118627255946087,6.873314041589316,2.18033784597394,428.5691819889624,2.0,0.2190003198121761
STN007,07/08/2024 16:00,1.2079754682911537,6.975937631397416,7.65020462676693,556.7869655923525,0.2,0.7791109143950576
STN007,07/08/2024 16:15,41.37590620417335,6.874862183923342,0.2113847695784744,407.1953179006201,2.0,0.3609200040445421
STN007,07/08/2024 16:30,27.55168491058624,6.807265609959657,2.447346426375784,413.54523014985847,0.5,0.4622912736278754
STN007,07/08/2024 16:45,90.62152882648373,7.367508246709506,7.959405161932914,566.4478137708603,0.5,1.218924839767776
STN007,07/08/2024 17:00,42.57858554280666,7.325066217256113,7.737695937384227,515.8073015617292,0.0,0.0393165833452675
STN007,07/08/2024 17:15,32.64271812957489,6.531518795801801,2.706459057242336,480.81492993882216,0.2,0.2760519843741388
STN007,07/08/2024 17:30,36.24021216670957,6.7066777258584445,0.4556123092993273,398.8583874905096,2.0,0.1232160857870544
STN007,07/08/2024 17:45,31.56155572978405,7.135348441787105,4.266880605834651,451.4685942492042,1.0,0.1574312668817997
STN007,07/08/2024 18:00,58.93446240233612,6.85786763368302,2.0171107359994696,415.5168036757056,0.2,0.7365670593790286
STN007,07/08/2024 18:15,37.50585757456814,7.418799383179707,3.372342502812114,474.15281511083066,0.5,0.1658250175897457
STN007,07/08/2024 18:30,63.60670718911724,6.755703993891895,3.3440676693220546,475.8446959127244,0.2,0.4423671243205304
STN007,07/08/2024 18:45,99.80578391068131,7.34897913058944,7.082728932098279,550.081960777553,0.0,1.2588745731183055
STN007,07/08/2024 19:00,30.30320242479458,6.859567936468627,2.102389379133478,457.5803816133008,2.0,0.4460755500856358
STN007,07/08/2024 19:15,44.23886966364738,7.073675283869158,4.67174477104993,523.9074751343319,0.5,0.2395740314298712
STN007,07/08/2024 19:30,44.517733751457975,6.764520246062775,5.278763053039358,509.2799877217285,0.5,0.0186045510305473
STN007,07/08/2024 19:45,34.403450531031524,7.491489122439587,1.9236189436290103,401.9985525957508,2.0,0.4353684355634612
STN007,07/08/2024 20:00,28.887458116973683,7.104430964248865,7.501656194301655,482.1595362783056,0.5,0.2516541877219919
STN007,07/08/2024 20:15,62.1205113604306,7.440815127802906,4.920817736196993,459.77394051395424,0.5,1.064958889489
STN007,07/08/2024 20:30,20.232682983394085,6.922881102761961,6.029117597784493,528.2357137428116,0.2,0.418806939631521
STN007,07/08/2024 20:45,38.06004616971714,6.706091787986625,2.45368930941222,435.6878803192678,0.5,0.2455363063783461
STN007,07/08/2024 21:00,29.11332264115395,6.75865819024372,5.921931359051163,537.112593927119,0.5,0.2534396527245581
STN007,07/08/2024 21:15,42.36681077515489,7.065293849313131,4.2929082516244215,478.1475885222381,0.0,0.2557919599011926
STN007,07/08/2024 21:30,40.58636845680658,6.740328703151315,4.06362787029264,525.7579601653041,1.0,0.3366903136534925
STN007,07/08/2024 21:45,41.10390284780343,6.793770678920475,5.106551299660056,487.5563145436101,1.0,0.4615406594309573
STN007,07/08/2024 22:00,38.38511025164384,6.519473812441189,2.899148080002428,454.3436486133722,1.0,0.2967339348711582
STN007,07/08/2024 22:15,73.8490065199991,6.581565798691476,1.2793092848096004,412.29612782289473,2.0,0.3199425525893495
STN007,07/08/2024 22:30,36.029072848519874,7.109908816749172,3.688848107099786,453.47317125601353,0.2,0.3925317783483886
STN007,07/08/2024 22:45,29.144647363300827,7.03599787981516,7.439500139770334,571.2559700295594,0.2,0.2471565151889297
STN007,07/08/2024 23:00,43.08511664910154,6.794507764100736,2.386653547976424,451.04781674995127,1.0,0.2563477703434231
STN007,07/08/2024 23:15,44.76740541965479,6.5,4.544162969655018,445.6443680155294,0.2,0.3655187897884713
STN007,07/08/2024 23:30,20.884893677756875,6.5,7.9689953338115025,549.0069432913783,0.0,0.4715717216041223
STN007,07/08/2024 23:45,15.321877397852916,7.01941527334251,7.98234772303892,587.8450071639871,0.0,1.113918842095626
STN007,08/08/2024 00:00,18.76489344610875,6.873231402897483,7.218405379993785,519.5709022754587,1.0,0.9816177429028784
STN008,01/08/2024 00:00,26.00412065281484,6.828684613844146,3.457399507575418,500.6214125161167,0.5,0.3986374760782805
STN008,01/08/2024 00:15,36.68000414090908,6.90432182713495,2.526631759435614,457.27825983670726,0.2,0.2744316976612924
STN008,01/08/2024 00:30,22.162682769788805,7.197198570833966,3.4270976617290527,454.1452605895546,0.5,0.3174668912676486
STN008,01/08/2024 00:45,43.37553570249059,6.842294406428094,2.497019821045733,417.1990474567432,2.0,0.3556482519612221
STN008,01/08/2024 01:00,7.984804907349208,6.7863559937636895,5.345714477064357,455.26612833439634,0.5,1.1064105105050095
STN008,01/08/2024 01:15,22.335745393909967,6.93569058731381,2.22389432480192,440.5796217371142,2.0,0.1606670148161971
STN008,01/08/2024 01:30,74.66226740247339,7.103935946544612,2.8799742741158525,422.2590400275832,0.0,0.4563569913800773
STN008,01/08/2024 01:45,21.014531348720965,6.859052210706253,2.090504876615252,441.8488058230452,2.0,0.165141408418415
STN008,01/08/2024 02:00,33.78493996626861,7.176993735630306,5.476357343953621,506.3310757810605,1.0,0.0597050033115154
STN008,01/08/2024 02:15,30.178346186774174,6.595179346092694,1.856110503920201,456.7566657654512,2.0,0.4346705797929812
STN008,01/08/2024 02:30,28.465587655008747,7.157198242366106,6.613844590368332,507.9387413973378,0.5,0.374780789025795
STN008,01/08/2024 02:45,11.712354793533745,7.171255577862301,6.529494386351892,558.2559782397686,0.5,1.0576572998277245
STN008,01/08/2024 03:00,24.010173517005907,6.5,2.837724558928941,488.02877360119146,1.0,0.2331809275093876
STN008,01/08/2024 03:15,28.71601126881741,6.518717011831293,7.202796927474519,525.6548380723453,1.0,0.1418026115974169
STN008,01/08/2024 03:30,33.19364581793735,6.874612560792855,2.953566810600486,478.64077520468135,0.5,0.023554454288045
STN008,01/08/2024 03:45,42.10215712857383,6.5,3.0929359773080938,437.5507388805399,0.5,0.246651851666432
STN008,01/08/2024 04:00,33.96760925864805,6.98064541483961,4.495178794292067,420.5932732163188,1.0,0.1052275518091
STN008,01/08/2024 04:15,33.04020651404673,6.958160958848796,2.2002620593854414,444.3670229826018,2.0,0.250034100147925
STN008,01/08/2024 04:30,28.829133868908627,7.068729595053538,2.4147843894937537,397.53962833182914,0.5,0.0003365619439149
STN008,01/08/2024 04:45,9.036412504727004,7.347328849713584,5.082578756472024,507.5660227351737,0.5,1.226595739675885
STN008,01/08/2024 05:00,5.622331518471915,7.06415886807676,0.6030352890832381,435.8897842919907,2.0,0.6870979819547142
STN008,01/08/2024 05:15,30.752353521853458,6.930914476363454,6.842260341529345,547.7967968669664,1.0,0.2027426456454558
STN008,01/08/2024 05:30,35.23412903569428,6.714807727670486,7.1419024531616095,602.0206841924817,0.5,0.4932742182253079
STN008,01/08/2024 05:45,24.832909058256813,6.929065781385225,7.403932517646198,553.336423610052,0.0,0.0114267467323691
STN008,01/08/2024 06:00,44.4597315643676,6.7316935182351525,6.887025230028126,571.0833950054327,1.0,0.0006447108786814
STN008,01/08/2024 06:15,27.53180626004152,6.906852698507677,2.666377545153204,411.514082993942,0.5,0.4899276937365811
STN008,01/08/2024 06:30,6.2189230643271065,6.77367048645525,3.8712131555134697,505.60683446827767,0.0,0.6544985246529698
STN008,01/08/2024 06:45,36.642502467370136,6.986221834395923,3.731549193662687,450.09629540299886,1.0,0.0402687144504263
STN008,01/08/2024 07:00,79.62608141411297,6.787175128262133,3.199517004469941,486.5581502997301,0.5,0.5396949878367301
STN008,01/08/2024 07:15,85.9817130365973,6.69695074117882,5.115765305532229,481.82655152073846,0.5,0.5312131259737348
STN008,01/08/2024 07:30,2.629374546480589,7.019317543186302,4.691623025890768,484.1437382854713,0.5,1.4395545351524288
STN008,01/08/2024 07:45,34.77981409324528,7.276622994888526,6.900556509779968,565.5033467260081,1.0,0.4257383993438646
STN008,01/08/2024 08:00,38.51692975177607,6.550819815891037,5.6056883125079775,493.23337812941793,0.2,0.3990789305452478
STN008,01/08/2024 08:15,31.239511171466184,7.205820420315018,7.918238903884821,558.7023030552763,0.0,0.4004658660941518
STN008,01/08/2024 08:30,44.958730375333175,6.99551305237671,3.2709035056380342,478.3226097288099,0.5,0.1718363306089306
STN008,01/08/2024 08:45,21.41633695939033,6.5,2.879035069896183,447.6940076225699,0.0,0.3204431954503903
STN008,01/08/2024 09:00,39.49308957305016,6.739725681398615,4.589550325817797,479.0797003944276,1.0,0.2633884144337644
STN008,01/08/2024 09:15,22.673595157008464,6.781384592158207,1.0146178410453672,422.5396063772277,2.0,0.2576006669828201
STN008,01/08/2024 09:30,26.34769056362847,7.368098161445004,6.090651642901621,502.6358478115559,1.0,0.3112295718549402
STN008,01/08/2024 09:45,43.45210116399345,6.98757190872825,4.82096294025207,507.9167723137151,0.2,0.4884499139566982
STN008,01/08/2024 10:00,30.59351342696004,7.526207123149704,4.646671401141495,511.6599075944576,0.2,0.1885447746003149
STN008,01/08/2024 10:15,57.1484485036469,6.729575135702001,5.431021055061598,508.2431834497648,0.2,0.4721296315566679
STN008,01/08/2024 10:30,14.515505184650424,7.083261370797928,6.441624806452674,549.2379226880822,0.2,0.6174696691398027
STN008,01/08/2024 10:45,22.300195081237867,6.503133637716649,4.613611331410651,491.7592304687593,0.5,0.18631844578949
STN008,01/08/2024 11:00,9.93593255710572,6.5,3.01121479280655,509.3386776378155,0.0,0.7422061978855238
STN008,01/08/2024 11:15,1.5948186454959457,7.111247344794013,1.750658831615743,446.5798092107751,2.0,1.404344382962477
STN008,01/08/2024 11:30,32.512990478983085,6.893722465750478,1.80481931416103,474.11479455604734,2.0,0.0034000723001361
STN008,01/08/2024 11:45,22.53110042041283,6.802946834282608,7.592912016401842,566.9617268897005,1.0,0.2458837058874297
STN008,01/08/2024 12:00,32.94672044889432,7.371385269255468,7.423798858681326,570.0848452566836,0.0,0.4341993505266615
STN008,01/08/2024 12:15,32.11418840619926,7.18642153394813,2.7078125097451604,476.6859893389019,2.0,0.4194326409720509
STN008,01/08/2024 12:30,32.58832690752648,7.381497396848966,4.422930908925614,495.3890753547799,0.0,0.2675128959375398
STN008,01/08/2024 12:45,19.72758300767208,6.545740683467665,4.438162136400593,457.3976017065669,0.2,0.8323524860964713
STN008,01/08/2024 13:00,7.049684680429218,7.26728672160089,3.364886784702114,486.7604874169001,0.5,0.8076033164728189
STN008,01/08/2024 13:15,10.01061956061634,7.515445783086166,6.877456114142184,538.6071995590859,0.5,0.7435533800855706
STN008,01/08/2024 13:30,4.1162543102453775,7.268728772501067,2.0234538848884687,470.0154441051756,0.5,0.8876026314968577
STN008,01/08/2024 13:45,51.67144148801562,7.416540073947382,6.722532685161427,521.6635037046848,0.2,0.7213990587011399
STN008,01/08/2024 14:00,27.181054804527832,6.746251901942987,4.767359368879535,511.2468328684431,0.2,0.0253527811370977
STN008,01/08/2024 14:15,36.89536335387232,6.960735704708116,0.7087363092760439,381.2591350852164,2.0,0.3440775378786327
STN008,01/08/2024 14:30,41.31025870193223,6.646462781732686,2.566285256692283,425.1856667174364,0.5,0.0312788066168648
STN008,01/08/2024 14:45,23.718321707252244,6.886916990889598,3.875206050658638,520.1031276348037,0.2,0.4593733416699875
STN008,01/08/2024 15:00,6.947355543211597,6.906893730154034,5.298048189067659,488.85074426470027,0.5,0.9429710254979262
STN008,01/08/2024 15:15,20.92494196411485,6.5,2.9012719502694204,464.9013497839202,0.0,0.0327762149648621
STN008,01/08/2024 15:30,23.59201604169077,6.8124383612402655,7.424977655411528,580.8291935335382,1.0,0.1724407420384074
STN008,01/08/2024 15:45,36.16927426633258,6.907810018217279,5.618418792486365,498.61572299816345,0.2,0.1594086398157246
STN008,01/08/2024 16:00,24.42539090647972,6.868218826272943,3.0536407943169817,440.2330457936074,0.5,0.4292010383989089
STN008,01/08/2024 16:15,41.40737961662583,6.5,3.23873456835766,463.9331402094373,1.0,0.293438599552885
STN008,01/08/2024 16:30,13.34611292409775,6.621517617290129,2.7767522870740207,463.2770594053995,2.0,1.1244662291321077
STN008,01/08/2024 16:45,20.677469530950457,6.517790520227961,5.559601186730568,536.032456841715,0.2,0.3985198325958863
STN008,01/08/2024 17:00,32.09800639012958,6.589665553608251,5.002928439781337,501.391722983144,0.5,0.1981146542934997
STN008,01/08/2024 17:15,38.00491181465044,7.1296946781501385,0.8527548338403306,407.872657944358,2.0,0.1624407647964486
STN008,01/08/2024 17:30,37.66416418013728,7.04881060137771,2.4515079849563026,410.2900834024378,1.0,0.4489469095915676
STN008,01/08/2024 17:45,28.94623901573648,6.69302109872398,2.748112755207228,430.5175163668739,2.0,0.3023856681193861
STN008,01/08/2024 18:00,35.327587721285894,7.03380147286411,2.181118439137868,473.83852642980565,2.0,0.3951493844887677
STN008,01/08/2024 18:15,27.76718382567061,6.873023397694584,3.3831736390555784,478.9382166276569,1.0,0.0684222568195802
STN008,01/08/2024 18:30,23.39565081981093,6.854899897740022,7.5394425265554545,595.2303610082417,0.2,0.192087417476694
STN008,01/08/2024 18:45,24.75132215284154,6.663007095016865,2.765166568797945,471.2454835754789,1.0,0.0709507388373884
STN008,01/08/2024 19:00,21.498594271044357,7.296375367876237,6.608138119108881,535.3797023056741,1.0,0.4140679872578847
STN008,01/08/2024 19:15,36.771121997499954,7.361070742701282,7.088574689027304,536.072951460871,0.5,0.2079445333598986
STN008,01/08/2024 19:30,59.67187633842264,6.929588208337574,5.637725855064794,497.0504952450007,1.0,1.4829318632143678
STN008,01/08/2024 19:45,22.43244963934824,6.656507263925147,4.866755656711199,500.7006662043425,1.0,0.0876740860937594
STN008,01/08/2024 20:00,32.84346080085298,7.29114084011006,4.733844784062852,492.940874949256,0.5,0.1710231722578128
STN008,01/08/2024 20:15,31.10704843014937,7.047537125478055,3.6924522959189385,489.3169624976494,0.5,0.4001257589571194
STN008,01/08/2024 20:30,12.3427505363561,6.729857155890284,4.0594779702984205,515.9112297633748,0.0,0.646934226534522
STN008,01/08/2024 20:45,44.19539685419627,7.2001820690705065,0.375053576807049,460.38425863438056,2.0,0.3256033176017875
STN008,01/08/2024 21:00,38.494846370091686,7.423612717960923,2.355990006506313,458.393822928326,2.0,0.0256011547368118
STN008,01/08/2024 21:15,32.39641879962046,6.5,7.654321185188643,487.504263214547,0.5,0.1111097237815134
STN008,01/08/2024 21:30,43.734795549797056,7.038382780121171,3.6534666722231335,461.765704534004,0.2,7.647039291897029e-05
STN008,01/08/2024 21:45,43.55156975129925,6.543611375441609,7.941367984572018,593.1615375028629,0.0,0.4894736686440691
STN008,01/08/2024 22:00,35.70083843228278,6.5,7.397351620081228,570.9714402774066,0.0,0.2785058819268315
STN008,01/08/2024 22:15,36.12181901107287,6.723704673434231,7.817979686031277,585.2025477036068,0.0,0.2607171077397914
STN008,01/08/2024 22:30,33.64685566468367,7.148506799076571,5.8392179405626,567.2608019452182,0.5,0.3784649713263647
STN008,01/08/2024 22:45,43.705848976056686,7.18487892530016,3.17984425847196,451.5038361923147,0.2,0.1197152779277013
STN008,01/08/2024 23:00,38.74611537368948,6.5,4.548355933734309,478.4039708057216,0.2,0.0208159113444315
STN008,01/08/2024 23:15,36.38024657775527,6.513183919516016,2.5467334250332763,479.9545926396371,1.0,0.4857151819338253
STN008,01/08/2024 23:30,29.58872547115653,7.163398384634508,1.4714116082057855,484.23240486079067,2.0,0.4960332754169699
STN008,01/08/2024 23:45,42.46048318775445,6.5,3.171688205405446,444.0729874758218,0.2,0.3697397018357057
STN008,02/08/2024 00:00,65.96297785889067,7.026650686659982,5.292722318737323,522.0809012664561,0.5,0.8132078289961095
STN008,02/08/2024 00:15,32.72094569534618,7.350019183843721,2.417932086379241,443.6718239339535,2.0,0.0219649309810957
STN008,02/08/2024 00:30,43.1535365234022,6.872506011100228,1.0068206841631693,391.1075583900109,2.0,0.4355917667400563
STN008,02/08/2024 00:45,20.406177370197074,7.315097273022611,3.049843673204256,456.7854795073075,0.5,0.4447072248134933
STN008,02/08/2024 01:00,53.77452510026144,6.782925516196488,2.618696958163864,477.41204500471446,0.5,0.8045967739095417
STN008,02/08/2024 01:15,12.03814049938357,7.04659933303136,2.8773944190655723,493.04869141738544,0.2,0.7298990275320352
STN008,02/08/2024 01:30,31.619564812014712,6.617358774093229,4.325309220834064,466.31590260494175,0.2,0.2239275163507235
STN008,02/08/2024 01:45,39.07699916034581,7.034365236805464,5.778062955451685,576.5759862203563,0.5,0.0532552466401157
STN008,02/08/2024 02:00,34.112421525459894,6.890247903910386,3.896808386286332,468.9625671041012,0.5,0.0026009828085048
STN008,02/08/2024 02:15,53.3677372138124,6.582895327614741,6.81369877260069,490.8266308440914,1.0,0.4602673547581599
STN008,02/08/2024 02:30,31.205093725857044,6.87395881114873,7.415604138479567,526.2037678892143,0.2,0.095748805477493
STN008,02/08/2024 02:45,35.935843018704475,6.5,4.825920239893224,487.0632554673985,1.0,0.3013372228312435
STN008,02/08/2024 03:00,35.09071368805479,6.5,2.4822066586667404,408.0303310032405,0.2,0.1548696621299538
STN008,02/08/2024 03:15,44.18789892635982,7.117214428253607,5.309129571155728,534.5363783510453,0.5,0.1888764994496476
STN008,02/08/2024 03:30,36.994826831195,6.941898658962134,7.998235994078071,536.2959276496636,1.0,0.2796519143692855
STN008,02/08/2024 03:45,11.630524989372027,7.098744609224565,6.449859505016828,496.60476585876734,1.0,1.345155015165189
STN008,02/08/2024 04:00,1.873583216557655,7.345061955110073,6.193631951136124,531.8812354720241,0.2,0.4040688595230461
STN008,02/08/2024 04:15,29.974257210914946,6.7884846356044015,3.375589231977448,436.9726047747848,0.2,0.0538568884206714
STN008,02/08/2024 04:30,30.203016494370274,6.912077129698692,2.5422402520624674,464.3339909122983,0.2,0.1146831063182574
STN008,02/08/2024 04:45,37.04584028194116,7.028254157761093,3.539803084721073,455.6981379548029,0.5,0.1531204798437498
STN008,02/08/2024 05:00,65.61668628061697,6.676684990406782,3.258173824483189,512.4076543614424,0.0,1.4618123185647447
STN008,02/08/2024 05:15,43.93528798868725,7.424083707532117,3.687258911927656,470.76794086896064,0.5,0.2485670918896892
STN008,02/08/2024 05:30,31.12176233652824,6.5,2.53041129454254,399.52982288632126,0.0,0.2121786874889212
STN008,02/08/2024 05:45,23.250177420623597,6.646646534687034,3.073152680332381,462.2263229483495,0.5,0.0380339675249655
STN008,02/08/2024 06:00,28.800824189786248,7.061487082733535,7.770885188142612,549.8100551401196,1.0,0.2120754387617179
STN008,02/08/2024 06:15,41.08859879183805,6.83468665081223,2.579502271054004,436.23112912601465,0.5,0.3983481111309983
STN008,02/08/2024 06:30,33.99770681104027,6.912139741934409,4.715632505960894,479.6043019432133,0.2,0.1410574721222522
STN008,02/08/2024 06:45,19.721739276515702,7.100238819958388,3.377239195181152,482.3953018078207,1.0,0.3841004226964912
STN008,02/08/2024 07:00,61.62788255328464,7.381994450412276,7.508548488858182,604.0545568519933,1.0,0.7771988413361273
STN008,02/08/2024 07:15,37.6036249409499,6.713575536056695,5.248284078025528,474.1373436236698,0.2,0.252027473740371
STN008,02/08/2024 07:30,37.644096619469806,6.788858634018828,4.680942910986815,538.0401433640733,0.2,0.3152819164433647
STN008,02/08/2024 07:45,28.94730675495972,6.741202507577119,7.11915585122009,530.7374620026116,1.0,0.169957305019861
STN008,02/08/2024 08:00,27.044549932348875,6.5,1.49586120537304,430.4530045212575,2.0,0.1600402225109459
STN008,02/08/2024 08:15,40.664668105059455,6.594013754343676,6.196204830114487,496.3574572983522,0.2,0.1441436614566217
STN008,02/08/2024 08:30,34.86757385967088,6.911245752829659,5.448012776021975,531.7226772959397,1.0,0.1160943146222254
STN008,02/08/2024 08:45,43.497969377889575,7.121291057173171,0.2960475880408839,372.7209272712499,2.0,0.4819806997535087
STN008,02/08/2024 09:00,32.087648633423235,6.552073409980064,3.296397091742296,509.5304850020397,0.5,0.3309164004819981
STN008,02/08/2024 09:15,27.830156113622017,6.904475783159337,3.1764297466691307,483.4029507688159,0.5,0.2718217053481512
STN008,02/08/2024 09:30,32.94735217410776,6.779457910037569,4.930535682293851,453.3451292945484,1.0,0.1291545608145752
STN008,02/08/2024 09:45,99.8857415024168,7.111276243575756,3.597294818630496,487.58807539665736,0.0,0.5190874593263051
STN008,02/08/2024 10:00,23.913713615961303,6.865174403093763,5.238631473405397,476.9064894945743,0.5,0.1292888665203391
STN008,02/08/2024 10:15,25.023049671371563,7.237550716302612,6.259172597118508,567.2101634956969,0.2,0.0867344240645399
STN008,02/08/2024 10:30,12.06240923068126,6.865768018801076,5.741160607393434,492.528517007133,0.2,1.4485821718969023
STN008,02/08/2024 10:45,10.036821066826445,6.97102686148861,7.764453130156538,567.9180033514791,0.2,0.5154354912915303
STN008,02/08/2024 11:00,28.40749005058484,7.012894432512079,5.435912450859519,506.0539178715469,1.0,0.4461438173487797
STN008,02/08/2024 11:15,30.891401068506145,6.620588932556886,1.1944061322812498,452.2378936721751,2.0,0.1870573326794635
STN008,02/08/2024 11:30,18.196324579286053,7.116324044975043,7.773696447983654,645.1182922948655,0.5,0.861507758785629
STN008,02/08/2024 11:45,36.262513674110096,6.5,3.3527699421590933,518.3419155380309,0.0,0.0110172087556364
STN008,02/08/2024 12:00,40.68573638271632,6.652342055710376,7.29624183000226,497.0627861226391,1.0,0.4625806564533093
STN008,02/08/2024 12:15,34.7183474755267,6.96448395704197,4.537781971508543,522.9172092969162,0.5,0.0707163233797905
STN008,02/08/2024 12:30,97.99533629829054,6.754116141187499,4.181548138624148,487.3060652082184,1.0,1.3389201541165954
STN008,02/08/2024 12:45,16.794476706861957,6.5,5.8458054550901055,549.7986730708858,1.0,1.1316125459368047
STN008,02/08/2024 13:00,33.719910492373394,6.714558513931701,1.808003926530118,442.860155273316,2.0,0.2917523456358425
STN008,02/08/2024 13:15,52.05807168095819,7.238606139606953,2.9121697057625786,445.73791869546153,0.2,1.3521146726144906
STN008,02/08/2024 13:30,32.600184164300146,6.507397662129323,6.719794399724417,508.6617632737907,0.2,0.1417648504776834
STN008,02/08/2024 13:45,35.89518612654668,6.673724871267542,3.3172103667160773,442.6951834329988,0.5,0.3553621031020633
STN008,02/08/2024 14:00,1.3618419694302064,6.543104259412041,3.308633038806597,478.89062106999074,0.5,0.7614948951398492
STN008,02/08/2024 14:15,41.96919341072709,6.804062647593901,2.033754785974899,427.5539031123144,2.0,0.0957579755009638
STN008,02/08/2024 14:30,12.18369783930276,7.044996233503789,2.8820896207478053,468.1686955026323,2.0,0.8296401817792389
STN008,02/08/2024 14:45,40.93862323610784,6.785824864193799,1.2933646675391255,380.6403585711808,2.0,0.4218229796107843
STN008,02/08/2024 15:00,88.51630187801254,7.10116824203266,3.4890122533886867,432.3635719711068,0.2,0.6212337610596463
STN008,02/08/2024 15:15,1.6820036642947134,6.717207522280463,6.757921493337273,549.7927454890782,1.0,0.4715403175528315
STN008,02/08/2024 15:30,13.34192244059368,7.13729472474689,7.734376677603383,587.304491619927,0.5,0.4564198502391633
STN008,02/08/2024 15:45,39.324532691287935,6.935522232253436,1.2107329749049307,359.6405514172046,2.0,0.1436338154764532
STN008,02/08/2024 16:00,5.3516975876550665,6.756940667385054,2.6617710251092914,490.06861341222464,0.2,1.479808564746705
STN008,02/08/2024 16:15,39.79220608633443,6.541795132766651,4.907709782860733,459.6518301994293,0.2,0.4776428708432639
STN008,02/08/2024 16:30,28.46599858622215,6.53683270043124,2.46948235220949,456.604319824365,2.0,0.1110402778323504
STN008,02/08/2024 16:45,27.64848306440432,7.042351810115011,5.034998054391389,507.2250548150192,1.0,0.339337071623479
STN008,02/08/2024 17:00,9.601040760282643,7.085367476986524,0.4352328415530663,426.0410844167354,2.0,1.282622832999549
STN008,02/08/2024 17:15,14.226985494490492,7.059938276282057,4.158881269176756,452.7103110891304,0.2,0.9864731248689662
STN008,02/08/2024 17:30,33.40798071878678,7.157543681889664,2.7494095731129957,461.73647051221405,2.0,0.1963201901077627
STN008,02/08/2024 17:45,33.4219379276664,7.15517166705314,7.012365827596399,533.903301305804,1.0,0.1779178698419736
STN008,02/08/2024 18:00,36.16077331468962,6.523663820553622,5.730012077037208,504.7604885275319,1.0,0.1699401632224701
STN008,02/08/2024 18:15,41.60771908855447,6.5,5.02071907398006,517.7768261295506,0.5,0.1468521327702176
STN008,02/08/2024 18:30,43.08124721853393,6.844786659785596,2.9656851364254804,457.9507093314661,1.0,0.0086098774463458
STN008,02/08/2024 18:45,14.988932889812304,6.995702853484556,5.841566869166224,503.0858491082925,0.5,1.069610701275037
STN008,02/08/2024 19:00,9.311570913558892,6.9745486957978375,3.268029203361197,548.4210433234268,0.2,0.5700861256638539
STN008,02/08/2024 19:15,37.25075196072172,6.895931338807718,4.034485660759384,473.8591664572871,0.5,0.0943926948969985
STN008,02/08/2024 19:30,23.9170435182382,6.555228704816287,5.582974590241423,485.7557272126704,1.0,0.3396342740714904
STN008,02/08/2024 19:45,11.196139722471308,7.169154166622017,2.211288432014676,437.26536345360574,0.2,0.3749724108125878
STN008,02/08/2024 20:00,19.081652025063743,7.267575955301233,7.020933569322891,556.8076252212057,0.2,1.3518129070482263
STN008,02/08/2024 20:15,22.45564118761827,6.822513190921387,4.094269541526132,512.1715757793717,1.0,0.3143319141264308
STN008,02/08/2024 20:30,3.007789131673144,6.865453255486993,4.018031275996516,434.2975673946397,0.2,0.7493320055235944
STN008,02/08/2024 20:45,44.63657543948641,6.5,7.456448694435411,540.6101767542418,0.2,0.3143566246999961
STN008,02/08/2024 21:00,11.399892137878158,7.109991663762865,1.9495807036703845,436.5714026452165,2.0,0.4072436412669744
STN008,02/08/2024 21:15,35.04886222961689,6.6639866916398764,2.1732866440264544,415.5221207892158,0.2,0.1764891410066908
STN008,02/08/2024 21:30,4.621250651375252,6.845582895442166,4.6627533103530565,500.4000966303252,0.5,1.2851308205120615
STN008,02/08/2024 21:45,25.149028380276658,6.892334441035215,2.4930672127818694,532.0733486291947,0.5,0.3811770349362477
STN008,02/08/2024 22:00,18.597886167280137,7.394820209996544,6.301668590650203,487.04511098926827,0.5,1.0342200350511768
STN008,02/08/2024 22:15,23.095155423727302,6.5,3.5327331105670723,455.3217101086939,0.5,0.3436037860875493
STN008,02/08/2024 22:30,35.16894501225374,6.747486113608979,0.2661003505361052,380.05403547350943,2.0,0.1978982221470306
STN008,02/08/2024 22:45,75.43373962467102,6.94160077580015,7.036631666513226,495.0739430419123,1.0,1.414969143288523
STN008,02/08/2024 23:00,22.652751287883905,6.79825669143041,7.735660399909266,606.1868691382905,0.5,0.0111387149740962
STN008,02/08/2024 23:15,41.42922596306836,6.818375297950782,7.591819436067057,564.5619433102027,0.5,0.4575463733043022
STN008,02/08/2024 23:30,30.22735637476885,7.004742979133883,2.263719570213186,412.7921294893603,0.5,0.1392567308808716
STN008,02/08/2024 23:45,28.352391395714392,6.50575724620411,7.134643395602909,489.4513321991675,0.0,0.3970115408430675
STN008,03/08/2024 00:00,5.782892977701557,6.5,2.9393696464753813,431.9181693807352,2.0,0.8478997451039207
STN008,03/08/2024 00:15,20.46035396564816,7.102634483211545,6.600985096229032,593.7124817536184,0.2,0.344537824981193
STN008,03/08/2024 00:30,25.233112170540277,6.605616690956425,5.837989241514388,573.6868150975976,1.0,0.1939330997223236
STN008,03/08/2024 00:45,30.14097575482637,6.595472720930747,6.601457202221635,512.420366134377,1.0,0.231587004814184
STN008,03/08/2024 01:00,43.4224961436865,7.030180288889667,2.546839855703188,451.8464345367906,2.0,0.473304408881876
STN008,03/08/2024 01:15,12.670455245393406,7.354951818078023,3.065291734867205,467.8842563781735,0.2,1.315744714321765
STN008,03/08/2024 01:30,15.282607593316795,6.786203914659133,6.688058390291764,583.1334522161899,0.5,0.688378240013416
STN008,03/08/2024 01:45,74.6892418849063,6.670314891497779,5.884172028554583,556.7052473980123,0.0,1.450750573161644
STN008,03/08/2024 02:00,35.33675318544291,7.03004935736726,1.6740419537883755,449.5838168906479,2.0,0.3177402614860307
STN008,03/08/2024 02:15,24.33839741239701,6.525611213269646,4.919879256428517,492.4251149253352,0.5,0.0152329084757559
STN008,03/08/2024 02:30,21.120118592989066,6.870977581620379,5.4942506670279565,560.3780805016711,0.2,0.1983488363974014
STN008,03/08/2024 02:45,25.232299974197044,7.178085359993447,7.594991437178648,531.2324200101981,1.0,0.0572692446157323
STN008,03/08/2024 03:00,39.59694073535058,6.768351948137524,2.327711250679511,408.45841695112233,0.5,0.3275578588033052
STN008,03/08/2024 03:15,36.90624558918185,6.5,7.123358845515928,583.3051771894103,0.2,0.3456737322923168
STN008,03/08/2024 03:30,33.41535131796599,7.233640454213949,5.326507201653973,476.967868191992,0.5,0.2486801236263199
STN008,03/08/2024 03:45,24.28147269917428,7.09067048297819,4.604960566568451,527.0508445203358,0.2,0.4122633201269228
STN008,03/08/2024 04:00,32.37073209117552,6.555500668752985,2.6618666029467954,445.0381410343705,2.0,0.4278944914799375
STN008,03/08/2024 04:15,34.83880158065211,7.326533752841434,6.641486506467822,510.5208142722365,0.5,0.2200120490777393
STN008,03/08/2024 04:30,41.10704463417645,7.072540624590393,3.2709545863216896,451.2959668120047,0.5,0.4378911063855151
STN008,03/08/2024 04:45,27.92359479680977,7.049642149115271,2.992578292268743,463.3229242344739,2.0,0.2789805379961358
STN008,03/08/2024 05:00,24.2547825512794,7.023099901543312,7.257807350246242,550.9280069561867,0.5,0.2366262263627436
STN008,03/08/2024 05:15,22.887040666823644,6.843689450740473,2.0519207332174845,448.15679710592366,0.5,0.3429388541714116
STN008,03/08/2024 05:30,28.65570776484939,6.5,2.3665537671515087,509.8482095482608,0.2,0.1311355025423541
STN008,03/08/2024 05:45,39.16474007322862,7.011971916219508,0.7564337055312589,447.8532153177965,2.0,0.2334473195644094
STN008,03/08/2024 06:00,22.67078799785288,6.977526814100323,0.4358957289174442,406.52569924607394,2.0,0.2729435743237189
STN008,03/08/2024 06:15,25.29579489712067,6.5,6.395954421168574,500.8273743356645,0.2,0.4532431904575527
STN008,03/08/2024 06:30,66.0935776579085,6.631850085099047,2.437332586563524,438.0442545145968,0.5,1.0447555275086875
STN008,03/08/2024 06:45,24.36511964992711,6.80871374039686,0.2376670384425175,385.7575905216625,2.0,0.4993759887369389
STN008,03/08/2024 07:00,42.9354330808292,6.873676240254143,3.171838880674908,481.6484192892838,0.5,0.1433438593111088
STN008,03/08/2024 07:15,9.909053854565242,6.987035886938775,3.3962716587181494,470.3240418378954,0.5,0.5002947876075485
STN008,03/08/2024 07:30,34.695635786065424,6.670700845306093,5.771101350794206,487.8517049644488,1.0,0.0749797121329577
STN008,03/08/2024 07:45,41.31829470805569,7.047136212902303,3.513143522133289,460.01787725994046,1.0,0.0569307584902611
STN008,03/08/2024 08:00,39.46311421593244,6.761903744645998,0.3074228801603663,443.7885095728408,2.0,0.3831009613517621
STN008,03/08/2024 08:15,38.36825921488428,6.641579416209694,2.209199056725878,507.9467080389665,2.0,0.1939601914813811
STN008,03/08/2024 08:30,3.2610822618415503,7.22670073679067,1.862419875923756,445.25214394083184,2.0,1.474891988174085
STN008,03/08/2024 08:45,41.69608838822701,6.619073516096819,0.9799401744761552,411.3985367450805,2.0,0.4917608835193778
STN008,03/08/2024 09:00,44.25918312600116,6.688974004478363,7.095189844673703,518.9331678785688,0.0,0.0874372115641153
STN008,03/08/2024 09:15,42.94748610302632,6.935627589469134,5.817264299361416,443.584620083408,0.2,0.1015912171712536
STN008,03/08/2024 09:30,86.23469050126744,6.944500516254853,1.9725311478909695,454.3026239241536,2.0,0.4352918817728325
STN008,03/08/2024 09:45,12.62379828876108,6.547600870195986,2.1168472915309167,414.0471666476519,0.0,0.3083684928995168
STN008,03/08/2024 10:00,7.261168206677507,7.133318172059418,5.338890396881284,483.13139120558776,1.0,0.3394030952169876
STN008,03/08/2024 10:15,34.478027191255705,7.165163402537897,1.946297027559384,484.6966117079338,2.0,0.3685166011916661
STN008,03/08/2024 10:30,33.87960802947789,7.445770670204219,3.622088815106509,459.3104188319493,0.5,0.4946109678965281
STN008,03/08/2024 10:45,43.55994494024006,6.7718466047106585,5.981650575394433,454.2051880103783,0.5,0.0578848736946398
STN008,03/08/2024 11:00,29.100336206427823,6.736280641388958,6.674940732208215,479.9109935539345,0.2,0.1073238680257023
STN008,03/08/2024 11:15,22.09791284031034,7.665128118621917,3.990585221397996,531.9645554921852,0.0,0.1234896306615128
STN008,03/08/2024 11:30,37.222206308695945,7.276936263884189,5.079511257193305,522.1451531196843,1.0,0.4847879587281202
STN008,03/08/2024 11:45,12.262610437703636,7.046465733401094,4.254860959421374,448.6670181248763,0.0,0.6359576619570878
STN008,03/08/2024 12:00,26.483751274628307,6.813195071124524,0.9877252897696362,418.0133856143759,2.0,0.0045367312389353
STN008,03/08/2024 12:15,28.939151078371047,6.66956191604217,6.246805964462201,518.675407062052,0.2,0.2728608557316774
STN008,03/08/2024 12:30,43.93042479802652,6.5,6.926188849076725,513.1073728018882,1.0,0.416526883810187
STN008,03/08/2024 12:45,43.25131216998562,6.930352436031606,6.304208157209168,504.30460296471546,0.0,0.353721191242182
STN008,03/08/2024 13:00,25.73295091931977,6.944892721079529,5.582239686667803,466.537003792965,0.5,0.3399296565445491
STN008,03/08/2024 13:15,35.387448177926885,7.038838919663386,3.946856468053328,507.4983961666889,0.5,0.1407318642467268
STN008,03/08/2024 13:30,12.92478300166287,7.202021028195038,6.645294319198808,487.1517247200017,0.0,1.0232901096597349
STN008,03/08/2024 13:45,7.125538358262238,6.720953216663867,7.2238479398993745,510.89576783030657,1.0,0.374731086878963
STN008,03/08/2024 14:00,32.81641059463657,7.150026080354648,1.2531202757587725,451.9261133590685,2.0,0.4391398391966201
STN008,03/08/2024 14:15,38.505704461799255,6.508422277602756,6.5213754033497136,511.02096680006974,0.0,0.4573437582959563
STN008,03/08/2024 14:30,36.53874633560385,6.627384342607448,6.117084704006757,467.622563345477,0.2,0.0966158560887621
STN008,03/08/2024 14:45,21.998117878291435,7.140048757367295,5.3037963397179695,472.5650904149712,1.0,0.2455469042884562
STN008,03/08/2024 15:00,34.783059718497285,7.014843292421479,1.1377573451584844,442.9503317848465,2.0,0.4588737142451555
STN008,03/08/2024 15:15,19.01164660743081,6.763478009039622,5.629036224247651,523.5175782090029,0.2,1.1572478535537851
STN008,03/08/2024 15:30,5.435952732769098,6.644809538794434,5.807589273674173,483.1922873488499,0.0,0.7793857287765249
STN008,03/08/2024 15:45,9.23334328412718,6.5,3.486991992103513,467.1049813918797,0.0,0.3480789701193627
STN008,03/08/2024 16:00,29.03535668672798,7.315119751099771,3.3236073701643054,450.3342311269881,0.2,0.3798629471147615
STN008,03/08/2024 16:15,32.450131641813144,6.986079696976955,7.316577080125906,568.7451027287616,0.0,0.1637634413491231
STN008,03/08/2024 16:30,27.093197309845507,6.548054602375679,5.87249433422514,535.7836624906433,0.5,0.1502043145572952
STN008,03/08/2024 16:45,32.74460717297249,6.984414550694917,2.3961167448428595,471.722893722984,0.5,0.1167040195785153
STN008,03/08/2024 17:00,90.27430095462256,6.813007883563122,5.525654209327835,516.3052141376653,0.5,0.6874322426165274
STN008,03/08/2024 17:15,30.09756402009588,7.260067542298192,4.4705532567451725,507.94356768222855,0.2,0.1145713983979009
STN008,03/08/2024 17:30,44.23041741606984,6.5,2.1985263440410376,463.6116932922216,0.5,0.3289782956925197
STN008,03/08/2024 17:45,29.124669791566085,7.034107432857554,2.553901867551858,427.4603694293483,0.0,0.4003668486879115
STN008,03/08/2024 18:00,39.237989943649296,7.1197160935825305,5.588495557193351,508.3981886299526,0.2,0.2154745975960108
STN008,03/08/2024 18:15,12.718421194860731,6.982451600287203,7.139893605725031,570.8396199660148,0.5,1.2932652415344483
STN008,03/08/2024 18:30,17.21817202282152,7.043612066779255,3.921902197812992,496.5636971418817,0.2,1.2179524318995536
STN008,03/08/2024 18:45,23.770455414821,6.737912964782497,2.955902563318941,473.7382213490611,2.0,0.2404441911264253
STN008,03/08/2024 19:00,23.19358249568816,6.765361858695096,3.980487061238741,482.0240955572737,0.2,0.2094643734039971
STN008,03/08/2024 19:15,32.82904913962348,6.632105711573665,4.975116801531216,518.2688575776374,1.0,0.3574215843930364
STN008,03/08/2024 19:30,26.72203675225493,6.886509256619086,2.5494161663833674,418.6682973397338,0.5,0.3601394867484308
STN008,03/08/2024 19:45,13.519730662315006,6.5,2.364992082146752,465.448240552731,0.5,0.6186459382029819
STN008,03/08/2024 20:00,36.11478245984894,6.688510284494089,7.5791837329069,532.2788311608128,1.0,0.3787939142914978
STN008,03/08/2024 20:15,32.39691495512261,6.5,7.352067898878048,496.9083127079687,0.0,0.3519082332251928
STN008,03/08/2024 20:30,18.86406101010948,6.924920368163258,7.002955380040836,503.9524230086567,0.0,0.4132029521240132
STN008,03/08/2024 20:45,24.58799718947085,7.543289490931063,2.941537676109388,471.7418772248024,0.5,0.1107695275978196
STN008,03/08/2024 21:00,44.275765094704944,6.843058424033262,3.889681705383639,458.9520953025568,0.5,0.3526476094843266
STN008,03/08/2024 21:15,26.011177198926795,7.048059598350658,3.4144768659769493,427.114813289084,0.5,0.2771678513936481
STN008,03/08/2024 21:30,37.07785640817463,7.224642024701548,3.5491153294044744,434.0903373583644,1.0,0.3194275540180887
STN008,03/08/2024 21:45,79.61869196381139,7.027184786156273,3.5609871901056267,541.3148819819586,0.0,1.0835229474047017
STN008,03/08/2024 22:00,57.30608323261864,7.024811521788894,1.0726107232889674,399.9814026708072,2.0,0.4462546485615953
STN008,03/08/2024 22:15,33.17195554480853,6.5,5.478775857844115,483.0270935331704,0.2,0.152947596610328
STN008,03/08/2024 22:30,43.91211766949458,6.953870212257129,4.823440885258135,466.9850802111572,0.2,0.28485310640869
STN008,03/08/2024 22:45,85.77673490772247,6.997420440612567,0.2668978677449887,360.34806063436014,2.0,0.4156950805492205
STN008,03/08/2024 23:00,32.016826927130126,6.739066006683605,6.429669908953974,576.4430884849494,0.0,0.3579818551784126
STN008,03/08/2024 23:15,78.94503587769717,7.311462798181288,0.8307169509459023,439.0752854255298,2.0,0.867487485242247
STN008,03/08/2024 23:30,19.6667207511112,6.9087749694308185,3.847249839932736,482.7537412294868,0.0,0.5855145721322998
STN008,03/08/2024 23:45,37.35048845626551,6.5,6.904439015643455,510.8875179432124,0.2,0.2165152505118409
STN008,04/08/2024 00:00,26.233485802021207,6.5,5.853994778954993,544.2358397259126,0.2,0.4359414634444599
STN008,04/08/2024 00:15,22.2777316940278,6.736048391187881,7.121153919748185,525.2076561192899,0.5,0.1105181122225451
STN008,04/08/2024 00:30,24.01112367806645,6.8188846597621735,6.0862600916096605,506.5877627540399,0.5,0.3454654948170045
STN008,04/08/2024 00:45,28.762651911994453,6.5,4.934895603775149,482.8002787353725,0.2,0.1582162710651863
STN008,04/08/2024 01:00,37.10359168295781,6.904377009400164,7.992198124461143,562.9785556992648,0.0,0.1074719206886967
STN008,04/08/2024 01:15,26.097662461669454,6.838417384651916,7.413321177580573,517.0828813035838,0.0,0.3515159062844909
STN008,04/08/2024 01:30,12.825576500701493,6.5843844114201175,6.24629146709718,547.7688756033455,0.2,1.3665881151831198
STN008,04/08/2024 01:45,41.2637004429346,6.509419889787502,1.4040243838995683,463.66243771191824,2.0,0.350848342769478
STN008,04/08/2024 02:00,42.38948902065198,6.85128844597621,7.041243175210166,484.60485657633217,0.5,0.3007632529028654
STN008,04/08/2024 02:15,25.736907695437736,7.380330384379714,3.66270663187566,472.75434205589886,1.0,0.2698017043170583
STN008,04/08/2024 02:30,68.55569146536928,6.5,5.493322977380686,477.585916553944,0.2,0.6940111700737479
STN008,04/08/2024 02:45,23.499663565209342,6.5,6.829438141980296,571.916360507682,0.0,0.3786242720074794
STN008,04/08/2024 03:00,8.168281127832682,7.201958484279587,6.983005530870755,488.6993454937298,0.5,1.2857324795839464
STN008,04/08/2024 03:15,23.82418422776098,6.832244451047823,2.716504338820889,421.2231659575236,2.0,0.4891768448125563
STN008,04/08/2024 03:30,31.02864802327941,6.622507475233186,0.9981828087441668,376.85396066913455,2.0,0.2272399912953787
STN008,04/08/2024 03:45,39.51309642991096,6.54440423643524,2.4893253781866083,487.2728574864853,0.5,0.1343055115329052
STN008,04/08/2024 04:00,40.673204440604486,7.1214658205349615,7.731881537861121,527.6703187137886,0.2,0.3081387009030401
STN008,04/08/2024 04:15,10.18983631097435,7.442380979731549,2.755215876596185,480.7979464538379,0.2,1.0848188241115233
STN008,04/08/2024 04:30,41.099272039074044,7.275667180704024,5.744666495171281,527.8597653536476,1.0,0.4648305035856245
STN008,04/08/2024 04:45,23.795989482893503,7.019460711036361,5.433100507788415,500.879754695639,0.2,0.4179093077216193
STN008,04/08/2024 05:00,8.080301085051023,7.132663707630274,1.9935991703471991,440.557727590508,2.0,0.4488695073903385
STN008,04/08/2024 05:15,25.49824580237032,6.605329292693834,4.946229661331728,498.376571545393,1.0,0.2915372978423506
STN008,04/08/2024 05:30,28.84680074254097,6.5,0.5123634121370311,424.97023668820304,2.0,0.145663930557811
STN008,04/08/2024 05:45,69.60807836818715,6.546125358817067,7.274567229942122,577.4568387363089,0.5,1.3219914132617538
STN008,04/08/2024 06:00,30.853896728946133,6.716820768641637,7.829281850081025,631.7983736455814,1.0,0.0634949208374495
STN008,04/08/2024 06:15,28.99642472450454,6.722883960186609,5.767359256239693,558.76510086082,0.2,0.209174210425552
STN008,04/08/2024 06:30,29.938506315084563,7.098095274188937,4.576570936153633,530.7221112425935,0.5,0.0588085678552205
STN008,04/08/2024 06:45,39.56261950840143,6.5,3.623152064300741,429.4754543037032,0.0,0.2717311538729822
STN008,04/08/2024 07:00,40.42259005450241,7.059615998182556,4.471808578531549,526.1023985285265,1.0,0.485137121249681
STN008,04/08/2024 07:15,7.822393794170104,7.704823138193969,4.952281029636712,524.1735546403767,0.5,0.96535062988023
STN008,04/08/2024 07:30,23.872123126641803,7.092255611831006,6.606230458788868,517.4573213594945,1.0,0.4857228962644545
STN008,04/08/2024 07:45,20.570715094970197,6.717154030388527,3.420415798172301,483.5030177048292,1.0,0.0024780607143518
STN008,04/08/2024 08:00,72.31472863850928,6.743543930303248,6.596976685139956,526.8580102900445,1.0,0.919607365374276
STN008,04/08/2024 08:15,0.4623254735471471,6.98444692570334,3.8881543274315127,479.7379591970804,0.0,0.6344496916633648
STN008,04/08/2024 08:30,23.34140852180252,6.5,2.8624063159332693,466.2947885834287,2.0,0.1354978422555222
STN008,04/08/2024 08:45,36.39103801919974,7.232519596504202,4.828325892798498,541.4973113225842,0.0,0.2455435054152295
STN008,04/08/2024 09:00,16.781252623384525,7.206567819428429,1.9186747663867327,449.3991044448924,2.0,0.664523982223395
STN008,04/08/2024 09:15,7.760753690078652,6.619261132215829,3.3925809973753305,479.44423413210967,0.5,1.019642157850182
STN008,04/08/2024 09:30,35.17404856330862,6.910368999794855,2.2290448685925104,453.9889679223709,2.0,0.0580321127300964
STN008,04/08/2024 09:45,36.19722484143841,7.151923510738087,3.76033576824,449.33432488595474,0.5,0.4765314826422883
STN008,04/08/2024 10:00,41.35696889822832,6.752425229424203,2.237237762595039,436.5109595740374,1.0,0.2283696946288108
STN008,04/08/2024 10:15,44.37485205972411,6.794417695349715,7.391410835273229,523.6598454208945,0.5,0.3600492713186377
STN008,04/08/2024 10:30,3.116505282932178,7.360913864736653,6.375131037317752,503.5096686905699,1.0,0.3252194543320669
STN008,04/08/2024 10:45,31.586696921684403,7.39684391565461,5.601798324130011,488.8009170169293,0.2,0.4279704425367149
STN008,04/08/2024 11:00,86.70335587618933,7.232970321064818,7.738143581710029,527.7810183213835,1.0,1.2861128854005073
STN008,04/08/2024 11:15,36.379707136673424,6.795422381223276,2.541561127605446,449.939285593505,0.2,0.2149656674611593
STN008,04/08/2024 11:30,34.47967724716691,6.788292558792081,3.4972161221284264,493.0139308257857,1.0,0.4707681783245564
STN008,04/08/2024 11:45,44.43784696140477,7.056327750810761,4.252873337107012,477.7491006962196,0.2,0.2842689181716707
STN008,04/08/2024 12:00,19.5901657143244,6.725036134888105,4.413904849058442,472.5162943948523,0.2,1.2253105585587007
STN008,04/08/2024 12:15,42.71602937886578,7.17803939626725,1.234348573367356,462.3095435459192,2.0,0.1079566909422521
STN008,04/08/2024 12:30,29.90342605296049,6.5,2.520718718810424,475.3559327434819,2.0,0.4402960909932765
STN008,04/08/2024 12:45,42.61399078115898,6.893017227955169,2.671359405153509,416.5629510900924,1.0,0.0270218868773791
STN008,04/08/2024 13:00,42.64235885649301,6.857856167693927,2.313969308642697,471.9446756548217,2.0,0.1211772036672541
STN008,04/08/2024 13:15,29.11615724043661,7.229627742668041,2.8371260834990157,464.5761920785355,0.2,0.1709069954579173
STN008,04/08/2024 13:30,56.93921087989352,6.656723405675071,6.530400418971038,515.8328090135288,0.2,0.9625435593779096
STN008,04/08/2024 13:45,40.92230096966061,6.554443442291403,3.951274912212485,559.4092297938166,0.2,0.2134747445103723
STN008,04/08/2024 14:00,26.1870560095414,7.267829470830877,5.703254121179504,487.63068835984274,0.5,0.1074500346635691
STN008,04/08/2024 14:15,67.7173503130624,6.529338579183591,6.508274152510621,570.0592097825129,0.5,0.774076181456034
STN008,04/08/2024 14:30,70.7004309254755,7.015437382796746,2.639817718151251,445.3115130528645,1.0,1.18967342013497
STN008,04/08/2024 14:45,25.95869193206788,6.51582082912479,3.315869728314971,469.0950239473817,0.2,0.1137715822791574
STN008,04/08/2024 15:00,29.38354192990189,6.913677293698916,3.423932352044756,424.5227933966644,0.2,0.3110070458743613
STN008,04/08/2024 15:15,38.375809771339775,6.847376760823794,5.105924820831853,451.3639671550636,0.5,0.4850558235928925
STN008,04/08/2024 15:30,65.39487174100304,6.5,5.978143586518712,493.4338758510802,0.2,1.1808329628432508
STN008,04/08/2024 15:45,23.32235709720365,6.901802438920453,2.0634106542766126,481.1853459724512,0.5,0.3439721261704822
STN008,04/08/2024 16:00,70.9082667264164,7.357807461143371,2.2394071821369543,432.5028535228615,0.0,0.4250653437296159
STN008,04/08/2024 16:15,7.698685867775183,7.112287530566486,2.9392204284663994,450.3320602830687,2.0,1.0027790742000668
STN008,04/08/2024 16:30,33.88245857186113,6.5,6.796880479280777,569.8936480798824,0.5,0.0200261396977824
STN008,04/08/2024 16:45,92.86686605688884,6.5799995290871856,2.5770756175488336,462.6446560024648,2.0,1.4671565914709326
STN008,04/08/2024 17:00,13.425395024751593,6.8876379704166055,5.824375607742477,528.8294389651952,0.5,0.9683297800385616
STN008,04/08/2024 17:15,41.55203970305188,7.246778228471888,6.963084637381758,505.5656866587273,0.2,0.1679624513960222
STN008,04/08/2024 17:30,1.9336318198413167,7.140924869949856,4.904384431444291,443.271161075598,0.2,0.4784627045650484
STN008,04/08/2024 17:45,44.28439451431114,6.5,4.2533320798034655,484.2355170053402,1.0,0.0259934455993022
STN008,04/08/2024 18:00,40.99853197250017,6.680996334389892,2.371617114140528,411.6587213884311,2.0,0.4779489230996815
STN008,04/08/2024 18:15,31.75139226613735,7.226504470059922,6.999882500915545,463.37144552063086,0.2,0.48967321110711
STN008,04/08/2024 18:30,41.79749501519253,7.06095230496519,7.534169915933785,569.0475228366978,0.2,0.107845372280333
STN008,04/08/2024 18:45,44.90184562198964,7.035749025370415,2.041292894259764,427.1505033572336,0.5,0.2983464832743692
STN008,04/08/2024 19:00,42.246381791080935,6.780159275882867,6.846077102762335,497.2446625224867,0.5,0.1582428471699572
STN008,04/08/2024 19:15,20.4119772596523,7.531293308607674,2.723986820897818,446.8061263877143,2.0,0.4954933128509327
STN008,04/08/2024 19:30,28.118084411012696,6.770676452079858,6.048495114400124,557.4417771968607,0.5,0.2289219852350499
STN008,04/08/2024 19:45,30.424074540024144,6.77127470669347,5.65680693731653,511.9184796249911,0.0,0.3216937044534317
STN008,04/08/2024 20:00,63.07870342417326,7.025636291169176,2.738341533419208,466.9628116838805,2.0,0.6589047991490183
STN008,04/08/2024 20:15,22.8028515750564,6.986364861111605,2.5366283540480685,431.12967455376287,0.5,0.1177255956156095
STN008,04/08/2024 20:30,16.714459087966567,6.948637985796695,4.528586549816026,532.7555368547742,1.0,0.9253236215219895
STN008,04/08/2024 20:45,31.427456955014087,6.5,5.031019890077259,496.9895154020742,1.0,0.1492345552913134
STN008,04/08/2024 21:00,39.09599372268943,6.510519808118497,4.436252474847856,467.0776239105269,0.0,0.3958255414352253
STN008,04/08/2024 21:15,28.689089392033974,6.823263527590215,7.310935791882722,571.0135006978185,0.0,0.4192957696239416
STN008,04/08/2024 21:30,4.38223636665443,6.957512272894768,2.1772690397376318,434.2641524296951,0.0,0.4299327060475161
STN008,04/08/2024 21:45,17.04251739194,6.95896695943045,1.6826898079531043,444.6753772448405,2.0,1.4128428695447006
STN008,04/08/2024 22:00,43.993576386121646,6.657767838362968,7.976813597092471,582.0978373829139,1.0,0.3312457727666947
STN008,04/08/2024 22:15,20.912837032327253,6.79210046026151,7.876203205496252,537.7472418409113,0.2,0.2286522350227886
STN008,04/08/2024 22:30,34.06634751511428,7.082861977553788,2.500428661735029,487.44934327646286,1.0,0.3832386832119717
STN008,04/08/2024 22:45,21.48756082604076,6.5,6.312082752099861,497.7391872417562,1.0,0.0979314569168692
STN008,04/08/2024 23:00,6.809878034176775,7.077050498841437,3.8981957597771393,478.84603827427145,0.0,0.4040199424279446
STN008,04/08/2024 23:15,33.032961494738586,6.5,7.862147515293324,549.6332198377713,0.5,0.1199314551116958
STN008,04/08/2024 23:30,10.053380570775316,6.879621707396868,4.625861188346812,494.9601247447923,1.0,0.598367602671345
STN008,04/08/2024 23:45,36.1141773207747,6.661636093460477,3.662775064249924,461.2169746927148,0.2,0.2921162100389609
STN008,05/08/2024 00:00,27.561917827437203,6.656355452750317,2.5278816560869037,435.60970358120704,2.0,0.2803393420984055
STN008,05/08/2024 00:15,38.21687981628317,6.5,7.452356978692922,528.2257611359057,1.0,0.2035319390153178
STN008,05/08/2024 00:30,40.29486122819056,6.8905364332614525,2.2303417019338734,486.0501266103103,0.0,0.2615903230734223
STN008,05/08/2024 00:45,20.125271074731163,6.77472243114763,1.328749299344056,440.5533338595544,2.0,0.3371349106335123
STN008,05/08/2024 01:00,4.28305790438772,6.8982970755704205,4.15661993560226,519.1313232020766,0.0,1.2122118557237378
STN008,05/08/2024 01:15,71.58168173420583,6.534803741950735,0.4222834199288811,386.6072334460403,2.0,0.5827331389980872
STN008,05/08/2024 01:30,28.402284457071005,6.918560496761698,7.956590066725492,598.1348511870328,0.5,0.1667718555499125
STN008,05/08/2024 01:45,27.69721902564373,6.7758929237647,3.9371686652190734,501.9999288709863,1.0,0.1455439643892628
STN008,05/08/2024 02:00,3.442794560007252,6.828996170764045,4.811219890588029,521.8004332105784,1.0,1.3079463709440105
STN008,05/08/2024 02:15,1.1582207851214776,6.90887649570289,6.030305774430461,533.592789090812,0.2,1.04264448788667
STN008,05/08/2024 02:30,23.09028839629605,6.5,3.74680963524644,498.0650956729265,0.5,0.1109218046497495
STN008,05/08/2024 02:45,40.21818230584283,6.963576779723897,6.308247923666469,502.4851889624813,0.5,0.4083274788853783
STN008,05/08/2024 03:00,0.366710475996983,6.921525908683776,4.75869658099531,546.5931944788776,0.5,1.3851568599161608
STN008,05/08/2024 03:15,21.49009787350639,6.936822451010887,7.561057891371425,554.2009325755308,0.2,0.4840654505887227
STN008,05/08/2024 03:30,38.48921850841026,6.5,0.3073518260090547,355.33600171378987,2.0,0.3633720765958322
STN008,05/08/2024 03:45,43.67972298390105,6.873060769280004,7.048762376543011,506.4360112239457,1.0,0.040101718433875
STN008,05/08/2024 04:00,34.158782462893925,7.000554960621783,6.192799425508328,491.0018925610561,0.2,0.4387518042615255
STN008,05/08/2024 04:15,36.61533679222534,7.521095084155308,2.057797501620243,435.6483230805446,1.0,0.4063425203472122
STN008,05/08/2024 04:30,11.895408845501422,7.3843149886399,2.663406884651101,456.4475937423553,0.5,1.1186632129536451
STN008,05/08/2024 04:45,30.3262706673681,7.075273005145143,0.3481521865733066,386.7025404823417,2.0,0.480838127372974
STN008,05/08/2024 05:00,86.58717072129197,6.880660658192204,2.526567534523295,472.0468097573692,0.5,1.3366165769368827
STN008,05/08/2024 05:15,3.329058511502603,7.293046388327689,3.0939116172325605,459.1112174937554,0.2,0.53394142626034
STN008,05/08/2024 05:30,13.7586984003414,6.5,5.06114238642371,509.0559490191797,0.0,0.3683280891328898
STN008,05/08/2024 05:45,52.45395778712896,7.150098219570962,2.275046562313378,434.3713937493345,2.0,0.8833332191046399
STN008,05/08/2024 06:00,29.189537269743376,6.543056663384225,3.47014074734517,470.2468784245722,0.5,0.2498066496717783
STN008,05/08/2024 06:15,27.321827008139167,6.767931841134469,2.142968717382085,456.9413486851659,0.2,0.4930032330254314
STN008,05/08/2024 06:30,0.2686457927299135,6.678547720251225,4.007306370590598,513.5962699853601,0.5,0.5565207927861393
STN008,05/08/2024 06:45,19.128599594744397,7.379992876305383,2.076096305549981,476.9469011186427,0.2,0.9867969346123728
STN008,05/08/2024 07:00,37.40163051595647,7.087627488099551,2.1157111968087867,420.52967235271416,0.2,0.0810576434553566
STN008,05/08/2024 07:15,24.97567267340483,7.411900853370634,2.242588394210441,442.4037076444898,1.0,0.1682591882206332
STN008,05/08/2024 07:30,21.08105196188687,6.987158279588165,7.7621159181261055,547.4941961215322,0.0,0.4567280611601702
STN008,05/08/2024 07:45,22.227772402250817,6.821237833434213,3.2484732695615937,454.3738192433785,0.5,0.0460076634209521
STN008,05/08/2024 08:00,41.71579842613724,6.5,4.418626466451055,463.1613036595517,0.5,0.2887073997836615
STN008,05/08/2024 08:15,99.66497989746028,7.441654488216638,6.203160913873947,513.4893980406882,0.5,1.2421476822357365
STN008,05/08/2024 08:30,6.650329890671269,7.369872788245008,4.711410075770797,457.5116173310304,0.5,1.0811600880179235
STN008,05/08/2024 08:45,43.12571188683512,7.200294825078851,2.8457842027327267,433.7417818882662,0.5,0.1832228943101321
STN008,05/08/2024 09:00,38.793533290239125,7.108996550753546,5.393844537827141,540.2263924119426,0.0,0.351192063464205
STN008,05/08/2024 09:15,38.74616299140356,6.771560046985956,7.860144747922563,588.8341999120948,0.5,0.3826459779386569
STN008,05/08/2024 09:30,0.2324301455139732,7.028200568169607,3.497621826015753,489.7386612008535,0.2,1.10869150432427
STN008,05/08/2024 09:45,23.853647703361776,7.201843174737278,7.873707116016572,546.385314286764,0.5,0.4454023527330192
STN008,05/08/2024 10:00,15.96034605196073,6.893874667125276,4.399668329752488,526.3096605396938,0.5,0.3323465118893837
STN008,05/08/2024 10:15,13.34970504056976,6.705279619391463,4.6102550909077245,449.8482330146345,1.0,0.4243115800567049
STN008,05/08/2024 10:30,24.387155967433564,7.074659454050562,6.774421075438532,541.0931648148396,1.0,0.1113605939583291
STN008,05/08/2024 10:45,12.867439073850552,6.972260501780041,3.215357743259993,452.3764309728285,0.5,0.4658398083552916
STN008,05/08/2024 11:00,25.0374662937785,6.657276627743058,5.131172689704853,469.6010256198716,0.2,0.2809003558841508
STN008,05/08/2024 11:15,25.50368996945792,7.028228229716032,7.884379210440354,559.7414005975471,0.5,0.3896161971439782
STN008,05/08/2024 11:30,0.124018707082536,7.4383374590308176,2.3495618861287846,479.5696248654209,2.0,1.246951802802002
STN008,05/08/2024 11:45,31.63681629549948,7.030916778690284,5.3919369516773,493.495447006988,0.2,0.3503405218874216
STN008,05/08/2024 12:00,34.5467880008148,6.975949564816038,4.901642656643755,485.9214417734185,0.0,0.2649890403173555
STN008,05/08/2024 12:15,24.986359627706832,6.586498160050241,3.733979037319097,524.7908505135182,0.2,0.2702165657879796
STN008,05/08/2024 12:30,31.45015108194104,6.8626698330614975,6.464707339536457,527.9440934993528,0.5,0.2461754015988884
STN008,05/08/2024 12:45,5.673020470197018,7.199305395385557,4.2439821431684805,493.83400183880735,0.5,1.159478421252128
STN008,05/08/2024 13:00,10.854508774931526,7.710226286455094,1.8724198584702167,437.132474241398,2.0,1.2680543422617108
STN008,05/08/2024 13:15,38.25673437016458,6.96982920522677,2.245386212235842,465.3424119695154,0.5,0.355385744191752
STN008,05/08/2024 13:30,26.96279581374933,6.750031320333732,2.099859795945377,501.82631908624137,0.2,0.2097852264946058
STN008,05/08/2024 13:45,16.082488225404788,6.8807797134698605,2.1352094299573143,458.419138313089,2.0,0.6980373945281362
STN008,05/08/2024 14:00,33.90610010499492,6.750182288571042,3.9568164536583392,521.0998786260689,0.2,0.4688018408732956
STN008,05/08/2024 14:15,5.1379374160424485,7.337711123701238,4.143658699661645,493.27901501733294,0.2,1.3282410056917828
STN008,05/08/2024 14:30,97.7735160876808,6.852612619709953,4.328236026016447,491.7985025847347,0.2,0.9715887173422229
STN008,05/08/2024 14:45,14.712350224605014,6.88553778378692,5.702631052473321,505.15497992642514,0.0,0.8786945191300102
STN008,05/08/2024 15:00,59.516982342993,7.19905587645908,7.316698428729733,547.9333360049264,1.0,0.8964287026110611
STN008,05/08/2024 15:15,40.27777592607298,7.001783803353764,6.070754746956155,545.8956555998085,0.5,0.2934175285359436
STN008,05/08/2024 15:30,17.31158204936583,7.119458100321874,2.106003632367554,469.2185510848042,1.0,1.0580597118655
STN008,05/08/2024 15:45,29.35431271283036,7.354447191102269,6.43602657798759,532.962546513324,1.0,0.0835830532445095
STN008,05/08/2024 16:00,36.45606061728064,7.405553101452458,4.9937682392753135,518.6185964780975,0.2,0.4932472039826652
STN008,05/08/2024 16:15,7.437896441249167,6.5,2.8109280012473272,501.3695562039551,0.5,0.6678627698940518
STN008,05/08/2024 16:30,30.250650035179632,6.769340585451096,3.6172774132467023,489.3539318830092,0.5,0.3904590922346802
STN008,05/08/2024 16:45,25.0372142044348,7.205232645225909,1.4429941705219278,437.5021921241437,2.0,0.4853661973453239
STN008,05/08/2024 17:00,36.72770099411271,6.5,7.317423038873692,507.25104798065325,0.0,0.3557062521868757
STN008,05/08/2024 17:15,40.670543496534,7.1850494531969895,5.793458079219547,511.2122951688044,0.5,0.1273409956826924
STN008,05/08/2024 17:30,25.374891443687936,6.89026933973513,2.0787666893114958,470.9912643264805,2.0,0.3645113883104231
STN008,05/08/2024 17:45,37.09956457450781,6.551113723945561,4.416819348482812,466.5726080850473,0.2,0.0299724121767707
STN008,05/08/2024 18:00,33.85885563901498,7.617874029027071,6.382769164083705,528.4601039927766,0.2,0.4071798240136373
STN008,05/08/2024 18:15,35.672580905660794,6.909644371466386,2.092810494777545,477.6686477598065,0.5,0.26525363874431
STN008,05/08/2024 18:30,37.57523468038218,7.197765831758455,3.2297004289688616,501.49337104243546,0.5,0.0820645634339594
STN008,05/08/2024 18:45,43.087093459345766,6.874255180233233,3.047300079990767,459.2993896828306,0.5,0.2650004350312125
STN008,05/08/2024 19:00,34.645242303771234,6.693244254535493,2.392882153128647,413.3690393362843,2.0,0.3801874234869067
STN008,05/08/2024 19:15,28.64595401179293,7.299422210522644,2.8816506957716097,408.88833124067406,0.5,0.4509873110346479
STN008,05/08/2024 19:30,50.32420697939037,6.650846639256655,6.752980919749974,538.6122922984283,0.5,0.3048574972078177
STN008,05/08/2024 19:45,42.0793958902191,6.778673308553554,6.879523113445991,543.0488192307732,0.2,0.4582789387714079
STN008,05/08/2024 20:00,22.2024388312092,7.019258606257793,5.632223041008898,552.840227744349,1.0,0.1160019016171755
STN008,05/08/2024 20:15,0.571640574534451,6.768283682855466,7.499013313778839,542.2759084905127,1.0,0.6643593849757059
STN008,05/08/2024 20:30,4.760828528209744,7.119003656736181,4.916460766667148,449.7200824876939,0.2,0.4694845344647738
STN008,05/08/2024 20:45,79.65142346025746,6.77989552721282,5.6681609774642645,495.9494757387045,0.5,0.7113715322359366
STN008,05/08/2024 21:00,35.698448589650184,6.583430208002103,3.0616615511999425,423.8167762699269,1.0,0.3516428239912582
STN008,05/08/2024 21:15,28.90827260115554,6.725129049287292,7.810024436827167,554.5563357401786,0.5,0.3537565682336344
STN008,05/08/2024 21:30,16.597593550300576,7.168672429548478,6.622346311546024,544.2972148737832,0.5,0.6701034738897582
STN008,05/08/2024 21:45,33.4959184047985,6.592113996271943,6.072785089926301,543.0076006954519,0.5,0.0208143637035027
STN008,05/08/2024 22:00,22.863667976905106,6.919282362998194,3.5588277003412183,442.3608969192552,0.2,0.4874589359118301
STN008,05/08/2024 22:15,1.1681802875178704,6.863222210649765,4.334141988104729,486.8754438433686,0.5,0.5984288615041518
STN008,05/08/2024 22:30,37.87825782952633,6.823455169893279,0.674547750212832,455.6250154937544,2.0,0.402220544844962
STN008,05/08/2024 22:45,6.784833218700492,6.631917693141774,4.529824901102299,528.6778053479323,0.5,1.4336122027601423
STN008,05/08/2024 23:00,33.262519346082414,7.492435140478588,2.3621827197468384,446.4411881636786,0.5,0.0211183155344611
STN008,05/08/2024 23:15,39.08012249033785,7.077598091020159,2.1189578478690345,475.0193629815043,0.2,0.0535091803152832
STN008,05/08/2024 23:30,30.582413650946613,7.251671800311841,2.3005393283346187,466.5708880640661,0.2,0.166342417106129
STN008,05/08/2024 23:45,44.21207768948363,6.746433486642919,4.2769474792442175,506.73069027087456,0.0,0.164397523857156
STN008,06/08/2024 00:00,31.07517730964827,6.5,3.962213736117574,469.78779306576433,0.0,0.022589930622849
STN008,06/08/2024 00:15,8.88766122246196,6.739146534152257,3.267849338872665,464.8401629541507,0.5,0.3074928498363008
STN008,06/08/2024 00:30,20.942831351934984,6.810930411497428,4.873398023728062,461.72705998557655,0.5,0.3760201641765536
STN008,06/08/2024 00:45,6.605240633014153,6.63121777733649,5.74945770093799,522.800110429245,0.2,0.9899114856622356
STN008,06/08/2024 01:00,20.5740611047825,6.980219631970302,1.0498325771956063,410.6987129119445,2.0,0.0754183609508878
STN008,06/08/2024 01:15,37.99771691211435,7.049898398397315,3.335303888961332,479.7217210617054,0.5,0.3589103158218947
STN008,06/08/2024 01:30,19.24707744898778,6.723332100570623,4.974040370909368,528.9812194420537,1.0,1.3282416413864742
STN008,06/08/2024 01:45,25.852426304694177,6.748521870048335,4.418746008079626,463.4511341301712,0.2,0.3982833907838464
STN008,06/08/2024 02:00,30.869013612114948,7.140640625748352,4.250515172319524,446.73354898913647,0.2,0.3811518210386323
STN008,06/08/2024 02:15,26.626808682809223,6.81649912709786,2.998983462180656,430.2817200261532,0.5,0.0998908109655291
STN008,06/08/2024 02:30,38.435826497991,7.066655917089514,5.480147130742553,495.8918003126584,0.0,0.1344485862907771
STN008,06/08/2024 02:45,30.634724039772536,6.5,4.479250162823442,479.6799706964056,0.0,0.0448000150650841
STN008,06/08/2024 03:00,35.837957893557785,7.091698197901476,2.0793102995540087,432.8493036620235,0.2,0.281298173314696
STN008,06/08/2024 03:15,33.31515780301242,6.59657063358308,3.9175779315595376,415.7903793219437,0.2,0.2381612259911018
STN008,06/08/2024 03:30,32.11802790508732,7.243249891071348,5.589127513093801,518.0674967865729,0.5,0.4037804058695257
STN008,06/08/2024 03:45,11.44087490538572,6.901476070410914,4.792673588879532,449.24998783243205,1.0,1.1562909641110208
STN008,06/08/2024 04:00,36.54828103074423,6.574817597782427,2.6247193569596923,457.1855293309168,0.5,0.2505609223712759
STN008,06/08/2024 04:15,21.927168369910422,6.872595752575303,7.356267436874314,550.7829134962464,0.2,0.0523057248031798
STN008,06/08/2024 04:30,41.9214406821062,7.081565807648567,2.619838596110802,470.3379011840378,2.0,0.2961268685224437
STN008,06/08/2024 04:45,35.682106823225936,7.253327843024338,2.790500363713109,457.6792955900335,0.2,0.1685232628096338
STN008,06/08/2024 05:00,26.543101474495312,6.999086077762351,7.379078997909142,517.6157521245176,1.0,0.0450161005222682
STN008,06/08/2024 05:15,40.00306669175583,6.889246926340489,1.6439541545148713,469.20583353527854,2.0,0.0416753131017467
STN008,06/08/2024 05:30,10.691064067682184,7.059007077473819,3.906700180961125,460.286197774785,0.2,1.2322065410290444
STN008,06/08/2024 05:45,28.65887837653568,7.159863339928107,3.4200275690486848,449.73527149615234,0.0,0.3306514891502807
STN008,06/08/2024 06:00,34.005728940830124,6.976892770932984,0.2567948563315309,397.568111538863,2.0,0.0684483266183297
STN008,06/08/2024 06:15,22.3308554717946,6.744974396725674,4.226416437805302,499.1455679969088,0.2,0.3763715629759248
STN008,06/08/2024 06:30,39.62737653133731,6.655106159300543,5.7567356246494406,527.898041937944,0.2,0.0167976944563812
STN008,06/08/2024 06:45,31.09812553416004,7.288008651083697,5.285610610655638,483.1396417609527,0.5,0.2081989292907427
STN008,06/08/2024 07:00,36.78159216921066,6.567217001286642,2.1871265128245243,495.4819420634356,0.2,0.44525665420506
STN008,06/08/2024 07:15,43.45231210616337,6.8505920157693385,0.3579583880681422,366.0742670183543,2.0,0.2916785779520736
STN008,06/08/2024 07:30,23.95890251420525,6.5,6.02630010059204,500.2780482813418,0.0,0.2998218112479736
STN008,06/08/2024 07:45,43.49387417435942,7.2640193517296305,3.0660815879970675,463.2660922806972,0.5,0.2931957026036746
STN008,06/08/2024 08:00,70.25320167889126,6.73411855615357,4.332849598398835,468.6649187689731,0.5,0.6728316649117578
STN008,06/08/2024 08:15,14.08666429183954,6.5,4.465014759078652,439.1198259161681,0.5,0.3439786792610621
STN008,06/08/2024 08:30,28.48580305407778,6.92087988327688,7.306105287040287,614.9490686727809,0.5,0.121477880872116
STN008,06/08/2024 08:45,39.549769681367536,6.739541288158534,1.08315913495432,445.7626482287795,2.0,0.3641386300941778
STN008,06/08/2024 09:00,11.25959734533099,6.76300247479537,1.3173096981996657,420.9142920329372,2.0,1.0755917479722668
STN008,06/08/2024 09:15,0.3315656310827175,7.054439775587162,7.935304346422972,542.7614896402399,0.5,0.4877929339688479
STN008,06/08/2024 09:30,60.95669553732422,6.760558743819599,5.5246782228469,486.9076631375367,0.5,1.171281658348483
STN008,06/08/2024 09:45,31.82625039898085,7.043770472230059,6.983033226312593,489.8538056713113,0.0,0.4346639986995899
STN008,06/08/2024 10:00,3.6537522929560207,6.529207310155296,3.951851992334009,436.6469848250994,0.5,0.4058273619025239
STN008,06/08/2024 10:15,14.878506643356175,6.646568009502747,2.957408057981485,495.3476185522799,0.2,0.4048476517065923
STN008,06/08/2024 10:30,31.14778035478073,7.167406390892921,4.784341222488549,477.68819373462304,1.0,0.4134191135715616
STN008,06/08/2024 10:45,3.348400997948462,6.521832861437897,2.2093944902420963,455.8188837372844,0.2,1.3272675396251787
STN008,06/08/2024 11:00,35.657979370130604,6.946856752260948,2.1597329318975,418.9863639252705,1.0,0.329753213009072
STN008,06/08/2024 11:15,94.68864428174167,6.545920519483031,4.263756955179089,414.92428320195927,0.5,0.3964891687856297
STN008,06/08/2024 11:30,21.01367261494213,6.855755215339426,2.514136731755217,455.5241909857767,2.0,0.2211743101705318
STN008,06/08/2024 11:45,26.23429755529968,6.98400080181655,3.0325298174020343,441.9247293597263,0.5,0.0830410281939856
STN008,06/08/2024 12:00,3.9710428041621504,7.004108495211298,1.9346713410967509,426.1504141037972,2.0,1.0152779215869816
STN008,06/08/2024 12:15,29.38052946844906,7.084893177219239,3.696551974748675,463.797581575002,1.0,0.0631245706864147
STN008,06/08/2024 12:30,24.472619870591007,7.172640691639162,1.2352514009603095,446.104054860758,2.0,0.3500780691829458
STN008,06/08/2024 12:45,40.42383956911504,6.666614388724042,5.825841904123739,500.3922118879101,1.0,0.2130221998735255
STN008,06/08/2024 13:00,24.86225147287112,6.559104648923271,5.995893535764305,508.4828379437466,1.0,0.2149938948786505
STN008,06/08/2024 13:15,56.87998696323135,7.324982778234752,6.1976546247060185,549.950216356224,0.2,0.5911774782893282
STN008,06/08/2024 13:30,27.47314593913477,6.807473520001909,3.023935264650989,501.2856736105793,0.5,0.1962150500985418
STN008,06/08/2024 13:45,25.866439190139214,7.367298807835215,5.93353942411303,559.6149717504916,0.2,0.0878197688870344
STN008,06/08/2024 14:00,26.65837378432692,6.5,7.520866313210656,502.1179432471453,0.0,0.2328409135406383
STN008,06/08/2024 14:15,36.94948163865271,6.756001087596945,7.309328205623178,587.0298762766892,1.0,0.1370414458807362
STN008,06/08/2024 14:30,38.11674664109489,6.725030923699896,5.859978232120522,530.4415927806664,0.2,0.1058770139239951
STN008,06/08/2024 14:45,42.23460387108392,6.959393748267575,3.380823983143721,405.7894067634621,0.5,0.4626853163053868
STN008,06/08/2024 15:00,31.522242917507693,6.5,7.331202974883228,571.108600394564,0.2,0.4546615599039352
STN008,06/08/2024 15:15,1.499634887813999,7.033721746925197,3.839564188682604,434.85244689847656,0.2,0.6938116427382345
STN008,06/08/2024 15:30,32.166875969660936,6.674616889379484,5.33857387801801,537.2816933106615,0.0,0.1029802579944803
STN008,06/08/2024 15:45,37.85386243034509,7.063285484407347,5.862889803158289,450.59844121382537,0.5,0.2233071839307266
STN008,06/08/2024 16:00,43.01845511588937,7.125663267992403,4.821595832705975,535.569382841634,0.0,0.0851816829940571
STN008,06/08/2024 16:15,87.1882970525699,6.936082451594241,4.304401125728258,457.08019037257134,0.5,0.8500299308911596
STN008,06/08/2024 16:30,39.33633617782927,6.5,4.560457066956685,523.186556346899,0.0,0.3409609586815479
STN008,06/08/2024 16:45,97.10817421992373,6.542684174117966,0.3663898879317874,410.6369942410982,2.0,0.5590542439726172
STN008,06/08/2024 17:00,25.417550887246435,6.935186578308211,0.4124236718602955,455.73605120946144,2.0,0.3714814009685578
STN008,06/08/2024 17:15,56.36618793761146,6.936151255658124,6.030249091963769,519.4747582135263,0.5,1.0013421895119916
STN008,06/08/2024 17:30,22.849637615237917,6.847161017044688,3.3548035663950766,454.7609385761414,0.2,0.3721817263693087
STN008,06/08/2024 17:45,32.054536271046544,7.1183338087802746,4.420598630703937,480.8947129112079,0.2,0.0110458776920948
STN008,06/08/2024 18:00,32.34132971724858,6.590903727208946,2.42398823721984,453.1348654335163,2.0,0.1505864909563923
STN008,06/08/2024 18:15,44.65960240430773,7.384484939382077,5.890747111297838,544.8821317215787,0.5,0.2260561481579107
STN008,06/08/2024 18:30,30.229251841325382,7.07485155183707,5.344506954269121,454.9573019639846,1.0,0.4192580110930869
STN008,06/08/2024 18:45,29.362844799382916,7.1003548912345655,0.3181810885868683,377.83817024500337,2.0,0.4801792764639147
STN008,06/08/2024 19:00,35.58960457536076,7.496919976109383,1.5809339919189065,430.30602457113486,2.0,0.4234742200579088
STN008,06/08/2024 19:15,25.117842696243365,7.388309572546201,1.526466493890987,390.7220430867203,2.0,0.0903711207147407
STN008,06/08/2024 19:30,42.23533244009825,6.958256224674581,6.243693148650911,561.0352765599155,1.0,0.0526636387741441
STN008,06/08/2024 19:45,33.39691607379907,7.123632019936505,1.2457544042138684,410.4165117948876,2.0,0.4809501909268718
STN008,06/08/2024 20:00,26.50951369721397,6.631934760554143,2.200434542830357,451.9212145510785,2.0,0.2811284982798803
STN008,06/08/2024 20:15,22.96049458766348,6.78901311697583,6.718001209099965,535.5990566851323,0.5,0.2824941909431775
STN008,06/08/2024 20:30,37.04438207535806,7.120505517608769,2.874373048287206,408.2025190586969,2.0,0.3795074927109934
STN008,06/08/2024 20:45,50.45982806084564,6.858254665954537,7.597759120451531,574.0634428304588,1.0,1.2572977539911876
STN008,06/08/2024 21:00,43.51158555749278,6.913908075871079,3.988212514578132,484.0806198749854,0.5,0.4700976426400723
STN008,06/08/2024 21:15,15.95680988951273,6.689038179394165,5.4720505447091465,483.58205366368406,0.5,0.5672892525938595
STN008,06/08/2024 21:30,31.687270220738945,6.733436676419589,5.781921681561127,542.6257031491419,1.0,0.2451264307676411
STN008,06/08/2024 21:45,42.37430380811549,7.1701537596890494,6.728891012945671,468.1150562041781,0.5,0.4699925385022461
STN008,06/08/2024 22:00,24.007038745159345,7.131946791751148,1.5363751159358792,447.3264919225705,2.0,0.099965359355486
STN008,06/08/2024 22:15,54.843042002867705,6.995563674915704,6.665350889741678,498.416946483588,0.2,0.6132954971496767
STN008,06/08/2024 22:30,39.150562023045374,7.080572033360551,2.134148716230892,446.1404031171535,2.0,0.1473293769579635
STN008,06/08/2024 22:45,9.565345723941816,6.62440259917255,3.354424909554157,475.4642165292721,0.5,1.1286078399369772
STN008,06/08/2024 23:00,23.244214328430484,6.843202561652127,2.2682944812388324,425.3306021674451,0.2,0.2184002555742074
STN008,06/08/2024 23:15,38.84325423792354,6.734315239634653,1.1782174066162627,425.1772403342896,2.0,0.0616348091542421
STN008,06/08/2024 23:30,13.679163750239464,6.981518187669014,7.079686291159689,564.454936290021,0.2,0.4225796982614086
STN008,06/08/2024 23:45,22.859719679782916,6.921112204085286,0.2375147167438752,426.15304516574014,2.0,0.3800545544308408
STN008,07/08/2024 00:00,34.67225126782023,6.687758818029582,6.445074554678633,518.7621948256229,0.2,0.0375210145894404
STN008,07/08/2024 00:15,11.16110200657226,6.98666313515308,1.8596111395387431,433.4094442596516,2.0,1.0237466561991635
STN008,07/08/2024 00:30,30.63770343980925,7.0032534954698855,2.735271753863787,480.136853225566,0.2,0.1612763412318544
STN008,07/08/2024 00:45,9.292910251426123,7.360176775712243,7.469593855257052,592.0870520345497,0.0,0.4744613606660495
STN008,07/08/2024 01:00,25.46176471973857,7.291423062156633,2.199928573180541,387.62091747860114,2.0,0.4625017934614472
STN008,07/08/2024 01:15,26.718193886431752,7.056411788322139,4.040274269979567,490.6706096150692,0.2,0.4999305344948205
STN008,07/08/2024 01:30,37.65947945148464,6.6321241868149,1.274231389146975,381.876905405594,2.0,0.3623905225855918
STN008,07/08/2024 01:45,26.39325801112319,6.711657224869647,2.009952067861963,455.3637006156554,2.0,0.3639155651965893
STN008,07/08/2024 02:00,70.55485843395007,6.924935724798997,2.671065152311556,421.24348992651767,0.0,1.1646630404394631
STN008,07/08/2024 02:15,39.46046209157095,6.616811586445683,6.264765195694186,559.781531369191,0.5,0.2534316473258239
STN008,07/08/2024 02:30,34.51126289073574,6.914277939961106,7.320939446673096,585.620009480498,0.0,0.4895310571735598
STN008,07/08/2024 02:45,39.20715573280504,7.487354163462193,4.113396619237747,468.6431731180302,0.5,0.2132261877868936
STN008,07/08/2024 03:00,30.06160644790357,7.015727857030544,3.0116433508514184,427.7148330581442,0.5,0.1887748171417144
STN008,07/08/2024 03:15,10.7646492950825,6.685032135302387,4.235239214935604,503.6798409056746,0.5,1.1572457372023397
STN008,07/08/2024 03:30,0.6125335845415281,6.5,0.2531220809783929,356.304096219588,2.0,1.3678222445423096
STN008,07/08/2024 03:45,3.616376743761576,7.2783787045507475,2.0923346880755225,480.9490447129755,0.2,0.786191289629081
STN008,07/08/2024 04:00,38.70395820783145,6.900619298026689,7.731853278683287,531.2421796788523,0.5,0.4780148367113032
STN008,07/08/2024 04:15,41.57247448387062,6.910885218708491,7.135874180169906,543.3278088408871,0.5,0.3588132645123209
STN008,07/08/2024 04:30,37.95164340314258,6.702753575738057,3.996220670226485,455.50559110282416,0.2,0.4537318802946979
STN008,07/08/2024 04:45,32.00731057141051,6.507328062228057,4.529054262616179,496.8826079162386,1.0,0.1204461069565344
STN008,07/08/2024 05:00,50.8887928344751,7.23789053005112,3.845561546220326,466.7640635462332,0.5,0.8021756817898413
STN008,07/08/2024 05:15,30.605298700211183,7.110030173384236,1.510238407041688,397.5813488840933,2.0,0.1918397876591333
STN008,07/08/2024 05:30,20.8486924901785,6.861279401389957,2.435178491582617,478.2938580439754,1.0,0.2483123366624804
STN008,07/08/2024 05:45,16.185191333865042,7.494540292983216,6.344178465165277,490.46136205320346,0.5,1.0230553745432174
STN008,07/08/2024 06:00,7.240901955575265,6.783486878421285,4.637593201117602,481.3430733379672,1.0,1.3971480620244372
STN008,07/08/2024 06:15,30.318126430245883,6.750310360889225,2.304728206410604,406.9982059076677,2.0,0.3572772932630428
STN008,07/08/2024 06:30,29.074377858179357,6.57685068233209,0.7287380608179883,404.17329181494193,2.0,0.4704005131837708
STN008,07/08/2024 06:45,44.354292227429056,6.68038397118585,5.411555100231468,479.4409912527046,0.2,0.4515999134907231
STN008,07/08/2024 07:00,39.16282054028406,6.5,5.00631341870972,509.9031808426365,0.5,0.1320498472914666
STN008,07/08/2024 07:15,1.248094789292018,7.062918004047362,6.914744430450512,493.9900469714413,0.5,1.4541692286136565
STN008,07/08/2024 07:30,23.479605192250094,6.6007593074966495,7.872972811431735,553.3828452688285,0.5,0.29328022356529
STN008,07/08/2024 07:45,16.69674242499049,7.40082781801086,5.198045982451887,537.8761910900885,0.5,0.7485685765279373
STN008,07/08/2024 08:00,34.686951045527856,6.555603824530457,5.0255383879733095,542.9771986975076,1.0,0.3830450484722281
STN008,07/08/2024 08:15,31.360945569841636,7.030744492891483,3.655697843724245,486.280494215569,0.0,0.1398753344247997
STN008,07/08/2024 08:30,67.92284919177598,6.639684576113695,5.749532863103717,474.2733818262621,0.2,0.66734639209847
STN008,07/08/2024 08:45,39.28224641891768,7.016064164703278,5.455931685026213,482.0291503661597,0.2,0.1844216317420995
STN008,07/08/2024 09:00,28.75560284085245,6.511924559484652,4.092179528961243,489.1396135952553,0.2,0.4801656412349436
STN008,07/08/2024 09:15,83.00936754543531,7.39196992731376,6.92795653328974,532.0521119908543,0.2,1.2242123845661186
STN008,07/08/2024 09:30,0.8431448724859214,7.174746364217127,4.688802591113138,549.4357060081802,1.0,0.9369827228667376
STN008,07/08/2024 09:45,81.70200549687821,7.273602557872918,0.4984439239209159,461.89191215324286,2.0,0.5284112684825688
STN008,07/08/2024 10:00,39.21116638657274,6.81709195641249,2.599331965550588,462.18504413546265,0.5,0.0210947729131449
STN008,07/08/2024 10:15,15.217293719774654,6.699502127078908,4.114187697966328,453.85592509191326,0.5,1.3533826632545154
STN008,07/08/2024 10:30,37.8923961450995,6.994756840886504,1.7134656532481112,416.0106613128565,2.0,0.3493467337337445
STN008,07/08/2024 10:45,24.06944236169336,6.525352689292116,3.411063491750158,409.8927878023024,0.0,0.0005009599716274
STN008,07/08/2024 11:00,36.39365649827381,6.520813752283803,3.079270550877784,384.0829844286109,0.0,0.3953519100679331
STN008,07/08/2024 11:15,27.66459885279744,6.618341897262358,6.582254939527787,579.1417931171013,0.5,0.2933305119841191
STN008,07/08/2024 11:30,37.95131194614584,6.5,6.182695174795833,523.8334624725248,0.5,0.2072488467256962
STN008,07/08/2024 11:45,13.41247786558333,6.5,4.544587478996259,504.2654128992999,1.0,1.012492720334793
STN008,07/08/2024 12:00,14.980642504612478,7.251496464106562,2.6033404991518263,422.0654083134363,2.0,1.0583008550190598
STN008,07/08/2024 12:15,2.612025548190313,6.648379906427387,5.875601455934751,485.44992655588817,0.5,0.5095388681934983
STN008,07/08/2024 12:30,44.99987074677585,6.814443043298631,4.191128675259297,522.9855941847685,0.5,0.3800293081442556
STN008,07/08/2024 12:45,31.144228408870617,6.827491330547828,6.782840134214836,557.9493453914229,0.2,0.0488149200951217
STN008,07/08/2024 13:00,39.522367860979664,7.08305709995105,4.006466239365779,505.25232838137146,0.5,0.222018553119185
STN008,07/08/2024 13:15,29.422283409243867,6.5,2.646479825362736,485.4780221574501,2.0,0.3695980885141211
STN008,07/08/2024 13:30,24.95509074672443,6.832505631027134,2.638133398729809,447.7889814959661,0.5,0.1378429801407888
STN008,07/08/2024 13:45,63.14048042328172,6.5,3.918473886704409,522.5624661719395,0.2,0.5237338220440204
STN008,07/08/2024 14:00,70.30163090059688,7.554450811582871,7.357652804025173,546.5386018743617,0.5,1.0426536765186705
STN008,07/08/2024 14:15,42.9610425168906,6.649332741876064,5.257930952838637,486.3026048153343,0.5,0.1358320740122066
STN008,07/08/2024 14:30,6.896348110005899,7.40461127834923,3.949512293570179,521.5013171835251,0.5,0.8069983347852054
STN008,07/08/2024 14:45,41.40252705784991,6.547741900221656,7.762121216843528,534.6694085896992,0.5,0.2105824382349511
STN008,07/08/2024 15:00,42.54125751428533,6.619497730863856,2.453144394330767,449.2159588589788,1.0,0.0075250257810242
STN008,07/08/2024 15:15,22.498907045544104,6.952896141835757,5.405877529860983,522.3838803744035,0.5,0.3844339270284557
STN008,07/08/2024 15:30,37.67358497597733,6.965995284207797,3.833046001195172,502.3610263900269,1.0,0.0530510271246565
STN008,07/08/2024 15:45,23.06670650925724,6.5,2.67304097863086,473.9577538906616,2.0,0.2489672825240373
STN008,07/08/2024 16:00,10.87223741862777,6.949286321099514,1.3964698449439452,400.3880011943041,2.0,0.5322560122357458
STN008,07/08/2024 16:15,38.73043431578032,6.869477593261415,6.583566219646482,515.4633119277324,0.2,0.4254307769370634
STN008,07/08/2024 16:30,27.089953411764142,6.607663130742448,6.134992650128408,520.0137567563596,1.0,0.3774873330846717
STN008,07/08/2024 16:45,81.84021209795432,6.6714051639961705,2.5552504265082314,463.59096114967934,1.0,1.1902383116370363
STN008,07/08/2024 17:00,3.7565634572636775,7.375764331430501,4.3780188147257855,463.4153033318291,0.2,0.7907345409549266
STN008,07/08/2024 17:15,2.738544427665333,6.506952000379445,0.3219440485426318,394.8575739452538,2.0,0.6786762909343785
STN008,07/08/2024 17:30,30.59152095973773,6.913507214360436,5.754196625280168,547.7066370589873,0.2,0.2485790732216961
STN008,07/08/2024 17:45,34.99428469023377,6.852270508360353,5.608879884645939,509.7893531595775,1.0,0.3779949718241283
STN008,07/08/2024 18:00,23.03084612383629,6.825541701327663,4.183180719774006,449.96737881243854,0.2,0.1533408405030358
STN008,07/08/2024 18:15,19.149098588634075,7.056924109904981,7.723861731138448,612.8073403327412,1.0,0.8488493384475824
STN008,07/08/2024 18:30,92.51346981876478,6.5,6.8628479137083644,571.6738542472286,0.2,0.4502403513337056
STN008,07/08/2024 18:45,2.31751852026977,6.8760003530929925,5.744988414106318,518.238507263002,0.5,1.1796661991276742
STN008,07/08/2024 19:00,40.98839172968231,6.9169183924973785,6.876288019364537,538.0539710640255,0.2,0.4954952035166294
STN008,07/08/2024 19:15,26.473499133663925,6.5,7.223658890079891,544.8305123736468,0.2,0.1767463185792808
STN008,07/08/2024 19:30,44.17463261197637,7.396991074309854,1.754149746513702,473.13799414390417,2.0,0.4887874089322615
STN008,07/08/2024 19:45,44.11577013566768,6.603612361527436,2.668550856466468,448.3566646842596,0.2,0.3976262006366096
STN008,07/08/2024 20:00,15.448644898117475,6.840133737532697,5.139865174319261,475.6369856541024,0.5,1.4010415438530868
STN008,07/08/2024 20:15,30.92005807025952,6.564812750301928,2.404372111502276,447.3909836963517,1.0,0.3074486641095492
STN008,07/08/2024 20:30,35.611786171031625,7.291294234653121,4.946901542708139,472.4919334989266,0.0,0.4305767065058067
STN008,07/08/2024 20:45,38.69957331272741,7.294718740879427,2.852723145259473,407.00602998286826,0.2,0.120019623505707
STN008,07/08/2024 21:00,32.971037518058296,6.918578197192033,4.718714018313012,517.3894769663252,0.2,0.4453297702501964
STN008,07/08/2024 21:15,20.5813835147735,7.062219800381722,4.16566808713438,554.6763329294647,1.0,0.2255775492783971
STN008,07/08/2024 21:30,31.89960777521103,6.987366579516452,1.2461180623713657,383.3943139717087,2.0,0.285779566619259
STN008,07/08/2024 21:45,38.14156333671889,6.631440225154856,1.4184559986821814,435.8052161179478,2.0,0.4946192504088098
STN008,07/08/2024 22:00,35.823896574284845,6.933009062508019,2.2769410636113685,506.89002390033227,2.0,0.1638608136756597
STN008,07/08/2024 22:15,31.963516335409984,6.5,4.357160211125275,542.4236990071929,0.5,0.4080718436020745
STN008,07/08/2024 22:30,35.34912172727122,7.024011203063938,0.4923271981137678,403.80018381139655,2.0,0.0821681349210439
STN008,07/08/2024 22:45,0.7245307656058264,7.273881494966709,7.778079524464168,547.3686614978551,0.5,0.7839925630149782
STN008,07/08/2024 23:00,38.60681429210212,6.504768829658068,7.231873787361638,510.37327404484137,0.5,0.0515153213384704
STN008,07/08/2024 23:15,63.24726071064501,6.991505829488798,5.171850708297346,521.4723888531262,0.5,0.822198800553829
STN008,07/08/2024 23:30,6.095407822684464,6.513966936061446,6.159896459029742,483.8531316241616,0.0,0.6249777136540491
STN008,07/08/2024 23:45,35.421719631347145,6.5,2.041939983216205,441.9329295276976,2.0,0.3191628747397339
STN008,08/08/2024 00:00,20.4310375964237,7.033411865299071,4.210114051247466,500.9829762134156,0.0,0.1327790980614008
STN009,01/08/2024 00:00,37.812724438212925,7.453770058913716,2.124698986642147,478.606006942184,2.0,0.1570630467685061
STN009,01/08/2024 00:15,14.972842886320992,7.110760148317183,2.125563544368783,502.3935524595197,2.0,0.5055447430594825
STN009,01/08/2024 00:30,38.6283054931812,6.707483765890315,3.6111884772183,430.6916488103364,0.5,0.0624409502877555
STN009,01/08/2024 00:45,33.47568091135592,6.5,4.327828471813352,481.2016268519399,0.0,0.1621447967107619
STN009,01/08/2024 01:00,28.80527789595935,7.323676985499029,4.417717729658579,460.96480427424194,0.2,0.0187799155193574
STN009,01/08/2024 01:15,27.901496584842032,6.86595856309526,6.92812967243548,526.0159597160045,1.0,0.370068571464796
STN009,01/08/2024 01:30,30.31961042405681,7.017299590788942,6.197630889319988,524.2317738649402,1.0,0.4968791925068827
STN009,01/08/2024 01:45,6.75197080235179,6.633725967332851,4.663557137125788,527.6465161170186,0.2,0.4876708183715709
STN009,01/08/2024 02:00,14.23643823433871,6.998675045846323,4.378414647373603,489.54430864064136,0.5,0.4394815190886766
STN009,01/08/2024 02:15,39.05663763223456,6.913077751236845,1.157379844324242,495.3296118873533,2.0,0.4534079317241439
STN009,01/08/2024 02:30,36.81445521702474,6.877930015741115,4.52405332201697,481.4052035638924,0.5,0.4969170834805014
STN009,01/08/2024 02:45,11.189182445086058,7.34663320011261,2.5428158920036097,485.1162416190769,1.0,0.6429836242370606
STN009,01/08/2024 03:00,39.347530839914654,6.9008959822158085,6.827273047219256,528.054283554952,0.2,0.1268904823424698
STN009,01/08/2024 03:15,34.8618582552873,6.7687498278908,6.488376681357237,491.6314388460024,1.0,0.3843323095158544
STN009,01/08/2024 03:30,22.40063653515803,6.756709669446102,3.2052048513624416,452.5996038096189,0.5,0.3336732773373169
STN009,01/08/2024 03:45,44.22966206357506,6.906005319074469,7.580193733629435,543.5700237948715,0.5,0.03472613716971
STN009,01/08/2024 04:00,20.86220927933037,7.14209188212441,3.5915555633511858,498.0001950488885,0.5,0.4100648648929867
STN009,01/08/2024 04:15,10.532956704457511,6.8979836782999575,6.831802747358172,514.6221963595924,0.5,1.0504959383674488
STN009,01/08/2024 04:30,9.60080683830966,7.465709801523468,6.4555642251018615,510.81802459326457,0.5,0.48177273846
STN009,01/08/2024 04:45,23.145343631007503,7.08720194886294,2.379524951922162,465.6326790509799,0.2,0.4457343714377779
STN009,01/08/2024 05:00,41.52104888396792,7.260904982299903,2.0862176894769693,444.9663120124737,2.0,0.1504906233683098
STN009,01/08/2024 05:15,33.735224668920004,7.31090017343295,0.8260932970945221,434.6961058643137,2.0,0.4398836792938723
STN009,01/08/2024 05:30,42.38190380014807,6.583893175707661,4.814380980533729,461.42632655109736,0.5,0.1042571172952724
STN009,01/08/2024 05:45,8.109843044591587,7.121785339781844,2.149411854531479,462.4334475493228,0.0,0.9887736809904466
STN009,01/08/2024 06:00,7.252500465598404,7.236810942851064,2.8007879691550355,512.8713207151902,0.2,0.4704205447759879
STN009,01/08/2024 06:15,41.77069576108431,7.0044928806786775,0.2789546372891993,402.2123861653442,2.0,0.4791162998101827
STN009,01/08/2024 06:30,39.56449675000236,6.5,2.3025795846911232,419.611263098399,2.0,0.1425626453680493
STN009,01/08/2024 06:45,33.2408469780609,6.8555707871743445,2.172316569863706,449.3330048027996,0.2,0.2858355931320624
STN009,01/08/2024 07:00,39.14269987198556,7.036817950285363,4.009653424344261,431.6101977834393,1.0,0.4005110903197979
STN009,01/08/2024 07:15,38.70467506891056,6.529355904187448,4.860728862453959,491.9625988456328,1.0,0.0058854246905177
STN009,01/08/2024 07:30,23.179873932763023,7.208720442514958,5.598876479330511,561.2010842248866,0.5,0.3833293415261939
STN009,01/08/2024 07:45,27.415689090349257,6.800091992968523,7.796789436577706,558.0898509284006,0.5,0.2160803466790541
STN009,01/08/2024 08:00,41.44534065841259,6.927003274365522,7.577567052542218,560.1462737065322,1.0,0.4102305138934487
STN009,01/08/2024 08:15,40.65277666538003,7.428850513156273,3.7065237758703136,435.6213743662255,0.2,0.1430964251721619
STN009,01/08/2024 08:30,32.63347151414017,6.922281861600827,6.521163703378973,495.4993386774027,0.2,0.0327862540990733
STN009,01/08/2024 08:45,24.565074933914477,7.107558959760587,5.723303283304395,523.8449840183974,0.0,0.3861655057757693
STN009,01/08/2024 09:00,39.00864778864545,6.527174807846364,1.3232972120277935,382.024808688516,2.0,0.0045054680379352
STN009,01/08/2024 09:15,41.292344355507694,7.333308242458921,7.25180377085865,544.4868689571197,0.5,0.4328412675886578
STN009,01/08/2024 09:30,40.49200187025711,7.140859998038582,3.84390422924168,436.7194905489923,0.5,0.4496101105105684
STN009,01/08/2024 09:45,69.17986467859492,7.479671516244528,3.014678581987999,478.7673334932288,1.0,0.7978699242172511
STN009,01/08/2024 10:00,36.019477623140304,7.081859913356748,0.2722924369773,424.3870712753268,2.0,0.1047694400811989
STN009,01/08/2024 10:15,28.240439930482367,7.098861538544177,3.771997215207249,432.8352280101431,0.2,0.2980086396027398
STN009,01/08/2024 10:30,39.95022996727505,6.723332651608721,6.005611758797258,499.0342296119192,0.2,0.1919819054044557
STN009,01/08/2024 10:45,2.0690662962348694,7.521603315067993,4.070088963352696,456.0389788244741,0.2,0.9215337684477748
STN009,01/08/2024 11:00,34.00746272442004,6.625191947358799,2.657805854443474,440.4435005434687,2.0,0.3879687093423831
STN009,01/08/2024 11:15,40.20997163076861,6.56354847589493,3.7916317823088734,455.16057962096914,0.5,0.0800390245986738
STN009,01/08/2024 11:30,6.4693376236897375,7.125390417589548,3.8092741636086025,442.2319427529951,1.0,1.2412787928441105
STN009,01/08/2024 11:45,20.72712246252365,6.841752413825522,2.400207145900318,481.775330471786,0.2,0.2336706452186088
STN009,01/08/2024 12:00,43.22687619909989,6.5,2.4322100828058786,482.05470285934297,0.5,0.1568395829313935
STN009,01/08/2024 12:15,28.494472192031857,6.5,7.444346518001186,559.5150627033851,0.2,0.3916004769383823
STN009,01/08/2024 12:30,32.13910507377065,6.5,3.267291423998924,442.44275787553073,0.5,0.2822546401210606
STN009,01/08/2024 12:45,9.064280313379284,6.863454417742941,2.5859697836918727,463.574576045998,0.2,0.3451262230562452
STN009,01/08/2024 13:00,40.86953765366199,6.834215874635145,2.903346655408777,480.4845544023819,0.5,0.033721560303191
STN009,01/08/2024 13:15,23.14812974720821,6.5,7.318423998998688,548.3490732648851,1.0,0.0882788722034565
STN009,01/08/2024 13:30,13.19700882440712,7.185640574009504,1.2124704702652738,432.3119462385549,2.0,0.3018259796635378
STN009,01/08/2024 13:45,34.66250619870517,6.890481537535831,4.27931208659239,475.3995063169954,0.2,0.0914555990310801
STN009,01/08/2024 14:00,20.75924455855796,6.98350771023113,4.5271926144344,493.930922881809,1.0,0.3387819720126111
STN009,01/08/2024 14:15,36.81491993634569,6.821827677221777,1.0059296033644942,375.1960094764689,2.0,0.0414820589498137
STN009,01/08/2024 14:30,95.87342209598116,7.208285524990835,6.5815951680607565,577.6020292652812,0.2,0.8336298639128839
STN009,01/08/2024 14:45,25.723564260595232,7.212617671622093,4.6841456903890695,509.5395545412643,0.5,0.4190122666416513
STN009,01/08/2024 15:00,74.04378528611468,6.7953003182067215,5.119862147204629,469.1715573702844,1.0,0.8933559070398049
STN009,01/08/2024 15:15,24.879462187473308,6.879903228142401,5.676297403756781,471.6705776857974,0.2,0.3851683529819149
STN009,01/08/2024 15:30,56.09067449196701,6.8986729001513165,6.434603929572478,484.805246475275,0.0,1.1501172720334294
STN009,01/08/2024 15:45,27.22177216720619,6.5,2.9327983256342725,465.5946467210297,0.2,0.3190302196792771
STN009,01/08/2024 16:00,40.21595361856748,6.5,4.865368636647488,491.4003936354404,0.5,0.1757562836268989
STN009,01/08/2024 16:15,28.16643995961956,7.146053935582848,3.2547798900088254,452.6152812036088,0.2,0.1708580485955533
STN009,01/08/2024 16:30,27.40949760378928,7.61981907326162,6.23320822365579,521.1013922459119,0.2,0.2039889678087632
STN009,01/08/2024 16:45,25.93652870349009,6.787255856485476,2.70056750323936,483.7587256351552,1.0,0.2030657857471832
STN009,01/08/2024 17:00,59.35828619752439,6.6621298775191296,5.471837764608471,542.0393896205978,0.5,1.4170190642401772
STN009,01/08/2024 17:15,29.84311211644824,6.655835375853792,5.608900779340912,484.7502006372999,0.0,0.1105503260558588
STN009,01/08/2024 17:30,90.1000181248431,7.526221594241277,6.429666856929032,554.9922570336652,0.5,1.3589166856877046
STN009,01/08/2024 17:45,16.32921638666111,6.642349661419666,2.0888923859761994,438.46172335461046,2.0,1.0406939406049769
STN009,01/08/2024 18:00,35.46767175169791,7.344982256175799,5.034526791952119,478.4168275173184,0.2,0.3375746021210755
STN009,01/08/2024 18:15,24.158203662093527,6.834165788301916,7.474810380135104,539.8744598623352,0.2,0.4879440414492736
STN009,01/08/2024 18:30,11.868307255500792,7.231778530646376,3.415311470779682,418.27493158799103,0.2,0.4897161668715104
STN009,01/08/2024 18:45,63.2518349831655,6.5,5.231094129516975,502.266887610201,0.2,0.4096296413747513
STN009,01/08/2024 19:00,44.92987594532599,6.971035772672159,3.807655401699787,488.1535538890175,0.5,0.1868835413682872
STN009,01/08/2024 19:15,64.02370161513731,7.109433482798899,2.718696275322179,411.2163573861433,2.0,0.4992103455534511
STN009,01/08/2024 19:30,96.68387261645915,6.53681228934682,6.899953012589704,533.5154102434608,1.0,1.325507047020007
STN009,01/08/2024 19:45,21.22173541689144,7.211181243037971,7.8872122383544925,553.4888908007083,0.5,0.4536346602943625
STN009,01/08/2024 20:00,10.764030190026643,7.306166647320836,3.62739262306664,501.4351616935672,0.5,0.9887222440125564
STN009,01/08/2024 20:15,40.20784028764751,6.8432755333112665,6.732579635785666,548.3818619403994,0.0,0.2489133578390653
STN009,01/08/2024 20:30,68.6257490877633,6.631630896171239,7.954377938457237,615.8184456979254,0.0,0.9979913017350724
STN009,01/08/2024 20:45,28.89020428375944,6.5,6.641291867874093,491.1785823084397,1.0,0.442132280814872
STN009,01/08/2024 21:00,33.94010750664733,6.869320240996074,4.427566288980812,476.0886053929905,0.5,0.048949953468336
STN009,01/08/2024 21:15,33.02150171614273,7.020966819271378,3.0444313070036806,421.924535941945,0.0,0.366530173028715
STN009,01/08/2024 21:30,22.232796940246484,6.699724369224353,6.443695138826917,509.3768902992147,0.2,0.272144720126308
STN009,01/08/2024 21:45,34.966612706339816,7.425518199782241,4.49009880653968,416.6648733381053,0.5,0.4193693388140891
STN009,01/08/2024 22:00,26.314195277026585,7.207816836308401,6.952033920484565,512.6038700241162,1.0,0.4527480183910714
STN009,01/08/2024 22:15,43.13007496652109,7.29633235989844,4.879138219807545,489.5066497416138,0.5,0.2093297068775238
STN009,01/08/2024 22:30,27.445457797897173,6.5,2.5414637855127467,456.8809810234055,1.0,0.3690634132661232
STN009,01/08/2024 22:45,20.59166644618508,6.681547791943548,4.422738456434635,487.0439186429249,1.0,0.0982206759549247
STN009,01/08/2024 23:00,20.69154032560039,6.721768376439894,7.955783309882782,559.5302110730488,0.0,0.3867653231054043
STN009,01/08/2024 23:15,6.133741172241221,7.193732255290581,2.506223822534491,448.4057943322935,2.0,0.4149594886131073
STN009,01/08/2024 23:30,31.82694556443998,6.53298037478435,3.4525841876275525,476.0321914660187,0.2,0.203519989461816
STN009,01/08/2024 23:45,6.365882103452066,6.870149882403354,7.88662186209964,542.2018702319193,0.2,0.9197239610145812
STN009,02/08/2024 00:00,43.87767398685735,6.5,2.19875818461945,446.9073536076592,2.0,0.1109571723826862
STN009,02/08/2024 00:15,35.216335906437735,7.37388364992309,6.123650843327116,512.4051190315787,0.2,0.4657884333226562
STN009,02/08/2024 00:30,36.6502356730917,6.5,7.1597581908525605,525.301914183972,0.5,0.004652290046812
STN009,02/08/2024 00:45,22.506288548706166,6.679342648813717,1.3107681899046946,437.71634418974753,2.0,0.144253527116574
STN009,02/08/2024 01:00,24.25876798776112,6.877402609689632,4.896878548742529,535.343930479805,1.0,0.1982998656042011
STN009,02/08/2024 01:15,26.34367356027294,6.800352724356505,4.3615582668313815,473.5503519472952,0.5,0.0268293272807996
STN009,02/08/2024 01:30,30.080731432458656,6.990458150284838,2.564438479074943,423.7016526551315,1.0,0.3407815173609533
STN009,02/08/2024 01:45,27.72093177260087,6.6756060302271365,0.8410145168305994,434.1324942487455,2.0,0.1469562941500199
STN009,02/08/2024 02:00,42.49246255011148,6.602381967401384,4.992496519136531,471.2387176113574,0.5,0.4156643223115737
STN009,02/08/2024 02:15,26.16030880926323,6.603220935242585,3.8990766238142216,497.8200496874017,0.5,0.1419799067468142
STN009,02/08/2024 02:30,22.542267873284445,6.890020581843934,0.2137776345285519,447.7228741440527,2.0,0.4356627193141468
STN009,02/08/2024 02:45,15.91595707918628,7.450163267274868,2.164857020336333,460.9036326453356,2.0,0.6861229244287896
STN009,02/08/2024 03:00,75.66171301222741,7.266449995408019,5.972847349257975,494.8182068868401,0.5,1.0151370384093654
STN009,02/08/2024 03:15,79.50294275759688,6.654577974601501,3.464282141432802,483.36503264358765,0.0,1.342257554430751
STN009,02/08/2024 03:30,43.49443105204995,6.979531198139492,4.023145187806702,472.48752312064016,1.0,0.4969340775609857
STN009,02/08/2024 03:45,33.94313135061788,7.43336139168563,6.343204323292628,541.3779734373893,0.2,0.2047724987207069
STN009,02/08/2024 04:00,1.8646209602632904,6.730520085083933,6.210853361368322,481.9095522619999,1.0,0.7484170815900717
STN009,02/08/2024 04:15,22.15664572884109,7.086309728887046,2.5786858849760392,453.294834842099,0.5,0.4419360760933347
STN009,02/08/2024 04:30,44.58438072198126,7.163069492233353,7.670489735561359,597.7536573560061,1.0,0.2320452124251682
STN009,02/08/2024 04:45,36.17979227237038,6.5,3.4864499022839643,428.0965912793342,0.5,0.1238084411052998
STN009,02/08/2024 05:00,33.75485570251585,7.036459660571405,1.83907497520418,448.7838785407847,2.0,0.4476969663763948
STN009,02/08/2024 05:15,19.017674520601624,6.735704977277871,5.089097636974688,511.9161310506892,0.2,0.315704408958557
STN009,02/08/2024 05:30,21.349496269191285,6.956245551495927,7.189255350497002,560.9857378308649,0.0,0.0628817461981653
STN009,02/08/2024 05:45,38.76104854199564,6.575237115081732,4.355850071196955,431.5485083752641,1.0,0.1704941378788713
STN009,02/08/2024 06:00,25.83874185813617,7.419147641220018,5.224814915917389,501.68337981189137,0.5,0.1423931754488456
STN009,02/08/2024 06:15,44.3834460629038,6.530242889148486,6.201841543022,528.476085686003,0.5,0.2666670002162592
STN009,02/08/2024 06:30,24.41745357028429,6.976707111643272,2.347709040366535,392.6067815591967,2.0,0.304993851918721
STN009,02/08/2024 06:45,31.354292165313684,6.5809886950268845,2.518782113072989,415.3808715702645,0.5,0.1250239388104833
STN009,02/08/2024 07:00,43.6901256042256,6.935952428827754,7.570294319076717,584.1489485965,1.0,0.0455010216239825
STN009,02/08/2024 07:15,22.765628502304256,6.761949815103242,7.154714377417069,533.1326128179757,0.0,0.2412367540455209
STN009,02/08/2024 07:30,39.59151539800699,6.811807539841929,5.315876018853775,490.76952804043503,1.0,0.0236598494304964
STN009,02/08/2024 07:45,15.753098451201048,6.719022083557071,3.746766926136459,431.7048270751184,0.5,1.0242514846482502
STN009,02/08/2024 08:00,89.67484885529565,7.626787887486962,2.204834125718864,445.4670395141893,0.5,0.5152331053964782
STN009,02/08/2024 08:15,38.1385621634696,6.748726820066461,1.792390059244109,466.9337347208647,2.0,0.2956971215091794
STN009,02/08/2024 08:30,27.75807142026149,6.730240766593809,2.5818280139808145,491.1726618474877,0.5,0.2236564240143775
STN009,02/08/2024 08:45,17.941379006038908,7.399645596465873,2.5630698291724547,461.2285644121112,2.0,0.8268441081956717
STN009,02/08/2024 09:00,21.94935902142709,7.453938633054238,2.9413818849223494,485.4852801451743,1.0,0.4592275781106299
STN009,02/08/2024 09:15,29.2060987538131,6.5,3.0132418449721623,488.26904461957855,1.0,0.0942020001974939
STN009,02/08/2024 09:30,37.8462116389362,6.510888590139675,5.538425370320571,509.8860928376597,0.5,0.1690248033540927
STN009,02/08/2024 09:45,33.03848504613346,7.355180799540655,5.621040496753546,567.70411411174,0.5,0.0682516487415785
STN009,02/08/2024 10:00,35.31750078162212,6.600083685601385,5.655954984318992,532.039469035034,0.0,0.4047289638449483
STN009,02/08/2024 10:15,4.661154451399958,6.834056345671779,6.820388370683017,515.4252516794857,0.0,1.2349318228916428
STN009,02/08/2024 10:30,32.59065796137699,6.839081612421409,5.877239520188687,540.863619622176,0.0,0.218289633802644
STN009,02/08/2024 10:45,8.648411688435836,7.178891218591598,0.7689286290765038,455.60244486789406,2.0,1.052159137566318
STN009,02/08/2024 11:00,42.34385443664805,6.859517135818825,3.4636853536870595,509.8092482807261,0.5,0.4949451299418765
STN009,02/08/2024 11:15,25.44846360095828,6.5,6.017139599354038,498.3877442023373,1.0,0.0455545946397026
STN009,02/08/2024 11:30,93.56811989105016,7.165615092326299,7.545413743711447,492.1291164403019,0.5,1.244507523270296
STN009,02/08/2024 11:45,34.12688065830717,7.0176988451076525,4.141010460160166,489.6081478693028,0.5,0.4413667944264898
STN009,02/08/2024 12:00,21.795196665926813,6.616697511466829,6.91616914673489,549.3805813317183,0.5,0.3029736168541794
STN009,02/08/2024 12:15,71.93677848165603,6.5,6.628874111257275,527.2836843448,0.5,1.05566501295402
STN009,02/08/2024 12:30,31.223334508756476,6.554694908882437,0.6794508684018052,448.4285644813095,2.0,0.1057614962285028
STN009,02/08/2024 12:45,38.456466254859166,6.983723011117236,1.099432892156598,401.7343851845141,2.0,0.3624598912139132
STN009,02/08/2024 13:00,34.27363438552597,7.156851427654391,6.9257650550483705,520.8103409502928,1.0,0.3573148238510634
STN009,02/08/2024 13:15,27.42700104157362,6.861547027661143,2.338766907367656,456.4044653366735,2.0,0.2412902967386265
STN009,02/08/2024 13:30,27.47745698409373,6.866020588820803,2.128508909777823,376.5829453248385,0.0,0.3561613373500762
STN009,02/08/2024 13:45,32.24635358745852,7.044371806836711,2.3805939227808435,457.9254600264405,0.2,0.0903445957057539
STN009,02/08/2024 14:00,16.244515244089666,6.731054181376445,5.119819841591236,511.5604824566216,0.5,0.7113185205018511
STN009,02/08/2024 14:15,66.47525623434815,6.604420501323163,2.403951488224328,434.1721970452272,2.0,0.3929247150182422
STN009,02/08/2024 14:30,22.194630779822788,7.133383529919054,6.812354066407483,547.0700601977798,0.5,0.2976318238224049
STN009,02/08/2024 14:45,38.29374238557666,6.862180027958725,7.110312985082695,455.2024291251392,0.5,0.32006467028699
STN009,02/08/2024 15:00,31.16677820637833,7.0590169999712575,7.488691681705747,535.5568901656682,0.0,0.4869981905357889
STN009,02/08/2024 15:15,61.93552314221934,7.012865399223126,0.3300309241487591,349.49845512258,2.0,1.371024885601623
STN009,02/08/2024 15:30,4.906636258563228,7.0000101767814265,3.7316539322741504,504.61564682285945,1.0,1.1256539052453052
STN009,02/08/2024 15:45,5.423199858012861,7.362612981586736,7.488730100667977,536.3897256219576,0.5,1.0261175737235857
STN009,02/08/2024 16:00,42.90183195311319,7.290513569117956,2.774985718534672,467.6673800227484,2.0,0.4430912743853172
STN009,02/08/2024 16:15,77.89640648598089,6.679936799793719,5.945808024393422,549.9020866608577,0.0,1.3281383855092352
STN009,02/08/2024 16:30,28.29619352862425,7.150714759503007,7.249197391098304,579.7336884041414,0.5,0.4569979919175936
STN009,02/08/2024 16:45,26.3935063201883,6.811796023854361,7.34785447127689,519.3464907537075,0.0,0.2137756601261613
STN009,02/08/2024 17:00,7.949250448820648,6.965397768024196,6.963880146113179,494.90857813425936,0.5,0.7661142448218943
STN009,02/08/2024 17:15,42.59645619892357,6.5,2.0434520387859143,373.2249355034365,0.2,0.1042848180308642
STN009,02/08/2024 17:30,21.451672749221643,6.695710784710091,2.929155890075176,474.8923952395067,0.5,0.1233206538046581
STN009,02/08/2024 17:45,76.3347794381521,7.182825641453778,0.3390079658768757,396.9373364160233,2.0,1.09685297878328
STN009,02/08/2024 18:00,5.457893126257483,6.903791145896598,6.0618922056971005,549.5423052845356,0.5,0.565798477914646
STN009,02/08/2024 18:15,11.968961542016231,7.350393147442458,6.941180706912661,582.5576309221153,0.5,0.8345767699455338
STN009,02/08/2024 18:30,21.08019311031748,6.943518858074595,4.525887389133003,450.86142238536667,1.0,0.1000778047054649
STN009,02/08/2024 18:45,39.08711470022426,7.143615300259245,2.0788150873253644,459.075427971058,1.0,0.1635335951810916
STN009,02/08/2024 19:00,68.45116567215976,6.936277973461551,2.947464778563147,455.3643568857513,2.0,1.0108570997368622
STN009,02/08/2024 19:15,27.5510878993001,6.651872500151953,7.486030575334116,503.95053167825176,0.5,0.1103260799471614
STN009,02/08/2024 19:30,29.67644081282664,7.1339026960956415,6.942438528895685,536.0682821807003,1.0,0.3328393891108689
STN009,02/08/2024 19:45,7.203718753958677,7.002172903536234,6.655925644543362,540.3474464374469,0.5,1.2756635758339605
STN009,02/08/2024 20:00,31.331851426684583,6.5,3.2425825153673986,444.9425430703004,0.2,0.2188789515399877
STN009,02/08/2024 20:15,16.644666985731135,6.709388002643173,7.511465623124723,562.4516808725494,0.5,0.589838781276433
STN009,02/08/2024 20:30,40.88820440851792,6.5,5.0290753089131,517.8995276072962,0.5,0.0575553976237301
STN009,02/08/2024 20:45,26.839628846237154,6.589184211427219,3.665172729159072,486.4545234170325,0.5,0.1523943370514238
STN009,02/08/2024 21:00,15.743014426888248,6.721339250553044,6.763801811159358,531.0440800445986,1.0,0.5297631189083887
STN009,02/08/2024 21:15,19.480772436843527,7.342490358185363,3.885175435827724,493.796855291712,0.5,0.3940072525240076
STN009,02/08/2024 21:30,29.779861969166788,7.1589630456434366,1.893862156013899,501.8116682756859,2.0,0.0888282267105544
STN009,02/08/2024 21:45,29.98030424148137,6.568524039359015,2.5347233693868856,448.4561319379672,2.0,0.3614131215305204
STN009,02/08/2024 22:00,44.1863487367964,7.164380402161494,5.682123621157741,483.6118229337731,0.5,0.0522284587969884
STN009,02/08/2024 22:15,22.35663544473873,6.737011100890216,4.23803211600038,455.5073600690608,0.5,0.1865050326436209
STN009,02/08/2024 22:30,29.24073899004652,6.66281891126498,6.26263888708357,511.6722568033728,0.5,0.4506554570991496
STN009,02/08/2024 22:45,2.742562450347048,7.346774718872912,4.517853159193443,516.1313101124707,0.5,1.0583217869906711
STN009,02/08/2024 23:00,36.85408190837608,6.953214950021259,0.7554197273087861,385.56281235493793,2.0,0.0827130575888951
STN009,02/08/2024 23:15,56.05047020633995,6.732307850438852,6.091351375764495,492.5261208573878,0.0,0.3807057142488479
STN009,02/08/2024 23:30,26.201619800638355,6.5,3.1080581953703037,432.5516884328741,0.5,0.3830171598905128
STN009,02/08/2024 23:45,39.59051516387389,6.5,6.027198893393133,537.649518449723,0.2,0.3933414445099142
STN009,03/08/2024 00:00,22.74994908533961,7.140272244410255,6.210320754031958,488.5425937699745,1.0,0.4968411235876835
STN009,03/08/2024 00:15,32.83545368013811,6.5,4.280696009529568,453.9452232185223,0.2,0.2889630945228348
STN009,03/08/2024 00:30,25.73319847268401,7.259726194665987,2.518449169858436,481.5160723587552,2.0,0.4741049517304263
STN009,03/08/2024 00:45,44.050525647919486,7.157585893347845,4.912247520513815,425.74222221044215,0.5,0.3496291240587121
STN009,03/08/2024 01:00,19.93611190948604,7.104548438135954,1.2294091052601293,471.9541416703959,2.0,1.121512089313094
STN009,03/08/2024 01:15,39.76381182668632,7.002433906212395,1.091936910767309,394.6066084699909,2.0,0.2572734153791383
STN009,03/08/2024 01:30,21.96312631530841,7.302644848936107,6.048923942897412,508.3816120773244,1.0,0.0219303145193456
STN009,03/08/2024 01:45,38.83859828407586,6.949918019014634,4.280383044323479,474.7155018985791,1.0,0.4748572239769735
STN009,03/08/2024 02:00,69.16409625995021,6.5,7.945227756239328,544.9451365141725,0.2,0.7930105781366512
STN009,03/08/2024 02:15,19.83438642169173,7.315164687308934,1.3259069628190996,401.56747265689904,2.0,0.4225099763110181
STN009,03/08/2024 02:30,25.220472130335544,6.5,3.383686219589838,479.5174059826842,1.0,0.2222440660990757
STN009,03/08/2024 02:45,74.29997402999258,7.424828334061374,3.5549159345915675,406.9922146962325,0.2,0.4560409694311048
STN009,03/08/2024 03:00,35.29132996836813,6.72951243554926,6.250430767105463,558.7436986205586,0.5,0.275107794148375
STN009,03/08/2024 03:15,8.259682132148253,7.043491623134186,3.5146944493153045,503.2316702393549,0.0,0.4265862543417668
STN009,03/08/2024 03:30,39.26297284254031,6.940416411968068,6.778717711592788,532.348164351349,1.0,0.3758144458884457
STN009,03/08/2024 03:45,39.57583018471792,6.9417459599314695,2.0186069309168406,435.5317181947005,0.2,0.2446156375621773
STN009,03/08/2024 04:00,95.9962812808958,6.582351159774766,5.97747712436411,532.4411895663781,1.0,1.3737707730609248
STN009,03/08/2024 04:15,35.31815892856919,6.660644174158941,7.409759552024429,528.8264183041487,1.0,0.3468560309656061
STN009,03/08/2024 04:30,27.186512952908423,7.341752960702671,2.7010093086059115,375.2938268691971,0.5,0.4566387276684889
STN009,03/08/2024 04:45,54.20337318692381,6.878029915781299,0.9891980237056716,366.2314685642729,2.0,0.6495611099621997
STN009,03/08/2024 05:00,14.790049927789902,6.5,2.230508233638657,434.9754260956301,1.0,0.6881275198487817
STN009,03/08/2024 05:15,28.90025360137222,6.734562056299445,5.239308703152636,523.3153719665758,0.5,0.3964684771916685
STN009,03/08/2024 05:30,28.5264053906987,6.803678240074879,2.1296462709947,376.9049097742421,2.0,0.0542909476418738
STN009,03/08/2024 05:45,25.8687462997958,6.792554227658394,0.2763421846533351,409.43791241962407,2.0,0.1046185861785926
STN009,03/08/2024 06:00,32.00562804833077,6.735730213895423,5.520497705266096,496.22816308483607,1.0,0.4575296933243404
STN009,03/08/2024 06:15,33.73226990264663,6.687452163738556,6.448620140437019,472.2072463099522,0.2,0.3081647015369159
STN009,03/08/2024 06:30,68.84248867710417,7.171343443203641,5.877213292490048,528.1078156548064,0.5,0.4204479450155988
STN009,03/08/2024 06:45,29.43721528326818,6.91156752493618,2.918431748812623,505.7107911694136,2.0,0.0348003255920476
STN009,03/08/2024 07:00,27.059323175894804,6.86153873067598,5.773072132366745,500.6379556206017,1.0,0.2720761760382529
STN009,03/08/2024 07:15,17.32727779301423,6.560215628048509,3.7300495647162273,448.7047205766784,0.5,1.097930133273049
STN009,03/08/2024 07:30,35.7468263139578,6.961431815449111,2.154466283729827,436.5237433531616,2.0,0.3069460730608701
STN009,03/08/2024 07:45,35.719550434476034,7.051636185969964,7.064665648509576,526.4594344195464,0.0,0.319785549717959
STN009,03/08/2024 08:00,22.755329277501005,7.1583307500355,3.5350818775257524,490.06468998302137,0.0,0.2891687348294339
STN009,03/08/2024 08:15,30.450588612275045,7.12917139137554,2.781120520768664,440.21561260228617,2.0,0.2454612942119932
STN009,03/08/2024 08:30,55.6298185782946,6.5,6.130602822545845,533.730782508892,0.0,0.3718696958996248
STN009,03/08/2024 08:45,53.9979803850136,7.310265810782502,2.6057866110259,406.5020453737203,0.5,0.9470932361741388
STN009,03/08/2024 09:00,39.01886977292359,6.998949992708965,1.0516777649432565,421.0826208203041,2.0,0.3691319796418729
STN009,03/08/2024 09:15,8.766259576391619,7.0145546485919725,2.6926842568825013,441.8432477046704,1.0,1.0210761613505788
STN009,03/08/2024 09:30,25.04857842846401,6.845879950461018,3.1748742901798126,452.6517439570312,1.0,0.2543615420985357
STN009,03/08/2024 09:45,53.95717841417867,7.170828385336497,3.893632540086705,429.9378140724804,1.0,0.8074480061029421
STN009,03/08/2024 10:00,34.51401571645199,6.981425048091271,2.0344997647952026,449.6046636633544,0.5,0.1289483702237567
STN009,03/08/2024 10:15,80.84208003337092,6.960836486588231,5.429416409449457,494.6460593764866,0.5,1.0026654117529237
STN009,03/08/2024 10:30,37.42262026360703,7.127613875256804,2.556324471863101,412.5288860501107,1.0,0.4934616949539937
STN009,03/08/2024 10:45,20.428984766468925,6.5,4.10599218903373,486.9694829214107,0.5,0.2298014217915869
STN009,03/08/2024 11:00,28.277028212115127,6.93546244110526,5.755816829989671,483.7621011398384,1.0,0.3940572385149894
STN009,03/08/2024 11:15,30.937698455203424,7.088002541411462,3.731313703919016,429.8331334071566,0.5,0.0130027757883576
STN009,03/08/2024 11:30,24.269948936794272,6.7952121960166085,2.196895386333717,431.6264786472138,0.0,0.0386854737358966
STN009,03/08/2024 11:45,16.790157119938808,7.22733400771979,3.0419965812247947,451.4199772335699,0.2,1.2957534024382598
STN009,03/08/2024 12:00,21.002605782548684,6.793403856789065,5.085179507390249,509.8787051992349,0.5,0.1364684838479117
STN009,03/08/2024 12:15,44.03614709632327,6.748569836338763,0.2433750520147387,431.0454276303383,2.0,0.376770174126079
STN009,03/08/2024 12:30,26.975610341981547,7.430978370587941,2.946637409396652,505.9217264078844,0.5,0.07263879897364
STN009,03/08/2024 12:45,21.45171854553713,7.02039283723427,2.0754816936105054,401.2031452024446,0.0,0.2315217430284914
STN009,03/08/2024 13:00,44.97732597367262,6.5,4.365142564923042,504.5424051272563,0.2,0.0776160715620657
STN009,03/08/2024 13:15,7.767607460419961,7.252434082849064,5.121107082262675,493.20251811504335,0.5,0.8806680685745711
STN009,03/08/2024 13:30,39.48301246162629,7.40664213435794,2.229845826517569,510.64859929914616,0.2,0.476499370233394
STN009,03/08/2024 13:45,38.15782228408952,6.8438985093698985,3.846931706479832,458.15106266967433,0.0,0.222345764990296
STN009,03/08/2024 14:00,90.20684357962443,6.5,4.397873505394557,493.8745952212995,1.0,1.3324811650799078
STN009,03/08/2024 14:15,55.52439743899832,6.579464700774389,4.492439178855929,443.7452930554768,1.0,0.7670342575548326
STN009,03/08/2024 14:30,40.94860475966648,6.841220173998002,0.4353567637002564,422.0204879240831,2.0,0.4064779021219478
STN009,03/08/2024 14:45,27.78636340048136,6.705481433891001,2.1737542607454805,464.68543954667575,2.0,0.3284317807307848
STN009,03/08/2024 15:00,24.43799152031761,6.874504854839609,4.617173162553064,490.579961752772,0.5,0.4779785296887209
STN009,03/08/2024 15:15,38.77562520224829,6.5,7.999988200669803,598.7696319621988,1.0,0.027746865527578
STN009,03/08/2024 15:30,33.29382032232874,6.714434512900243,6.493094170891061,574.7970379813753,0.5,0.231910572687423
STN009,03/08/2024 15:45,22.289620723003484,7.4820715348299,5.176567685603564,525.1111943578704,0.0,0.034781949235469
STN009,03/08/2024 16:00,41.82362861950479,7.175004898389925,4.438158650998143,477.7778635269832,0.5,0.153632357055941
STN009,03/08/2024 16:15,23.687523796795524,6.7368474651841375,2.599103682382159,474.645331614074,0.0,0.221695888185149
STN009,03/08/2024 16:30,8.759426542850296,6.938811229616348,3.6502357232927833,496.5335301860532,0.0,0.4760829147139718
STN009,03/08/2024 16:45,82.89125450130885,7.197048311104435,4.758732096110397,478.18064293210966,0.0,0.791813600982145
STN009,03/08/2024 17:00,23.14607781863132,6.996184680397459,0.3593038911717279,446.1966403515392,2.0,0.1861076161011682
STN009,03/08/2024 17:15,38.57701870072067,6.51728393356686,0.8164063595811184,438.4098032870567,2.0,0.1263521126396565
STN009,03/08/2024 17:30,11.763757686939758,6.998312176646009,6.3479752914958025,528.7106038073042,0.5,1.4426871890375983
STN009,03/08/2024 17:45,8.247273271595741,6.718676014774905,6.955859856360977,570.9852768415122,0.2,1.1068671503118668
STN009,03/08/2024 18:00,29.241964296113014,6.5,4.228119953967312,532.6735621144276,0.0,0.3664131785561313
STN009,03/08/2024 18:15,2.100835257497442,6.5,7.340467907312194,577.4139694693574,0.5,0.9995882426452324
STN009,03/08/2024 18:30,41.62499866401403,6.857049630223129,4.775055773567988,487.9891874519763,1.0,0.1703826877160477
STN009,03/08/2024 18:45,24.23301569706633,6.673625990872233,3.2122961834032644,483.7459197183107,1.0,0.1673762947355508
STN009,03/08/2024 19:00,33.165234167667,6.805597874909297,2.7017476186435943,455.2169257709219,0.0,0.3813413260631207
STN009,03/08/2024 19:15,4.137160002590243,6.6060928031300215,5.428174941429344,534.4543673759086,0.5,0.9527107244881904
STN009,03/08/2024 19:30,44.93913910157301,6.822595570612226,1.445253744827837,455.1432070059173,2.0,0.4372541725899909
STN009,03/08/2024 19:45,12.994789866341137,6.871330643810493,6.737424563341597,499.2915309387661,0.2,1.3817955641838502
STN009,03/08/2024 20:00,22.92976256065814,7.942578993624395,4.20255580647364,471.4424986404732,0.5,0.2355811687057064
STN009,03/08/2024 20:15,2.732725962456959,7.111016035870676,3.811598995958925,451.2685270378085,0.2,0.8956026811470228
STN009,03/08/2024 20:30,23.503474245283517,6.962086795527723,3.743902569654424,504.9452787276316,0.2,0.4962411890243164
STN009,03/08/2024 20:45,26.961519669947265,6.508633489806058,1.2113272101972616,430.6305694149098,2.0,0.1774387162538757
STN009,03/08/2024 21:00,30.57883122823572,6.847186095540367,5.943690712180437,505.2595033788707,1.0,0.386545200401681
STN009,03/08/2024 21:15,30.40678386719827,6.600838220026573,5.586135020396151,523.863437493617,0.5,0.2524092493278483
STN009,03/08/2024 21:30,36.69405193606097,6.52185942047472,5.151083224601354,536.0139786103693,0.5,0.1179777624920042
STN009,03/08/2024 21:45,13.980575698779028,7.317988604588883,1.6081613636518255,413.4051461343559,2.0,1.3628036192746729
STN009,03/08/2024 22:00,12.893675506794082,7.1855088415026485,2.747251469012768,463.6023940043737,0.0,0.5288299856174725
STN009,03/08/2024 22:15,39.62566460753183,6.782494910921938,3.809431964902904,476.08360491549263,0.2,0.234530089275407
STN009,03/08/2024 22:30,34.09067289957795,6.680658931562914,2.6471739881171485,449.2618680166322,2.0,0.2709137600501081
STN009,03/08/2024 22:45,21.04328753538207,6.717442674174937,1.1258637205983255,434.3739136561102,2.0,0.0460918425248429
STN009,03/08/2024 23:00,25.452008291261805,7.142047603500933,7.2177518301342705,561.2104836609096,1.0,0.0332094612842578
STN009,03/08/2024 23:15,28.3483969126016,6.629768779338269,5.056578817609504,475.0961397867424,1.0,0.0044901923785697
STN009,03/08/2024 23:30,37.73551737712943,7.262208230508256,2.916674675273356,447.0387385012727,0.2,0.4146101892814404
STN009,03/08/2024 23:45,25.35656073241708,6.953165745740133,1.567217269812437,421.7665445310057,2.0,0.1162630431306139
STN009,04/08/2024 00:00,28.59083527808949,7.042984166632962,3.100570601242786,440.8070397609117,0.5,0.3760250293811845
STN009,04/08/2024 00:15,54.93917234302732,6.665107366481613,5.96581058761369,487.879206541357,0.2,0.7179317650816347
STN009,04/08/2024 00:30,42.78169926171732,7.27740280860768,2.560093500291956,460.41000725599423,0.5,0.3119262255434757
STN009,04/08/2024 00:45,37.94860273223849,6.655730691308096,7.341686198780716,558.1546935378337,0.0,0.3405134850064016
STN009,04/08/2024 01:00,13.230830514744294,6.606841772067983,3.1671018731341016,462.3303513072426,0.2,0.7584950029340641
STN009,04/08/2024 01:15,38.042317920446855,6.91412063041131,7.241455790510324,545.4491233820901,0.2,0.4936939295816354
STN009,04/08/2024 01:30,9.31150412159934,6.5,6.179671601578197,563.6070652094866,0.2,0.3851242818725827
STN009,04/08/2024 01:45,43.83190036323348,6.5,6.771786835734044,519.6872281491777,0.0,0.3169486612123979
STN009,04/08/2024 02:00,26.526560751094078,6.727675704033942,7.609729723033226,503.5006048688657,0.2,0.2538331311041517
STN009,04/08/2024 02:15,29.445080395926094,6.774778216966646,4.298463311025994,508.21861055686986,0.2,0.1095684329053233
STN009,04/08/2024 02:30,37.14143659148591,6.983300837351457,4.779460147568873,484.863133848809,0.0,0.2207249243651101
STN009,04/08/2024 02:45,6.524816449487211,6.5,7.276339768632651,555.1768490300288,0.2,1.1180338006104251
STN009,04/08/2024 03:00,36.83081833406735,7.225316966239653,3.3285447606815435,439.0426215768607,0.2,0.3921422324224913
STN009,04/08/2024 03:15,15.735112414055749,7.60924311105411,4.072485871764277,490.3008096741909,0.5,1.0211348335715038
STN009,04/08/2024 03:30,4.533702645438911,7.37680822980486,2.76290027883449,440.17543825845536,0.5,0.7037553561762366
STN009,04/08/2024 03:45,79.11956161538487,6.9081864544600045,5.705952391346551,515.7531597095681,0.5,0.4906015026486107
STN009,04/08/2024 04:00,0.2519128986330221,6.5,7.995198624710593,600.4916371145534,0.2,0.654246868622572
STN009,04/08/2024 04:15,69.59933399767945,6.5,0.4829652934633932,438.8927240123508,2.0,0.5829880096530509
STN009,04/08/2024 04:30,24.41742633764212,6.750115890071776,3.9715997170655513,457.3725124403101,0.5,0.0159967186765849
STN009,04/08/2024 04:45,20.98015301940381,6.7145984340111085,4.270593543404332,516.2670169891582,1.0,0.331686092405172
STN009,04/08/2024 05:00,76.18675795731481,6.986805099046908,4.162009722476361,471.92793701577455,1.0,0.756116890098294
STN009,04/08/2024 05:15,63.83633556253332,6.799572312782502,2.285950937255532,426.7980511189512,0.2,0.5433332157312254
STN009,04/08/2024 05:30,43.10800112313794,6.957150602752951,3.652188183173444,513.8707781850868,0.5,0.3855152463371019
STN009,04/08/2024 05:45,10.01339015414215,6.8607175596803405,4.374710354721621,510.2474348919779,1.0,0.5244475761842012
STN009,04/08/2024 06:00,37.438913053523706,7.454695934462531,6.562368292160243,551.9558522627415,0.5,0.1314012269125071
STN009,04/08/2024 06:15,43.95698436545748,6.821184567967104,2.251539084145828,418.0395957369532,1.0,0.0174603595415221
STN009,04/08/2024 06:30,35.1345814050254,6.760412862258482,5.000087550068305,486.5151556942651,1.0,0.2282116185597584
STN009,04/08/2024 06:45,25.83463278591517,6.776324743877767,3.939059724901864,482.3431363973645,0.5,0.2253357659266384
STN009,04/08/2024 07:00,29.855000421926484,6.578803675476153,5.718701443508155,503.6807722069809,0.0,0.4042888034353425
STN009,04/08/2024 07:15,25.54121205667356,6.990628967354296,7.511614229543244,544.8458319075729,0.5,0.3968159486612219
STN009,04/08/2024 07:30,41.17520741119672,6.790208589872466,4.285576286384947,454.9669606611208,0.2,0.0193513007844847
STN009,04/08/2024 07:45,4.936048498415378,7.434928453072074,4.932127834258955,496.69667680987095,0.2,1.0587923727028208
STN009,04/08/2024 08:00,54.614844666906414,6.681740276862883,2.110490315157502,491.82793206275375,0.5,0.7832160054002242
STN009,04/08/2024 08:15,37.32760581845159,6.828411913869407,7.28232386869387,565.6943546353776,0.2,0.4768235657909684
STN009,04/08/2024 08:30,25.4690470589246,6.688633803669864,1.6750677346214105,441.4789786878582,2.0,0.1491580496349245
STN009,04/08/2024 08:45,12.687192294867424,7.4636128631309155,2.1815450143402737,479.561046002817,1.0,1.4597951969230694
STN009,04/08/2024 09:00,33.70413274019898,6.834452863301864,6.638294229799369,568.9296250271173,0.5,0.0161940155364171
STN009,04/08/2024 09:15,27.36329308038542,6.750694868917593,4.7619152715606825,478.8687277658369,0.0,0.2580583688361496
STN009,04/08/2024 09:30,18.27703438884743,6.580099486604456,5.427360303638933,476.1621144232008,0.2,0.8367383046145844
STN009,04/08/2024 09:45,37.74347370554422,7.059027944730269,2.715929614649564,452.4571736438687,1.0,0.0755644200873609
STN009,04/08/2024 10:00,9.4214656737194,7.011156995142345,3.4109286928570386,458.9647823381352,0.5,1.1953142057346051
STN009,04/08/2024 10:15,10.360387657958553,6.882689657575883,3.678246237460135,440.3107281085152,0.0,1.0201184368487175
STN009,04/08/2024 10:30,41.76242384868743,7.244405911093595,0.4824382437837531,408.8087391639377,2.0,0.3591267164909725
STN009,04/08/2024 10:45,22.61396848749361,7.271362261201514,4.83285633694857,492.8489612199168,0.5,0.1471281370915027
STN009,04/08/2024 11:00,52.881499353102335,6.753415545545972,6.047143845652037,534.9494304318807,0.5,0.7722306370908845
STN009,04/08/2024 11:15,27.460405979082932,7.451176508028517,2.2470164507811274,436.94159713738736,2.0,0.066088301427132
STN009,04/08/2024 11:30,42.032484052385215,7.356192713449316,2.613960514097762,430.9965723806412,0.0,0.4324568419091458
STN009,04/08/2024 11:45,8.406668853764408,7.336456582730253,5.957584092263695,544.4890710508137,1.0,1.2194559518994583
STN009,04/08/2024 12:00,43.18272664183236,6.654461125420037,0.2013140502195467,378.5858101823152,2.0,0.2638442853586092
STN009,04/08/2024 12:15,36.78068268803706,7.015755979178501,6.430967639505078,496.14356540419584,0.0,0.3070077381296544
STN009,04/08/2024 12:30,20.68549044618418,6.824322807523706,2.633900768835055,471.6166060103238,2.0,0.2736389670427967
STN009,04/08/2024 12:45,13.950889354044488,6.569461138316372,2.9003465018291927,433.8885672528832,0.5,0.3324353702816825
STN009,04/08/2024 13:00,34.58189907742138,6.703521373821327,2.161375551321942,508.9724375609998,2.0,0.2559063609159129
STN009,04/08/2024 13:15,35.24304042987933,7.253037993319517,6.552254441381315,549.0423719238215,0.5,0.444864053820789
STN009,04/08/2024 13:30,20.62713395246981,6.5,2.825721279282478,508.8948481419152,2.0,0.3820262649927137
STN009,04/08/2024 13:45,0.2181454919995595,6.8061043015087614,3.091894886923348,441.2975527590736,1.0,1.1337757361852008
STN009,04/08/2024 14:00,40.69646923836856,7.682091194615927,2.858554721329882,454.6478620098485,1.0,0.4331942129848907
STN009,04/08/2024 14:15,7.179995668655391,6.808787019520186,2.927628001068245,424.9942823244132,2.0,0.90409555111272
STN009,04/08/2024 14:30,43.74891737336211,6.693724977040865,2.459287324451841,395.5801869536746,0.5,0.2164452988564045
STN009,04/08/2024 14:45,20.87995866486736,6.556224231009212,2.5381247127606046,446.797119989838,0.2,0.0480140644436639
STN009,04/08/2024 15:00,95.93575642161954,6.688043323962805,7.940662949027524,556.7552266675652,0.2,0.8140636434833597
STN009,04/08/2024 15:15,9.589913068087167,6.806469502629185,3.320127123163636,461.03244499866105,0.5,0.6224630590550599
STN009,04/08/2024 15:30,40.91588657458946,6.728250412524348,7.552227374934558,600.779635761889,1.0,0.0823669061017364
STN009,04/08/2024 15:45,44.22404197990157,6.930616858488615,0.8303251799856408,423.9805472982322,2.0,0.0139193603260823
STN009,04/08/2024 16:00,12.023951521462866,6.87436704665312,5.755192393213792,517.0949462988656,0.5,0.9635146108729492
STN009,04/08/2024 16:15,34.39786733943035,7.1563400736135705,7.134528351848865,557.6652980913018,0.5,0.2808363505633879
STN009,04/08/2024 16:30,27.39054217231764,6.802787595852888,3.767739638711896,489.48377516912507,1.0,0.4670203059659197
STN009,04/08/2024 16:45,25.94220977936573,6.870923684537966,5.819913921909444,484.7093357900685,0.2,0.1373747088599197
STN009,04/08/2024 17:00,33.14997666800164,7.46726367177506,6.065546278419454,544.5132042715505,1.0,0.3341972328275739
STN009,04/08/2024 17:15,42.62269112010097,6.8799821889622885,3.6047412993203407,462.32690618064834,0.2,0.1918003193123189
STN009,04/08/2024 17:30,41.40246349352721,7.707719972032313,4.746953635546973,504.5345766418502,0.2,0.4780277330032531
STN009,04/08/2024 17:45,6.328330537347366,6.824019775665307,4.226755763822581,465.52858834438,1.0,1.2252792077666566
STN009,04/08/2024 18:00,30.44762095110749,6.9322465072506,7.652134253884496,561.3712682210852,0.0,0.406102387539943
STN009,04/08/2024 18:15,61.69762079073898,7.530403737544266,3.9714228980848265,472.4019954044159,0.2,0.5373992457053485
STN009,04/08/2024 18:30,38.6506846900026,7.155162163438507,4.976210134194508,516.0866770931764,1.0,0.2736017812769322
STN009,04/08/2024 18:45,28.69115728910523,6.5,5.379111045168358,514.6349165314298,0.5,0.141794654948098
STN009,04/08/2024 19:00,20.95260624238882,6.804808363485267,4.4803459597250965,489.7945352990109,0.5,0.0544476206248706
STN009,04/08/2024 19:15,37.553197543368185,6.548761050681487,0.5431633922828484,437.1069452487728,2.0,0.224044679115776
STN009,04/08/2024 19:30,21.99898333341388,6.671482674570119,4.991480833022352,501.5482817550828,1.0,0.3064743289688875
STN009,04/08/2024 19:45,27.03032840261468,7.417601673314132,6.558144508307944,495.17254875676855,0.5,0.0419524029654883
STN009,04/08/2024 20:00,14.69979101666401,7.276291980253236,3.5129458281673216,497.68059500691066,0.5,1.2582330928273082
STN009,04/08/2024 20:15,39.53471170161322,7.018739839310256,5.433057412529909,559.5971600460434,1.0,0.0051172658000723
STN009,04/08/2024 20:30,4.335383608685206,7.115529499287706,3.6759102463053783,474.65418908770016,0.0,1.1965384660720988
STN009,04/08/2024 20:45,21.31069712940563,6.56134031109116,5.14570294960019,532.0412632432824,0.5,0.1270248453287006
STN009,04/08/2024 21:00,35.739094534895095,6.65856280138803,2.3338783855394087,499.540283162332,0.0,0.1470461351324397
STN009,04/08/2024 21:15,5.147518259761979,6.687471182814889,5.392858187976174,496.3502971732484,0.2,0.3401983645838409
STN009,04/08/2024 21:30,43.21828895558653,6.892501047605512,4.546200069159919,466.4400384346364,0.5,0.3918014887782015
STN009,04/08/2024 21:45,44.81576849124577,6.76975609887128,6.258330562824334,517.6163523047636,1.0,0.0727951448701507
STN009,04/08/2024 22:00,10.320852646554586,7.367636065506887,5.367680797949689,475.4253874602792,0.5,0.947030575217318
STN009,04/08/2024 22:15,14.183352883854113,7.12833676651424,2.6818176001937206,446.9827778846662,0.5,1.0848811565827197
STN009,04/08/2024 22:30,25.676891614575776,6.8101099305398805,7.80613726418305,494.62722830661687,0.5,0.168878393918207
STN009,04/08/2024 22:45,11.81402252105605,6.894329992120675,2.8213814672560797,500.438989355898,1.0,0.423756673287456
STN009,04/08/2024 23:00,21.70008382308522,6.69442366429371,2.8287951634343003,443.974316756758,0.0,0.2981924232879531
STN009,04/08/2024 23:15,31.735048463507468,6.96005598745836,4.1322362113615645,504.6105871710392,0.5,0.4815468483023563
STN009,04/08/2024 23:30,2.730149733071872,7.178965810378077,5.213205472658061,507.52231149341753,0.0,1.48801247095248
STN009,04/08/2024 23:45,3.160174791725852,7.129111641985238,3.4797434472569324,521.4646871874289,0.5,1.2430463665391165
STN009,05/08/2024 00:00,15.856716696982486,6.558929026875034,6.890238694284301,525.6320686661355,0.5,0.6470730136261998
STN009,05/08/2024 00:15,28.558562959929496,6.5,5.565558427078302,452.5593926346456,0.0,0.0402642001350064
STN009,05/08/2024 00:30,3.7193267738973024,7.359950975026617,5.290767345702269,490.6164857135107,0.5,0.4658105449579364
STN009,05/08/2024 00:45,29.96173031907056,6.722945449051395,0.5805936942619174,417.7891126031734,2.0,0.0377092398252419
STN009,05/08/2024 01:00,74.66603146506061,7.155370967571447,5.8624755262566834,491.0050219394159,1.0,0.5041989678608688
STN009,05/08/2024 01:15,5.597389751326984,7.411753990295093,7.037214672488057,507.29275647374425,1.0,0.4106466795840141
STN009,05/08/2024 01:30,30.788799188897272,6.5,3.689021892304978,411.0535674998562,0.5,0.4692345118413135
STN009,05/08/2024 01:45,15.000114181847296,6.5,2.8158823552362247,462.55286980729846,2.0,1.115278085869146
STN009,05/08/2024 02:00,27.34098187619581,6.894567428706227,4.5365104858792185,486.9921599332805,0.2,0.4647628619442344
STN009,05/08/2024 02:15,27.81681983639122,6.740783264795651,5.54863987484405,517.761081693802,0.5,0.370098552250725
STN009,05/08/2024 02:30,8.995896394779699,7.422842116072477,2.850708793394362,458.7039268575948,0.5,1.3453517341750978
STN009,05/08/2024 02:45,13.456920079902025,7.090216055241548,2.476465010377985,441.5010207829846,2.0,0.8040637713450289
STN009,05/08/2024 03:00,30.105274068076035,6.5,2.8868722938980462,450.7468083897107,0.5,0.147622085004053
STN009,05/08/2024 03:15,26.326948546597396,6.723242040201711,7.71344000379376,568.8595871043757,0.0,0.3454934689006609
STN009,05/08/2024 03:30,23.87065554599808,6.801575985254227,1.052268953817527,376.3142183044544,2.0,0.0519970750932326
STN009,05/08/2024 03:45,34.92894685178283,7.000242426749147,3.1581654189088093,516.9885932073149,0.0,0.4413831618627969
STN009,05/08/2024 04:00,26.28186807749947,6.970621759310675,6.243599589231482,527.6232414013988,0.2,0.1926454876225979
STN009,05/08/2024 04:15,64.65513332382352,7.642376292859095,2.2984458140897868,472.7417639912218,0.5,1.041777854889417
STN009,05/08/2024 04:30,44.69428816952737,6.610506599466439,2.514477692722451,445.6841261676832,0.5,0.2997533564878518
STN009,05/08/2024 04:45,43.30869530089283,6.50881944488908,0.8834828394569527,418.9678362382217,2.0,0.0106832288860503
STN009,05/08/2024 05:00,37.31873896893643,7.321681305997916,4.549491224046543,505.06990419580495,0.5,0.1636840264952186
STN009,05/08/2024 05:15,13.155642597847608,7.228820149391879,5.254593796291875,536.2975633027339,0.5,0.955373668307614
STN009,05/08/2024 05:30,15.46633016469444,7.042413504474924,5.0609945281616975,510.7507579412268,0.2,1.1385900628103487
STN009,05/08/2024 05:45,31.559355922150587,6.660787987423315,3.462139922222926,574.485437159571,0.5,0.2560270926742992
STN009,05/08/2024 06:00,35.42614071211804,6.750684257711566,5.33168890657238,494.3591810804174,0.5,0.2744740970359505
STN009,05/08/2024 06:15,26.194327667315108,6.5,7.76387934223146,571.6119375068531,0.0,0.2083852391840213
STN009,05/08/2024 06:30,21.782106787538797,6.5,2.04030520048585,465.6964249007305,2.0,0.2299738008817491
STN009,05/08/2024 06:45,42.07027180496982,7.074752243818597,4.425012972812917,504.3995022686892,0.0,0.442840128161087
STN009,05/08/2024 07:00,9.787804647848455,7.142076828690525,6.51216522228661,488.3849942450328,1.0,1.264448326647832
STN009,05/08/2024 07:15,32.86562955756793,7.380984468238487,0.7309409844699393,394.0598752923364,2.0,0.2608430660177484
STN009,05/08/2024 07:30,42.96367738421075,7.518985973502279,3.967338819695784,437.2354284985327,0.2,0.4126075069350466
STN009,05/08/2024 07:45,3.904974318250172,7.158838845099044,4.081034845181417,479.99872020013527,0.2,0.5090871231008262
STN009,05/08/2024 08:00,26.566836741700197,6.948394742583279,2.523790727376019,459.3279948436282,0.5,0.2668679219663697
STN009,05/08/2024 08:15,27.582915831361326,7.019787569393442,6.252976567086879,504.84254641242086,0.2,0.1597226182267395
STN009,05/08/2024 08:30,44.39329242651101,6.758459191573728,4.496295615073381,508.24413719321234,1.0,0.0200119908353733
STN009,05/08/2024 08:45,31.865029957785488,6.767566842149645,7.921494713482559,558.5927041124423,0.5,0.3707453011990787
STN009,05/08/2024 09:00,23.62416952283147,7.127560386177264,1.735870104285174,445.7457766220477,2.0,0.2466977087303609
STN009,05/08/2024 09:15,10.021585829017214,7.50165218713432,1.7087257526584454,451.1108805734267,2.0,0.6916020649156918
STN009,05/08/2024 09:30,3.767971994728272,6.806708631359187,2.138885688642933,394.94514257393246,2.0,1.2970478517870223
STN009,05/08/2024 09:45,27.04150184869952,7.275042947082402,6.331355702344991,589.3740692321586,0.0,0.1822571143750786
STN009,05/08/2024 10:00,23.282364959791515,7.236095935288145,4.70820987531158,500.4031455818479,0.2,0.1553597859858882
STN009,05/08/2024 10:15,31.35562410893036,6.6563424771015125,3.884859226585125,481.8203245573111,0.2,0.3145791646443577
STN009,05/08/2024 10:30,34.03259322083515,6.5,5.356638335528903,499.8915017881919,1.0,0.2738644185584712
STN009,05/08/2024 10:45,1.2950802331152778,6.985906353122189,6.235406297509416,492.5650961612407,0.0,1.4704284609469274
STN009,05/08/2024 11:00,40.06988397556702,7.079584983439496,0.649529898754968,446.0899524713472,2.0,0.0338752524980492
STN009,05/08/2024 11:15,33.44775436843571,6.5,4.664072456338932,497.9641213483295,0.5,0.0470372728541596
STN009,05/08/2024 11:30,21.85640288115693,7.426278875152626,6.956652601175779,538.1345653503314,0.5,0.4157410514180689
STN009,05/08/2024 11:45,27.28104871034133,6.8570242539245685,3.5386506273524394,503.0299484213033,0.5,0.0447685110588916
STN009,05/08/2024 12:00,21.85710381810791,7.074951306232717,4.610766986460816,510.1362163658664,0.5,0.4367165936251696
STN009,05/08/2024 12:15,31.66840798936372,7.169783645900419,5.517643987753011,522.7132865181179,0.2,0.3874303428840298
STN009,05/08/2024 12:30,23.772663584525358,6.649089668235284,7.225964200314236,522.6009772102271,0.2,0.4290732715040309
STN009,05/08/2024 12:45,31.668245979427997,6.7552216298407055,4.100913036931821,474.23104739300186,0.5,0.3203370508787329
STN009,05/08/2024 13:00,37.38729358997318,6.54215244709085,7.899661428745995,564.933878430412,1.0,0.3917658839797431
STN009,05/08/2024 13:15,87.3672076264699,6.5,3.506655714962772,437.4830836634469,0.2,1.4032582706501064
STN009,05/08/2024 13:30,35.34640076385746,6.791939445792438,0.3881462706038647,387.8931364233413,2.0,0.0097837078106607
STN009,05/08/2024 13:45,28.315530072229823,6.899935024951621,2.150584849715655,421.9292027801208,2.0,0.1010756954957843
STN009,05/08/2024 14:00,29.09663146120206,6.6293401188809336,7.3098957388561505,519.3347908092621,0.2,0.0162620863580312
STN009,05/08/2024 14:15,17.502577870326146,6.842231001083467,3.1455887251191528,514.1484214297786,0.5,1.227407616772592
STN009,05/08/2024 14:30,43.79188259856134,6.720863645577856,6.703237377889197,512.4526215122256,0.5,0.1445619035922153
STN009,05/08/2024 14:45,59.81626234169736,7.322632009050018,4.753655548932297,509.04118456688354,0.2,0.5617339552745886
STN009,05/08/2024 15:00,26.956624118171227,6.781606828016519,2.2925693624986696,447.8104680770049,2.0,0.1770067734927998
STN009,05/08/2024 15:15,23.58689542611337,7.14598733130905,2.0014365743997,516.8428350241862,2.0,0.2915754616033694
STN009,05/08/2024 15:30,27.455563842777693,7.06002412172906,5.948684249630834,477.4053561191184,0.5,0.3698750641915933
STN009,05/08/2024 15:45,26.680571300963443,7.159487286010005,1.2749272733590826,456.4378878680554,2.0,0.178291481144401
STN009,05/08/2024 16:00,1.9955343727726291,6.909077066403481,5.138642139734899,546.5642821316628,1.0,1.3907611884989874
STN009,05/08/2024 16:15,22.239819549981657,6.866428008782519,2.678735095133115,535.3147013565542,0.5,0.2933877016697007
STN009,05/08/2024 16:30,30.0766938594331,6.852577692665281,7.27250115103845,563.8095739084184,0.5,0.3901301432122336
STN009,05/08/2024 16:45,35.1638004662133,6.603469572383089,4.425606434137231,456.2912011911272,0.2,0.3830617543912588
STN009,05/08/2024 17:00,12.16700882460398,7.045984519947963,3.956631941374392,497.53144653320817,0.0,1.3787566869358423
STN009,05/08/2024 17:15,24.52354797268335,7.3531665235896115,6.75700268497075,489.5370571898293,0.5,0.3738319983601563
STN009,05/08/2024 17:30,13.058108643661622,7.082076361238143,2.423555470841773,443.62372777548745,0.5,1.2489682997584295
STN009,05/08/2024 17:45,29.6404191155334,7.215398906291196,6.606380581054836,521.5123345289109,0.5,0.2903193888391149
STN009,05/08/2024 18:00,1.6742814785362723,6.54637531318996,5.560387773207748,479.8889316769035,1.0,0.3343140513235775
STN009,05/08/2024 18:15,16.044115260206127,7.079845869320806,5.72590147886714,487.8731286589064,0.2,1.409512473153511
STN009,05/08/2024 18:30,25.217261137506355,7.060737807768808,2.7740064441704253,430.02761449334577,0.5,0.2862901656940756
STN009,05/08/2024 18:45,32.098763170553724,6.5,4.266410936583104,497.3267193152829,0.5,0.2449999870385699
STN009,05/08/2024 19:00,41.133488897276834,6.983773872856202,2.5219663549408797,458.0102621072568,0.2,0.3675902923254998
STN009,05/08/2024 19:15,16.051266492551292,6.86307182875918,1.6332765749896818,421.6036768785128,2.0,0.4407862467570633
STN009,05/08/2024 19:30,36.83612966900553,6.958667183865119,3.2731676071816973,455.3228250768523,1.0,0.2502804447933998
STN009,05/08/2024 19:45,33.26071656598867,6.647371392248991,7.079886069963573,531.342011777543,0.0,0.2860579191982716
STN009,05/08/2024 20:00,25.5170404089596,7.052997899353636,7.06655830586077,548.7780833008724,1.0,0.2552603269977783
STN009,05/08/2024 20:15,33.7605310972687,7.06806404260485,6.06999641286675,512.3367566103057,0.5,0.2318593594133602
STN009,05/08/2024 20:30,88.22304688669198,6.705000828598656,7.745862171101844,542.2853765315779,0.5,0.3073782701893299
STN009,05/08/2024 20:45,37.04836575507894,7.053637619105299,1.205440977150597,385.0657334094624,2.0,0.4173604245098729
STN009,05/08/2024 21:00,7.278245967139951,6.538797875706056,5.332353540595316,507.0264844756703,1.0,0.671302711257145
STN009,05/08/2024 21:15,38.28358815026782,6.714168548634857,1.661633568813831,441.0508949226357,2.0,0.2628468663816526
STN009,05/08/2024 21:30,23.25883158637395,6.885223191229253,2.9461818962267645,515.0755263177915,2.0,0.4768272056971939
STN009,05/08/2024 21:45,41.004867653255104,7.083133246304015,5.821917750093437,529.5053535930667,0.2,0.4946391867145337
STN009,05/08/2024 22:00,31.222819854692663,6.5,6.575470141058014,491.381999663429,0.0,0.469616853452169
STN009,05/08/2024 22:15,34.4705891514491,6.768159189526166,6.336183134396888,540.8921995660145,0.5,0.4468575888749586
STN009,05/08/2024 22:30,41.51287655793186,6.5,6.497865475151288,557.8455921323546,1.0,0.1377267662818732
STN009,05/08/2024 22:45,36.8851358763868,6.9373762304860005,0.7698802836148815,460.1477552070753,2.0,0.3787476783638716
STN009,05/08/2024 23:00,26.939526193601942,6.5,7.310842395339846,532.5662080551972,1.0,0.3441692581218324
STN009,05/08/2024 23:15,80.6024956770265,6.913512381106154,7.460486433654915,502.5139576720137,0.5,0.5123349137975186
STN009,05/08/2024 23:30,44.74636788509602,7.0997839751024,5.515362634514312,558.1973823426858,1.0,0.2389440467964614
STN009,05/08/2024 23:45,17.080921484844385,6.5,3.111329097635675,478.0846399036944,1.0,0.3049787157712225
STN009,06/08/2024 00:00,37.36371611911512,6.571914338740234,7.211934317570669,570.9958582756935,0.5,0.2479045228648774
STN009,06/08/2024 00:15,12.634551405762398,6.971524635643137,2.535354445709326,482.0476889662078,0.2,0.7562843361491787
STN009,06/08/2024 00:30,24.918855585566835,6.703333745727774,3.498468831062917,447.66289351758695,1.0,0.17659195271262
STN009,06/08/2024 00:45,41.48791658651859,6.628141796239718,4.004114737192118,502.9443510118717,1.0,0.4341031562619349
STN009,06/08/2024 01:00,2.673696573388056,7.0541516960764445,5.106243662366209,513.4106466382982,0.5,0.5226756571347327
STN009,06/08/2024 01:15,36.94304429866739,7.136463498004873,6.794249094291852,576.6318953160662,0.2,0.1089526792434014
STN009,06/08/2024 01:30,36.42872759326736,6.5,3.1868264040112373,458.548094151012,0.2,0.2791713617129756
STN009,06/08/2024 01:45,23.600239503045056,7.190613447839094,7.140257288769625,559.0333757588573,1.0,0.0350567659161526
STN009,06/08/2024 02:00,35.60715301050378,7.0817676040409046,2.814886009649484,451.34953855581614,2.0,0.1607045013877532
STN009,06/08/2024 02:15,19.93833694708998,7.609103536701576,1.5754826051897997,464.2648198648952,2.0,1.454455829384869
STN009,06/08/2024 02:30,69.28042685002426,7.400757369737809,5.129371155223319,407.9622260756399,0.5,1.3500256399363946
STN009,06/08/2024 02:45,14.08792478322296,6.989131063011639,1.46536342426625,444.48760223181085,2.0,0.5206040796951434
STN009,06/08/2024 03:00,29.701337503315088,7.150831512529314,5.685815755583572,541.1288320451891,0.0,0.001738222510174
STN009,06/08/2024 03:15,43.86127261305248,7.41578085700696,1.532935877575588,401.733030701529,2.0,0.4790307674522142
STN009,06/08/2024 03:30,35.25673213435969,6.596011614878197,2.179721404203036,423.8864781897177,0.5,0.3626766879326741
STN009,06/08/2024 03:45,23.12347463904743,6.5,4.72913683808381,482.696784073108,1.0,0.4106605137997208
STN009,06/08/2024 04:00,34.71630189803042,6.858017421642545,3.805824599322357,447.1011994269589,0.0,0.4009718617058594
STN009,06/08/2024 04:15,29.42916171149424,7.284260369500834,1.218566023012391,433.2356063061883,2.0,0.4115395120932097
STN009,06/08/2024 04:30,27.469155104530397,6.544310861683078,5.722851400608226,490.58770309205454,0.5,0.3562421104873655
STN009,06/08/2024 04:45,24.302816827430263,6.780531823346783,7.629734297618825,554.8748833163588,0.2,0.400474137741398
STN009,06/08/2024 05:00,68.84444174300481,6.5,4.625149929818981,523.0119027072922,0.5,0.4458474317271918
STN009,06/08/2024 05:15,41.40515383695932,7.403401339804878,4.934250421323974,464.4874535243482,0.2,0.0211508038084768
STN009,06/08/2024 05:30,41.31934882957721,7.35752264002888,3.911771425382664,488.6476617990716,0.5,0.2203220277205661
STN009,06/08/2024 05:45,75.16160439419112,7.696184514820239,7.793252395303209,550.4237922148696,0.5,0.8486365313881516
STN009,06/08/2024 06:00,37.391574070743005,6.5,2.2608025166251045,493.1223105246859,0.5,0.2671842931990189
STN009,06/08/2024 06:15,33.249096362656175,7.234774527923559,1.903002795952666,493.4595437954927,2.0,0.1203009127150726
STN009,06/08/2024 06:30,3.472679297766579,6.5,2.536905983961522,420.42217328715685,2.0,0.4877199489530738
STN009,06/08/2024 06:45,35.376610063096614,6.5,6.20629577107519,525.6612858635712,0.2,0.0045010879980992
STN009,06/08/2024 07:00,27.646573170892506,7.018542452852574,2.212082914323436,405.8024262129211,0.2,0.4930714656544931
STN009,06/08/2024 07:15,28.72079613274593,7.145166966869247,3.156449427406475,452.5320044599108,0.5,0.2958559880677625
STN009,06/08/2024 07:30,27.83979599087894,6.634226023836567,3.439890581750883,508.4729912340413,0.2,0.1203634877246806
STN009,06/08/2024 07:45,44.786083088622135,6.5,2.2764652753033188,463.0809015317716,2.0,0.1883420681405085
STN009,06/08/2024 08:00,14.892559052251109,6.788056198940646,5.5333704301374205,509.82922596820174,0.5,0.5076690028691021
STN009,06/08/2024 08:15,30.43435248377709,6.659694449110519,6.293081216929871,569.5101106585837,1.0,0.2086686409550194
STN009,06/08/2024 08:30,12.258592360349096,6.5,3.727113668327665,459.4996077977357,0.2,0.7212121740571971
STN009,06/08/2024 08:45,16.456272094677168,7.131580891278359,2.939900006649224,492.0423713384146,1.0,1.340594377013549
STN009,06/08/2024 09:00,17.34066563361585,7.309982423180996,2.168033112441697,437.7250151564158,2.0,0.4848444588556444
STN009,06/08/2024 09:15,25.15853193467393,6.5,6.4726807839498335,553.4499173441235,0.5,0.2848712365790139
STN009,06/08/2024 09:30,28.02140305653292,6.899425887908691,2.380432686739454,430.1438926497452,2.0,0.1426796631327259
STN009,06/08/2024 09:45,31.91594469256007,6.845800162316578,5.496490025262903,480.151153691184,0.0,0.387488239641984
STN009,06/08/2024 10:00,34.98539645770237,6.551313045837433,2.4110456643773555,479.0611868114766,0.0,0.1996794083186681
STN009,06/08/2024 10:15,38.10307672794176,7.029080161749081,0.2207060040155188,366.6092927267381,2.0,0.303163469057257
STN009,06/08/2024 10:30,26.587346586082845,7.143557772056794,6.792732519890602,535.6195100960177,1.0,0.1616016439055533
STN009,06/08/2024 10:45,10.582680837932012,7.126693759419969,3.530972269743072,458.7982516887741,0.2,1.0482522061611237
STN009,06/08/2024 11:00,35.951139580339415,6.58254631227492,3.784796453441985,460.8901303949448,0.5,0.0788498521137155
STN009,06/08/2024 11:15,38.18288097115243,6.938068069539605,2.646041130857903,497.5333969482934,0.5,0.3698313367982724
STN009,06/08/2024 11:30,35.660044762920066,7.001115915314861,5.125995054793533,536.800164113463,1.0,0.3973038972107089
STN009,06/08/2024 11:45,43.9643011848884,6.978495692404114,0.6142261012818389,384.5863964367247,2.0,0.247126251026198
STN009,06/08/2024 12:00,21.581935959873757,6.702678624907232,7.144985446345214,550.8908710510166,0.0,0.0822000030866015
STN009,06/08/2024 12:15,41.428021895097785,7.337245931411055,4.481950258560777,439.8768493137782,1.0,0.3358194421470196
STN009,06/08/2024 12:30,40.31575265075557,6.72691915645392,4.634586743296735,492.11718153074446,0.5,0.2657171029603623
STN009,06/08/2024 12:45,43.43437839605389,7.502036856454921,5.203460700660268,518.2302422846752,0.5,0.3560163025603904
STN009,06/08/2024 13:00,72.36135073443272,6.959221150584954,4.10365409559048,520.4361139424238,0.5,0.7972822870411345
STN009,06/08/2024 13:15,23.02935995348649,7.270668182560814,2.636822904345069,423.071814590976,0.5,0.4379317929453802
STN009,06/08/2024 13:30,41.7335936577029,6.913753296273232,4.474903921618123,466.3881739698367,0.2,0.3455924080076949
STN009,06/08/2024 13:45,42.740637287174096,6.913769460566998,3.2066217567514625,513.1913118594972,0.5,0.4678956771357573
STN009,06/08/2024 14:00,4.082867606712837,7.055122109169041,7.177701040123327,536.4881270820372,0.2,1.262421547597586
STN009,06/08/2024 14:15,35.79990030063944,6.935264017631014,5.804247298644459,538.8468812802657,0.0,0.2353783619312837
STN009,06/08/2024 14:30,28.842017516738085,7.017843442087251,6.012776132086135,518.9540780303987,0.5,0.2692974470039279
STN009,06/08/2024 14:45,26.225555930621077,6.831425017367691,6.977984366556689,561.4167777280372,0.0,0.0751895410398487
STN009,06/08/2024 15:00,34.66399111434183,6.567143687734604,4.312693305429512,481.5233510200329,0.5,0.0053231720216853
STN009,06/08/2024 15:15,39.23313494467197,7.302814280269837,3.0915962027249417,420.10028294916987,0.0,0.4639019085782571
STN009,06/08/2024 15:30,8.871183521528474,7.249161826262899,7.876479446706454,565.6189214289111,0.5,0.8912475973910776
STN009,06/08/2024 15:45,38.167087201302586,6.939117980506853,0.2519033897704285,426.9405598768258,2.0,0.2560208615480199
STN009,06/08/2024 16:00,34.60012424433781,6.560970207831127,3.3028117373105594,441.90318281097126,0.0,0.1474336952995218
STN009,06/08/2024 16:15,22.856608016103603,6.574804526466551,4.736214796562624,443.82748324024544,0.5,0.0847160384834858
STN009,06/08/2024 16:30,83.51843905195398,7.275123016419438,3.5386275989274454,474.3735177811859,1.0,1.0437265529385242
STN009,06/08/2024 16:45,30.495916641216,6.911428060775648,7.470993822006782,512.6647983903305,0.2,0.4158138936487444
STN009,06/08/2024 17:00,44.01965709194116,6.831311700337687,6.76363205070387,578.3217546070673,0.5,0.1710430322027789
STN009,06/08/2024 17:15,2.985736297065027,7.183159157507868,3.799602524343853,426.04517374893175,0.2,0.996070398320618
STN009,06/08/2024 17:30,43.31892576489045,6.85467786119756,2.3504672619564198,463.7491793045291,0.2,0.1453646145506666
STN009,06/08/2024 17:45,25.435634309847792,6.607068022032244,0.4163775417833434,421.3430285761716,2.0,0.3300168109664312
STN009,06/08/2024 18:00,39.21018432195996,7.236054878806504,4.286760648046264,518.7033230578609,0.2,0.1383100391670589
STN009,06/08/2024 18:15,24.122544251275635,6.5,4.7098957359623,503.2850332826491,0.5,0.0553538971735291
STN009,06/08/2024 18:30,5.34192961568555,6.575946279085358,2.79327348432856,479.1346157676283,0.2,1.178038467365422
STN009,06/08/2024 18:45,43.93089483587907,6.5,5.27117054910144,454.5501610654208,0.2,0.3912617114317758
STN009,06/08/2024 19:00,30.610778739084584,7.2808137891171425,7.778415268778715,532.915594276898,0.2,0.4188293357748495
STN009,06/08/2024 19:15,22.27092419134641,6.5,5.494936389480143,494.03189556902703,0.5,0.2029188402107665
STN009,06/08/2024 19:30,0.9038960206895784,6.970989654975411,7.324529921900558,544.6162120890323,1.0,0.402829003160561
STN009,06/08/2024 19:45,0.0571741730152797,7.199476095707941,3.717376992093369,519.6623390856978,1.0,1.399235340069397
STN009,06/08/2024 20:00,36.31279190595646,7.593367001638008,7.916402380881618,579.0514719029491,0.5,0.4612357746502996
STN009,06/08/2024 20:15,23.92410549131445,6.5,5.590768195797121,491.2099045108485,1.0,0.3101470377456343
STN009,06/08/2024 20:30,11.888855500677424,6.796459986110174,0.7687048985225948,427.3966175643648,2.0,0.7624252371346494
STN009,06/08/2024 20:45,24.91261881472107,7.024681392212673,2.96351750041975,444.8003903756368,2.0,0.4396081210478201
STN009,06/08/2024 21:00,34.40084598123246,6.5,7.075713368372206,529.6317039930942,0.5,0.3271478641241476
STN009,06/08/2024 21:15,27.050055198464733,6.918346837144944,1.3941868703229936,378.98102244235423,2.0,0.0034971748745039
STN009,06/08/2024 21:30,3.122139727485469,6.7470662097728775,2.33578626690284,401.7383691956328,0.5,1.31490164954083
STN009,06/08/2024 21:45,23.37375920085405,6.5,5.604155984533137,542.9784381259674,1.0,0.2538413227101984
STN009,06/08/2024 22:00,37.48016432944207,6.825946632074398,6.226761846624958,509.7471353067121,0.5,0.3260560451789854
STN009,06/08/2024 22:15,28.53634371075512,6.7720548543192765,1.5385940614083795,412.39897918593664,2.0,0.1654296617088334
STN009,06/08/2024 22:30,18.1443963332388,6.5,7.313351910756305,562.759940302576,0.5,1.0063783978858996
STN009,06/08/2024 22:45,42.97322618366323,6.620295968563338,2.170780965838457,421.2768703764743,1.0,0.3931118580553174
STN009,06/08/2024 23:00,43.08313409740609,6.972279174186366,5.571790092528811,516.6797706510815,0.5,0.1045333035542991
STN009,06/08/2024 23:15,13.050102446501793,7.138101872271701,1.0184738084469864,460.4092738066567,2.0,0.8065912514564331
STN009,06/08/2024 23:30,29.72822959211482,6.522998912594553,2.087903154321434,481.0067478394938,2.0,0.3282822572745236
STN009,06/08/2024 23:45,24.07163203370469,7.020361256531911,3.084204270357695,471.216829424486,0.2,0.1543125790805496
STN009,07/08/2024 00:00,40.84189093183389,6.5,4.314953511708739,557.95857342535,0.5,0.2803816672941963
STN009,07/08/2024 00:15,70.35365374197282,7.001390366345638,2.952380401684274,448.8774119438349,0.0,1.274257345628237
STN009,07/08/2024 00:30,12.165766984956928,7.54195860542996,6.025560322619207,487.34448167902855,0.2,0.6258548843915237
STN009,07/08/2024 00:45,37.14490489712967,6.805648954388753,0.5207507671073125,430.1292396679743,2.0,0.3283138994663445
STN009,07/08/2024 01:00,12.158210058885492,6.628643451901577,3.6903182642987735,485.0796550573894,0.5,0.5494751525399124
STN009,07/08/2024 01:15,96.57779696990931,6.815699576790849,7.543923704228881,528.4857510101247,0.5,0.6992160270410668
STN009,07/08/2024 01:30,33.099953382420466,6.951111418842584,3.6524050613427015,485.8551289017657,1.0,0.264797982733145
STN009,07/08/2024 01:45,98.92951374678736,6.670287436253576,4.568556497474481,508.3983359897376,0.5,0.6984874179566166
STN009,07/08/2024 02:00,42.135125204455655,6.668239965816688,5.154038242274889,520.0518522639532,0.2,0.1171547987099404
STN009,07/08/2024 02:15,22.759031864885344,6.767326281649172,7.881653003039163,562.9410304619588,0.2,0.0140983305117876
STN009,07/08/2024 02:30,29.067091153024343,6.674056140616107,3.011971792059751,424.0592892747233,0.5,0.1173010257086029
STN009,07/08/2024 02:45,8.251845713924052,6.737374666734528,7.911415665204922,582.7323209667833,0.2,0.9237435299496304
STN009,07/08/2024 03:00,32.272190127018575,6.5,2.287275361965021,428.7466145290372,0.2,0.0918530041813518
STN009,07/08/2024 03:15,28.16628023468701,6.641482695126819,6.120646309486914,543.4827273950376,0.5,0.0465266098770262
STN009,07/08/2024 03:30,32.72003679545786,6.5,2.302430142995074,448.6707438083908,2.0,0.1593463533681272
STN009,07/08/2024 03:45,34.19794279529294,6.5,7.051030058534749,536.8038941101842,0.0,0.162745129816154
STN009,07/08/2024 04:00,33.92615785852716,6.586789668995845,1.9126868369456709,457.21286669662015,2.0,0.3854621710316486
STN009,07/08/2024 04:15,52.07382428568202,7.173868885872469,6.72995209338895,532.8887540855817,1.0,0.4949317840043523
STN009,07/08/2024 04:30,27.476709562473808,6.781591460954851,7.4771709853483905,572.8529886942156,0.0,0.2508583948690022
STN009,07/08/2024 04:45,23.348344283473057,7.024281572146056,3.037418766035294,498.6463179942498,1.0,0.3264174829997667
STN009,07/08/2024 05:00,43.8778385757755,6.679949494283124,4.306990940172346,529.0609505405355,0.5,0.2494470918980556
STN009,07/08/2024 05:15,6.366260092569263,7.627572218422758,0.3928357827695216,410.86452968406695,2.0,1.1800248790940442
STN009,07/08/2024 05:30,41.6546873067682,7.557893412937771,0.8556126141325893,399.50339818730896,2.0,0.3247887662624987
STN009,07/08/2024 05:45,36.8749147434876,7.193104128001432,3.6392888019901712,498.4907224755216,0.2,0.3855957491421912
STN009,07/08/2024 06:00,23.233112810410237,6.7498830585482485,3.243238770609313,410.5001620035856,1.0,0.2504114713986936
STN009,07/08/2024 06:15,7.734575224793163,7.428740102351933,5.592344480820708,499.6885380069253,0.5,1.370115102041184
STN009,07/08/2024 06:30,41.19857813689626,7.055275097787634,4.40219511810833,440.88592148223256,0.2,0.4188796267975028
STN009,07/08/2024 06:45,18.729748847113186,6.966122322975162,6.739646782460644,537.1098277537895,0.2,0.6345844164569312
STN009,07/08/2024 07:00,41.05996007257909,7.119289979957858,5.04387946048643,558.4502976445336,1.0,0.0653809480365442
STN009,07/08/2024 07:15,20.741542537834807,6.762120121985692,4.708874078767363,481.90976526675695,0.2,0.1216032343221072
STN009,07/08/2024 07:30,21.116730020618974,6.645939651428502,5.206898569257972,468.0423410382944,0.5,0.2082942254176629
STN009,07/08/2024 07:45,27.48471444464351,6.97347462471583,2.5367317674880017,411.1379176144968,2.0,0.1797998132132121
STN009,07/08/2024 08:00,43.504485523298165,6.933518998871337,6.507394229610182,536.9054059629802,1.0,0.1188611138674426
STN009,07/08/2024 08:15,36.06127950231642,6.500625183281993,2.910437002558737,462.07110481078433,2.0,0.1391873991917685
STN009,07/08/2024 08:30,13.188256827041236,6.761628878777024,3.986674173545351,440.6379482370732,0.2,0.4143257994343569
STN009,07/08/2024 08:45,16.4953206071239,6.909412894471196,7.3916372810953,547.5483141160742,0.5,1.1662478983455078
STN009,07/08/2024 09:00,8.99198372447361,7.024144468792709,2.9913760348421,481.6795004163369,2.0,0.978067851534948
STN009,07/08/2024 09:15,39.2935451656316,6.735874186735317,6.834275204692063,514.3993262379503,0.0,0.3961590932950169
STN009,07/08/2024 09:30,1.1705442280195322,7.062761793579867,2.263072912373667,413.88478299654514,1.0,0.8232552502819688
STN009,07/08/2024 09:45,98.75032051795084,7.208202724832249,5.681113251190137,552.695660837168,0.2,1.0233244624207871
STN009,07/08/2024 10:00,41.06172648276794,7.011497727597175,6.329089866529598,544.9117303578862,1.0,0.2900128061541814
STN009,07/08/2024 10:15,33.38574466070865,6.5,2.98165521886832,489.2444418656519,1.0,0.0884213629150337
STN009,07/08/2024 10:30,40.99236121961836,6.863753817195611,1.846495160289816,444.1426630445266,2.0,0.3044235544150112
STN009,07/08/2024 10:45,23.10595517250059,6.7716590154248495,3.916279731208621,439.2502573509494,0.5,0.1159790752822991
STN009,07/08/2024 11:00,42.950124926612204,6.741364876387316,1.019412278200624,431.089481082895,2.0,0.4915034765778354
STN009,07/08/2024 11:15,36.00936539387904,6.812352946972943,4.272990576977106,523.0908944789599,0.0,0.4604320605544715
STN009,07/08/2024 11:30,34.120317977723666,7.241912974129535,3.33811524577391,472.206353634524,0.5,0.4728578299818325
STN009,07/08/2024 11:45,35.891686357707854,6.9349988303716845,4.774434211642358,480.70357674634704,0.5,0.3944800677469106
STN009,07/08/2024 12:00,24.332557898273244,7.560478421874655,7.228647667439413,564.1138341113328,0.5,0.4458514498165987
STN009,07/08/2024 12:15,41.106989837722416,7.182248226989905,7.2649101037243025,556.9963985661393,0.5,0.1616848764140759
STN009,07/08/2024 12:30,83.07821483085834,6.638134586451237,2.2557719567110386,478.44313772319936,2.0,0.3460478328389096
STN009,07/08/2024 12:45,37.16593376409252,6.71062423720586,5.3090612806094,547.1118768935811,0.0,0.4630162878704517
STN009,07/08/2024 13:00,96.63630826649808,7.532897243337747,6.9491991655064735,501.4590453314349,0.2,1.0710062716183564
STN009,07/08/2024 13:15,41.33047141306196,6.857554676610013,2.780216062334887,443.29577373811605,2.0,0.0375582877205478
STN009,07/08/2024 13:30,5.947351671945231,6.861322006294418,2.042044926815043,406.15502573433713,0.5,0.3651648185480787
STN009,07/08/2024 13:45,44.86572181495149,6.5,4.013984162285091,465.1565701555678,0.5,0.0667773139940438
STN009,07/08/2024 14:00,41.711544788508064,6.52888492649969,7.00094121109851,531.5484047989171,0.0,0.4658253905257156
STN009,07/08/2024 14:15,50.50871597276847,6.623579327333004,2.478963359307317,466.1455546943861,0.2,0.5098432799401647
STN009,07/08/2024 14:30,44.151571136128936,6.516969893930154,5.893413762939454,550.1631363056218,0.0,0.2388981793991921
STN009,07/08/2024 14:45,18.989296988876685,7.270297844016212,2.875170929593157,417.8275200541302,0.2,0.7363357333569297
STN009,07/08/2024 15:00,20.01128806112497,6.5,5.005146766865988,512.5723305205888,1.0,0.3918039768124332
STN009,07/08/2024 15:15,19.614319616411024,6.941411998633398,7.692176952818717,540.4620118287555,1.0,1.0383749340163886
STN009,07/08/2024 15:30,60.32539217414859,7.146632430467316,1.129557046706374,374.53115965930334,2.0,0.7821589384954102
STN009,07/08/2024 15:45,37.814745278227946,6.675914208315676,5.923968788402293,563.5362170639995,0.2,0.3847032859176881
STN009,07/08/2024 16:00,22.99832318077539,6.847791329200364,4.438830247365158,509.150331160196,0.5,0.1879837620551
STN009,07/08/2024 16:15,32.512803112376545,6.664604610655771,5.719798840605522,549.6670468147443,0.5,0.3921107280643794
STN009,07/08/2024 16:30,36.716320972337805,7.021770682136596,3.932510389155146,497.78810682266896,0.0,0.1812692385899361
STN009,07/08/2024 16:45,34.03836672157716,7.025968906022462,1.3822033343250189,397.3900433164744,2.0,0.0534961086731782
STN009,07/08/2024 17:00,44.19546887425636,6.855846598100794,3.146353840617821,460.2440068770255,0.5,0.0734705020873533
STN009,07/08/2024 17:15,39.56064171371069,6.582531077662239,1.5004202311849653,408.2488476111443,2.0,0.0007076451237886
STN009,07/08/2024 17:30,30.72691670861199,6.5586084496563775,2.092935430501282,448.06775717860427,0.2,0.2215898694294487
STN009,07/08/2024 17:45,22.83229401398137,6.701375038163211,2.2203854911614886,458.15428431444406,0.2,0.3050733575820998
STN009,07/08/2024 18:00,22.47110595844396,7.0236767211177495,2.303134697374213,434.2672130652725,0.5,0.107211806991434
STN009,07/08/2024 18:15,44.24117773491715,7.605830076799728,6.62230263927222,501.23759277328736,0.2,0.4830531855109011
STN009,07/08/2024 18:30,31.81068986870217,6.5,3.749161327156596,451.7405250920058,1.0,0.1633989174372944
STN009,07/08/2024 18:45,8.446798303219776,6.9850571934356,1.0927437658292618,426.5102309939121,2.0,1.239222645998033
STN009,07/08/2024 19:00,18.012926114882312,7.08836936420033,3.988004996443352,507.6228072655504,0.0,0.8253871996153033
STN009,07/08/2024 19:15,43.74480595517021,6.697343377447747,5.171284464288706,508.2504420230662,0.2,0.0393424876955932
STN009,07/08/2024 19:30,37.37969332846336,6.615776514340444,7.875506140813506,567.554033294903,0.2,0.3194862021101788
STN009,07/08/2024 19:45,25.894482581722876,6.79418897859004,6.557480170432337,518.6588618976272,0.5,0.3636197871120194
STN009,07/08/2024 20:00,8.232906801004074,7.386703059911561,7.510152441781909,532.3440081705728,0.5,0.7690985591886401
STN009,07/08/2024 20:15,37.63971033569143,6.538001184497511,5.862979241675497,483.87855414782894,1.0,0.2056462955966728
STN009,07/08/2024 20:30,32.89796746820734,6.5,5.557579607815453,542.8464934255849,1.0,0.1365011805677485
STN009,07/08/2024 20:45,39.12689833691509,7.16426345623777,3.626702698916309,450.87472659246527,0.5,0.0218591498907232
STN009,07/08/2024 21:00,25.51053482709033,7.142471006603905,3.60306649334808,486.2889306547693,0.5,0.4993443499175733
STN009,07/08/2024 21:15,23.74205119838013,6.781151068409821,2.760157438225128,450.8528822497036,2.0,0.3666284080494429
STN009,07/08/2024 21:30,44.30967000732555,6.892755702601279,5.353143197892948,447.0952805213845,0.5,0.3893430849568536
STN009,07/08/2024 21:45,24.09533545267025,6.5991672856926735,7.045629263788776,542.8111472120091,0.0,0.3958571509201106
STN009,07/08/2024 22:00,27.23380939044427,6.5,5.536655654979847,516.6349229966098,0.2,0.3028458305895258
STN009,07/08/2024 22:15,41.78349201527735,6.747188762254011,6.093799722275786,469.5399316490606,0.0,0.2530604961997382
STN009,07/08/2024 22:30,8.971744997547944,7.219975329343687,5.6308169013768055,516.750556667183,0.5,1.1489267887517642
STN009,07/08/2024 22:45,44.64814223620516,6.732395861395009,2.934649955655709,478.9468219820285,0.5,0.047031375932822
STN009,07/08/2024 23:00,35.58202187739184,6.768336273753632,5.737305971348037,486.3778809242417,0.0,0.4644794864797986
STN009,07/08/2024 23:15,16.543639719096138,7.289007590858862,3.578669614499503,503.8304114949131,1.0,1.1555169157362994
STN009,07/08/2024 23:30,42.67333653977087,6.932223151791164,3.9390890021874654,460.5296612393854,0.5,0.4975619475212448
STN009,07/08/2024 23:45,35.874314371342656,7.269477643344289,7.712802028250823,552.557960679158,0.2,0.2110458727145855
STN009,08/08/2024 00:00,10.885347559420392,6.917612402138422,6.184108825048878,524.6347564049007,1.0,0.6157190183176697
STN010,01/08/2024 00:00,22.52219735096849,6.548178176446931,5.895101907740121,554.9316074488416,0.5,0.299599887597221
STN010,01/08/2024 00:15,31.291833249057333,6.5,2.7798113343423,442.37951964636113,2.0,0.2065623139971392
STN010,01/08/2024 00:30,31.8388972997244,6.5,6.761216061641635,573.0035494779266,0.5,0.2268062069237154
STN010,01/08/2024 00:45,20.685582895938342,6.511741691722314,1.461544373301351,454.7227508394125,2.0,0.2281200190764804
STN010,01/08/2024 01:00,20.891385732871967,6.597001793151469,5.999090955113021,549.675817446948,1.0,0.1654056418386407
STN010,01/08/2024 01:15,39.95926388717139,7.662921713726176,3.4031216286178974,488.10557274040303,0.5,0.2502053474095306
STN010,01/08/2024 01:30,72.43285350946094,6.745244685078336,2.797496117676026,473.7570753217821,0.2,1.3737918725303728
STN010,01/08/2024 01:45,36.39077182460089,7.182057736446211,7.805469477246246,522.8479853702419,1.0,0.1850630483685348
STN010,01/08/2024 02:00,41.86732950850397,7.411606485123652,7.540259176703305,529.9522498820927,0.5,0.2935047636384005
STN010,01/08/2024 02:15,20.862733737502325,7.0264871278997765,0.2691733467245483,427.1318881769996,2.0,0.2818019391350218
STN010,01/08/2024 02:30,33.36103834565856,6.6944321919123455,6.958263817002025,537.6239945147267,0.2,0.0264777115929619
STN010,01/08/2024 02:45,39.10535349531659,6.828570742935697,5.344349312118486,549.3084959209447,0.0,0.2060445993643661
STN010,01/08/2024 03:00,30.29664404554732,6.763705195170323,4.316998588750312,514.0359840285835,0.2,0.1459900191009885
STN010,01/08/2024 03:15,40.05774306620823,7.11694355088432,6.690385161505096,489.6352210046303,1.0,0.4365683631981208
STN010,01/08/2024 03:30,37.61250625504731,6.64125709517548,2.514619113488949,445.4438919644056,2.0,0.0592202135121323
STN010,01/08/2024 03:45,35.60805496148451,6.806671375906115,4.4756081705121655,474.0273415631992,0.2,0.137164826083086
STN010,01/08/2024 04:00,0.652943570102722,6.815782788819823,6.06921463501244,521.7579097186923,0.5,0.4542092916860674
STN010,01/08/2024 04:15,12.26046917119118,6.916289016260534,4.248765029966971,472.3247134367507,0.2,0.5753409292390107
STN010,01/08/2024 04:30,20.572281883677725,6.69841970093758,7.069269163428892,508.7691337706535,0.5,0.2138314454327468
STN010,01/08/2024 04:45,8.390002598083967,6.5,2.8981921771615244,444.6691697993406,0.0,0.5255593113396235
STN010,01/08/2024 05:00,32.692451187211496,7.080354136852253,7.138673547811729,533.6706215144424,0.5,0.4633608342424583
STN010,01/08/2024 05:15,22.631990369890467,7.160927185614345,7.493903550967635,576.5238444421569,0.5,0.0900864944698697
STN010,01/08/2024 05:30,33.983137418399096,6.790195818942502,2.831835670558604,462.390200867778,0.0,0.0584058024410579
STN010,01/08/2024 05:45,41.74165222990936,6.71216313615593,2.044120671033133,436.9629658801516,1.0,0.3075900108526361
STN010,01/08/2024 06:00,27.328583416743054,6.874846727347031,7.609058532930375,566.4982311509144,0.5,0.1405526506296233
STN010,01/08/2024 06:15,37.21357111879658,6.713930225379252,7.9716898936996605,537.3660910393947,1.0,0.3890989238173862
STN010,01/08/2024 06:30,32.18933719204485,6.542670933960239,2.553199441721953,475.08838294889193,0.5,0.3234410033264837
STN010,01/08/2024 06:45,78.49801456794233,6.688988275489374,2.163183665624774,461.230143272557,1.0,0.6390375230137741
STN010,01/08/2024 07:00,24.496601023363464,6.652489623591288,5.134201404410186,495.5397182885827,0.5,0.4166953138524847
STN010,01/08/2024 07:15,23.80449826458056,7.491966315084788,2.22274797211054,482.66156882108976,2.0,0.4616741888358582
STN010,01/08/2024 07:30,36.45514921947264,6.5,0.8262178914245093,386.46953353375307,2.0,0.3661167051191832
STN010,01/08/2024 07:45,4.490641554973394,7.0128067533049165,7.973321891206533,531.7787318078689,1.0,0.4027033438685585
STN010,01/08/2024 08:00,24.55309408462708,6.801909156396268,2.6169668273066544,448.2313686583865,2.0,0.2283645991139071
STN010,01/08/2024 08:15,32.037288402918186,7.573435532722246,2.835645330983636,438.0197919348874,2.0,0.4162347522400825
STN010,01/08/2024 08:30,30.94518755990154,6.855171775794627,4.088051870212013,488.3751368458844,0.2,0.408827603362605
STN010,01/08/2024 08:45,31.19561849237796,7.031125430424906,1.3882959468671496,384.0743165687412,2.0,0.3306063200319081
STN010,01/08/2024 09:00,72.41357403156658,7.11837526754324,2.55172159393776,507.4966242627029,0.2,0.4916827296995196
STN010,01/08/2024 09:15,82.40092415181095,6.954028417813968,2.049496730915922,455.7204433558012,0.0,0.7447973556560422
STN010,01/08/2024 09:30,75.31262729329237,7.190360851312876,2.4348526981188106,425.1909995904552,2.0,1.2254154965815354
STN010,01/08/2024 09:45,16.941845488571786,6.952069235825486,3.180906895091016,504.5105734013345,0.2,1.2551577008021777
STN010,01/08/2024 10:00,43.67207284961931,6.627520262788794,7.451389289599243,582.1181838270408,0.5,0.3474837662199674
STN010,01/08/2024 10:15,23.894144937162363,6.662688782043756,2.9284824136666883,480.85724582069633,2.0,0.257890195350599
STN010,01/08/2024 10:30,79.42444326129952,6.787107596467233,2.784178488118159,479.3311715858915,0.0,0.67149959799783
STN010,01/08/2024 10:45,14.081435061013694,7.225326169044723,6.239650357052824,533.7105957837495,0.2,0.5993825686100978
STN010,01/08/2024 11:00,2.989088049712172,7.15532212629732,7.825209879565392,606.6619648000768,1.0,1.0778398570069243
STN010,01/08/2024 11:15,28.994334848795425,6.787980033972608,6.009106169657265,547.206753815945,1.0,0.3204668070123781
STN010,01/08/2024 11:30,44.07447889197833,6.678216880325903,0.8451665862651647,479.19623696402846,2.0,0.0644479649238952
STN010,01/08/2024 11:45,24.899267594200687,6.535511965155275,1.4597192441573903,427.8051224378223,2.0,0.4137296968786338
STN010,01/08/2024 12:00,26.389999529921788,7.120955064086542,7.091535191245923,572.5944585823559,0.2,0.4901651765335121
STN010,01/08/2024 12:15,20.707906369477147,6.5,6.400370323720957,540.5255797038963,0.5,0.3097854095684334
STN010,01/08/2024 12:30,1.2485273339150993,7.287057844866736,4.115059274807687,491.8878413927298,1.0,0.6237972731788252
STN010,01/08/2024 12:45,20.650946762560903,7.008027522737031,3.0527986538632854,487.5442805336626,1.0,0.4090709524209041
STN010,01/08/2024 13:00,43.309234706530646,6.839738710020526,6.475597522141262,524.5974555320417,0.5,0.3104056185071058
STN010,01/08/2024 13:15,43.62065037873262,7.062642735185124,5.849012056024804,562.4101492165036,0.5,0.3989704420814969
STN010,01/08/2024 13:30,75.82787687588088,6.752850572164738,4.011800994669429,488.9171087454261,0.5,0.3583279914269059
STN010,01/08/2024 13:45,33.519574728251364,6.72789648543107,1.296123477033542,423.1983974937818,2.0,0.3536169256279521
STN010,01/08/2024 14:00,26.712250424069403,6.966672239627936,1.0624960018048415,467.0308852325553,2.0,0.4662565844611787
STN010,01/08/2024 14:15,24.90325262314382,6.913771411475367,6.404963966962606,572.857460239216,0.0,0.3072839680039768
STN010,01/08/2024 14:30,5.283601785029132,7.463940999630632,5.390962987731489,494.2389150349386,0.5,0.919623041263158
STN010,01/08/2024 14:45,38.99370391147848,7.211248779887393,7.124527538585507,514.2943384725586,0.5,0.4141548676553433
STN010,01/08/2024 15:00,32.02441069320317,6.893833751144921,1.8484201631411543,432.1212459532448,2.0,0.0214503688166073
STN010,01/08/2024 15:15,90.35091667029889,6.681515601904971,0.4902952479330174,437.87694850519694,2.0,1.2236142329696291
STN010,01/08/2024 15:30,31.806159004108515,6.934012573414759,4.8587091742459805,499.7333279401063,1.0,0.3696088635972393
STN010,01/08/2024 15:45,14.590933425458363,6.789042081393592,7.98011572528902,626.7775629575787,0.0,0.9787846595840656
STN010,01/08/2024 16:00,28.082332063102022,7.025099663231926,6.647213044614741,522.6646011060535,0.2,0.3641684969797806
STN010,01/08/2024 16:15,41.62034039759624,6.772611985737358,7.430332255797971,516.5951694851291,0.5,0.232560523766333
STN010,01/08/2024 16:30,40.61680407685539,7.343839635300635,1.38791905304533,452.2054727200786,2.0,0.3570757267607913
STN010,01/08/2024 16:45,37.097070845910935,6.740056215385054,3.050941816106839,433.8724724205674,0.0,0.4791183477705065
STN010,01/08/2024 17:00,25.11065688003608,7.0070322026014455,5.499098231397062,608.1974387478527,1.0,0.033834153321381
STN010,01/08/2024 17:15,5.872934294060553,7.150660724082154,4.511648919798884,509.1133255894574,0.2,1.1152060440941065
STN010,01/08/2024 17:30,23.76007821885964,6.568673066170434,6.014950688618859,521.9527272944368,0.5,0.233499027430092
STN010,01/08/2024 17:45,44.8760787120319,7.056012211166795,6.392816635069458,529.1215879143946,1.0,0.3332833586529281
STN010,01/08/2024 18:00,2.909773969107348,7.01590845917672,4.131115615621936,451.9407090206749,1.0,1.3510671995453296
STN010,01/08/2024 18:15,17.163021505956742,6.5,7.725193599016351,589.6199985056612,1.0,1.020132767512869
STN010,01/08/2024 18:30,15.849369240013385,7.027004664932319,1.4600460610936885,412.2573133557148,2.0,1.0332466531611035
STN010,01/08/2024 18:45,30.269134468880036,6.829050424953612,5.001308215697918,522.09158736645,0.5,0.0746772625650842
STN010,01/08/2024 19:00,38.91379400499707,6.601317941152378,2.73821771726994,451.1759397244759,0.5,0.1470328636998626
STN010,01/08/2024 19:15,39.008095489400034,7.017800617284964,2.9512491960079057,428.86500829439166,2.0,0.4085749826831984
STN010,01/08/2024 19:30,98.55371819874242,7.015709420880669,5.852477284539329,493.2811662970571,0.0,1.4864190290725303
STN010,01/08/2024 19:45,32.900292579356424,6.91955751979819,6.590154116807609,498.582034016164,0.5,0.0275659479789108
STN010,01/08/2024 20:00,43.97902393960554,6.581281317416146,0.6548199373031534,408.1811334556759,2.0,0.4675005189455251
STN010,01/08/2024 20:15,28.61795446009475,7.310238472237714,1.1580827900278647,418.5875249138131,2.0,0.4846504129845813
STN010,01/08/2024 20:30,24.719875050922973,6.5,2.906731988213823,438.41139259389854,2.0,0.2446895722417017
STN010,01/08/2024 20:45,9.600084987253243,6.531536576178707,3.118416406296791,478.1127304679306,0.0,1.1548509115107333
STN010,01/08/2024 21:00,30.85691720368336,6.858042859276129,1.0966880411368365,400.8005399781832,2.0,0.2481440488788824
STN010,01/08/2024 21:15,30.20385242484709,6.898783647280392,0.5621094489507601,453.44617367702654,2.0,0.4636510389030465
STN010,01/08/2024 21:30,22.048507480203508,6.864522183364161,7.46467353464079,560.6935584681555,1.0,0.0083944422873221
STN010,01/08/2024 21:45,22.746168470106163,7.126619616566769,7.209005690330799,565.6865115710018,0.2,0.0996351772672031
STN010,01/08/2024 22:00,32.32458233428949,6.856129179425952,5.569532749950703,459.0429178302732,0.5,0.0893305483053307
STN010,01/08/2024 22:15,33.14357622049481,6.586303667184396,5.408889241409454,450.8219967910065,1.0,0.0445603598359872
STN010,01/08/2024 22:30,16.108257636768332,7.156394828298214,2.353008971428029,446.013326177881,2.0,1.2952349423299132
STN010,01/08/2024 22:45,31.561828320670337,6.591691989232576,2.820962739676829,428.6415684560827,0.5,0.2316370202622747
STN010,01/08/2024 23:00,36.16087764775935,6.830664688336827,3.9855034686798154,491.2038136019685,0.5,0.0145335770964338
STN010,01/08/2024 23:15,1.7068195347837234,6.9260546752216,2.7914836971671866,466.8674107760375,1.0,1.4986985342966015
STN010,01/08/2024 23:30,37.594237148622256,7.168539465753243,6.131798011858805,505.3332797885244,1.0,0.418623313729734
STN010,01/08/2024 23:45,41.74668752946874,6.651154618143448,5.251234762314208,526.692774735453,0.5,0.2726277810108752
STN010,02/08/2024 00:00,33.86134861876495,6.974329140373941,2.232735651902844,472.5820060909222,0.5,0.0975602128133955
STN010,02/08/2024 00:15,4.679545992120136,7.054958281890714,3.796256659093379,492.2635070674608,1.0,0.7338634207268333
STN010,02/08/2024 00:30,14.765458480117498,6.95385525620851,7.1517510587675766,539.0998595661588,0.0,0.7045703466655159
STN010,02/08/2024 00:45,25.953062150766005,6.636640775201799,7.284963589558649,515.2166570926812,0.0,0.497408733370132
STN010,02/08/2024 01:00,20.017951874747897,6.642641776831102,5.176734888698201,502.4090923316229,0.5,0.4701642277545138
STN010,02/08/2024 01:15,33.60572094682368,6.739575068308935,6.270502033504646,547.4455279767936,0.2,0.1996923669758719
STN010,02/08/2024 01:30,43.68039723093932,7.026902681641041,2.006280706068774,410.6083062448762,1.0,0.3030941911773093
STN010,02/08/2024 01:45,63.56079341758447,6.89983506868273,2.439455335753876,368.73655298270575,1.0,0.5266232255567702
STN010,02/08/2024 02:00,0.9099275178086907,7.496732393543549,4.164710430232237,451.4390551113016,1.0,1.1355960863297152
STN010,02/08/2024 02:15,80.11052537183187,8.095100944630543,2.136205315512228,429.25949203981526,2.0,0.7034733403559432
STN010,02/08/2024 02:30,21.29362669934025,7.409801475133381,6.792761411737667,502.3802520485458,0.2,0.4402451188290809
STN010,02/08/2024 02:45,32.87166560990852,6.809388819172215,6.46376652938542,560.4113054496553,0.2,0.1919235730399324
STN010,02/08/2024 03:00,25.66399937395706,6.558918465245722,2.744891466418994,500.7540564486894,0.2,0.0140464643152806
STN010,02/08/2024 03:15,25.0457442176929,7.590155119281505,4.62716930743208,554.1287785090021,1.0,0.1493051386761971
STN010,02/08/2024 03:30,26.741710020959403,7.065646389740254,6.492133101913083,487.9261051324235,0.5,0.1619518380345682
STN010,02/08/2024 03:45,39.05617671328552,6.878639334927493,6.193219740026751,518.9025518007754,0.2,0.2614888444791862
STN010,02/08/2024 04:00,15.647665955897684,6.802951684829654,2.381009418647838,457.7141588154897,0.2,0.8488638985934676
STN010,02/08/2024 04:15,88.78018336660344,6.826051294120519,2.261915780133495,442.4703058984596,2.0,0.3460143536371006
STN010,02/08/2024 04:30,23.47054937871148,7.299635928091223,3.5075261102931146,466.5018768741821,1.0,0.4581030089918563
STN010,02/08/2024 04:45,38.82885809287235,6.853710305283668,2.6519030910925,463.8527535410807,0.5,0.3166729612214845
STN010,02/08/2024 05:00,44.81878463336839,6.5,2.0958931113293624,454.6673345944331,2.0,0.2240400040615222
STN010,02/08/2024 05:15,27.17327478636504,7.274196824204038,0.852468913805311,414.8585061419894,2.0,0.315548563254255
STN010,02/08/2024 05:30,29.15960775344081,6.816191574267669,5.677208182001964,527.519211030516,0.2,0.0970249832256319
STN010,02/08/2024 05:45,88.97335780888903,6.5,7.518351431114502,567.5147641199555,0.5,1.3748218678123332
STN010,02/08/2024 06:00,21.03756609448908,7.087817285973264,7.613465953113634,493.4015502546487,0.5,0.0625740846477197
STN010,02/08/2024 06:15,25.5051275740556,6.668382623283042,2.942048089271227,442.5893193209562,2.0,0.2265298091952952
STN010,02/08/2024 06:30,27.30427281711837,7.666579304737453,2.4008191004826958,480.4584198106047,0.2,0.4736620187157298
STN010,02/08/2024 06:45,34.50393738640217,6.55271970216918,7.583543197129391,514.1384925706187,0.5,0.3942024555128066
STN010,02/08/2024 07:00,40.560370994152805,6.5,6.848756236564974,537.40404794307,1.0,0.0816649736516902
STN010,02/08/2024 07:15,34.009970669804645,6.5,0.5374883506746271,371.93789628585137,2.0,0.350347383799436
STN010,02/08/2024 07:30,55.766913797622834,6.869990510831303,0.2749315826171387,417.0497801259765,2.0,0.3882684023371565
STN010,02/08/2024 07:45,14.343601744596372,6.947144946432424,7.72372752607413,532.960400897977,0.5,0.500037864534726
STN010,02/08/2024 08:00,36.196111899684,7.0568682106540335,4.760275850047093,435.58882661488747,1.0,0.4736529936669906
STN010,02/08/2024 08:15,37.51486342637671,6.5,1.6114613234567432,412.3848778647955,2.0,0.3771058013022473
STN010,02/08/2024 08:30,39.0659114203371,6.913399268968671,5.094674388989489,499.1563077353172,1.0,0.180500414198996
STN010,02/08/2024 08:45,12.868292074650263,7.016477380494457,2.393823727789381,466.72097697462897,2.0,0.7039825862727522
STN010,02/08/2024 09:00,17.166731186212342,6.616143645374457,2.259568847401321,445.6840655208149,2.0,1.1593004240124047
STN010,02/08/2024 09:15,68.57285388244094,6.7167764348442685,1.2262603359041298,411.2136436873874,2.0,0.602519990067806
STN010,02/08/2024 09:30,20.875329089793624,6.5,2.9889470059195897,487.7706451457772,0.0,0.2226069818348788
STN010,02/08/2024 09:45,2.219711246134737,6.843845700518859,4.918748670995175,535.2468272108382,0.5,1.4351107751500396
STN010,02/08/2024 10:00,38.383504180842834,6.764781222082716,5.645310325050978,490.3530438318144,0.5,0.3579904985165913
STN010,02/08/2024 10:15,35.51856672124755,6.96642551818015,6.51958548646823,535.2436589991238,1.0,0.1234589093039369
STN010,02/08/2024 10:30,18.01837450125835,6.950009620013804,2.3763480030311386,398.6747168379198,0.5,0.5096020008794914
STN010,02/08/2024 10:45,38.160549408113056,6.5,3.5665988560281763,448.8281714242404,0.5,0.0808533461036129
STN010,02/08/2024 11:00,67.57568866487934,7.095097788661063,5.410673128497367,537.6017792295436,0.5,0.8408372409755644
STN010,02/08/2024 11:15,38.35042985071005,6.596983146832338,0.6117464372908397,464.4662084034837,2.0,0.1083105130720593
STN010,02/08/2024 11:30,92.84397864738438,7.800207712143213,2.522280991012319,444.8989468430476,0.5,1.4574126693694829
STN010,02/08/2024 11:45,4.987250733234836,7.32960478634056,6.3894943923233,524.4142801398682,0.2,0.8028356126413778
STN010,02/08/2024 12:00,40.44586921901172,6.5,7.002770852973512,517.8156797741123,0.0,0.4860750068546277
STN010,02/08/2024 12:15,43.721828895638495,6.880891075185295,7.390559102479244,566.2557361483185,0.2,0.2913038675442042
STN010,02/08/2024 12:30,37.16864538256517,6.854017518097455,1.4163706937826996,447.18012443061366,2.0,0.3274632762537968
STN010,02/08/2024 12:45,3.5743246430588997,6.814446613884766,0.6374538141747357,395.9151792510609,2.0,0.8334102404691102
STN010,02/08/2024 13:00,40.81048600232328,7.306107307191868,6.717196890794784,570.6150305000446,0.5,0.2439763647895834
STN010,02/08/2024 13:15,38.4983440273961,6.769449909962059,3.5499671939916317,509.04730668719066,1.0,0.4551200326936573
STN010,02/08/2024 13:30,39.91112119373642,6.970892512471459,3.909476184910044,474.27748333335614,1.0,0.0370401392556894
STN010,02/08/2024 13:45,33.208348280247776,6.741919002235083,3.950869037696053,529.0705329156382,0.0,0.495325937328925
STN010,02/08/2024 14:00,77.87515817392983,7.327970535945067,3.5952054420327237,473.50428117029065,0.5,0.6893347691111906
STN010,02/08/2024 14:15,41.950948049342514,7.128053340031261,7.065452002296516,566.3946394629919,1.0,0.2866889865274493
STN010,02/08/2024 14:30,36.73589196901036,6.5,1.0272145536653814,363.163026349594,2.0,0.3101028750693199
STN010,02/08/2024 14:45,44.51577581931773,6.668792938620339,4.236562829695948,502.68011971743545,1.0,0.3489140698398491
STN010,02/08/2024 15:00,38.20656833669239,6.634743506416649,6.773881519898077,549.473568377185,0.5,0.488886270464322
STN010,02/08/2024 15:15,63.83315300721724,6.93947943315449,2.170621143551142,475.04524993873525,2.0,0.8352596516066333
STN010,02/08/2024 15:30,35.66251596955938,6.602495516951622,3.1878845120274746,453.64238548572695,1.0,0.2969256643430085
STN010,02/08/2024 15:45,21.4095155809416,7.022132201185886,1.6512170880415462,416.21075768330354,2.0,0.0952935310536129
STN010,02/08/2024 16:00,18.112879251909117,6.991067753252279,2.3046832829916024,472.0072458337226,0.5,0.6941354256066001
STN010,02/08/2024 16:15,41.76928794675733,6.837799869492178,7.552531679373152,559.9183576271278,0.0,0.463581348998382
STN010,02/08/2024 16:30,34.175840733840666,6.674100383251621,3.900250018406876,470.4162478311056,0.2,0.3295104703059623
STN010,02/08/2024 16:45,3.7162935050395194,6.890609843956856,1.043666890394734,446.9527883124314,2.0,0.701013340791979
STN010,02/08/2024 17:00,7.248448460737928,6.69694617265782,7.669250004571486,522.1995142891924,0.0,0.3797785359917476
STN010,02/08/2024 17:15,34.47599682775513,6.807064678709959,3.823824187666463,567.8150555514977,0.5,0.2994536584181786
STN010,02/08/2024 17:30,25.65442334830081,6.5,3.313556678095048,487.4751735286654,0.5,0.0618927693858379
STN010,02/08/2024 17:45,12.32336488029837,6.5,2.522233090012571,471.7539924386298,0.5,0.6520563054418129
STN010,02/08/2024 18:00,41.682814964851474,6.9306677499408496,5.372298402228998,472.2667494168255,0.5,0.0967315911912953
STN010,02/08/2024 18:15,34.5157038717261,6.5,4.417482830684052,490.5895324778745,0.0,0.0996186535147916
STN010,02/08/2024 18:30,33.14739524238169,6.67326425774199,2.4212441069240147,428.677453415386,0.2,0.1163316428966712
STN010,02/08/2024 18:45,40.91502649109043,7.040827536646617,2.751776240595439,453.2944407781972,0.0,0.2698512505415352
STN010,02/08/2024 19:00,26.37005675123519,7.053035743007964,4.082491220030787,461.3178248373666,0.0,0.2972828425929123
STN010,02/08/2024 19:15,40.7100091467201,6.93283378665808,6.056172375952125,534.8849199822276,0.0,0.172580292425307
STN010,02/08/2024 19:30,68.46964090281966,7.207573730516872,3.0489356370227494,456.7501213305709,1.0,0.303486550925383
STN010,02/08/2024 19:45,16.60411071158286,6.988134728307161,7.710903585342592,550.5891967384256,0.2,1.4598948669909564
STN010,02/08/2024 20:00,42.19824421339022,7.215741320316913,7.871335846999548,565.9722371842577,0.2,0.3871384042798834
STN010,02/08/2024 20:15,29.6169041503888,7.006275448739197,7.984794382911088,552.242046604518,1.0,0.4669272348758947
STN010,02/08/2024 20:30,28.218702743243988,7.036314588229706,6.319327839808835,529.0999671723118,0.2,0.1695726712184262
STN010,02/08/2024 20:45,41.74727534637877,7.266146822501558,1.2509366252394645,425.0750073524508,2.0,0.4927923344034196
STN010,02/08/2024 21:00,28.17181926200832,6.5,5.9714892906650565,548.9127945003862,0.5,0.1046318621791638
STN010,02/08/2024 21:15,21.53211276153836,6.630795928794444,0.4751088172437779,367.84667264822497,2.0,0.1242784321731356
STN010,02/08/2024 21:30,39.86006433941345,6.520787677106517,3.286834100784189,478.25993242547366,0.2,0.3405957518136479
STN010,02/08/2024 21:45,65.77974139105936,6.793783249825099,6.922496546578713,523.5389774037802,0.0,0.8233643021006156
STN010,02/08/2024 22:00,2.8386122260407265,7.38822433730255,5.0565557675558885,495.7902414853529,0.5,1.4656647406523642
STN010,02/08/2024 22:15,91.8390719781276,7.057384452668953,5.353845334164973,509.4325119437841,0.5,0.8507092881043585
STN010,02/08/2024 22:30,39.11677952442446,6.998555988643966,5.0277340000360935,455.8864771599995,0.5,0.0777832713593897
STN010,02/08/2024 22:45,64.4597976347419,6.95116575548858,3.14317044199896,437.2214262982653,0.5,0.7748724355337349
STN010,02/08/2024 23:00,23.22831204109663,7.111372029281206,5.556254966583106,551.9843300540366,0.5,0.1462055718242904
STN010,02/08/2024 23:15,34.22311538608813,6.5,0.7034908532696371,354.1517551025842,2.0,0.0357913606476859
STN010,02/08/2024 23:30,12.358724595802215,7.615285603433112,4.561579058995938,432.4473339333679,0.2,1.166598795040102
STN010,02/08/2024 23:45,35.42980949913341,6.695148455254155,5.575197470920559,531.0947775399188,0.5,0.3640006922824422
STN010,03/08/2024 00:00,22.28839062350227,6.606123929373541,3.729689440999999,443.43535931764666,0.5,0.0108153790001158
STN010,03/08/2024 00:15,37.87363425504505,6.744646457185057,2.4496691772713515,451.3797813792693,1.0,0.3186845779343523
STN010,03/08/2024 00:30,44.07619536960912,6.979599545263566,2.390901364909195,409.4200130158519,0.0,0.1606688085889363
STN010,03/08/2024 00:45,54.67567812044408,7.356833186769155,4.312791503314324,505.7983327800357,0.5,0.5339962270304934
STN010,03/08/2024 01:00,2.070275771834522,6.8033757640634205,4.247104618314391,534.163848319131,0.5,0.8749426368757223
STN010,03/08/2024 01:15,17.493850185599264,6.806222778582492,2.641190892718401,466.9999659913221,2.0,0.4722811207490146
STN010,03/08/2024 01:30,7.900831502225856,6.897500958582183,6.45102592674357,566.3200852405555,1.0,0.3016058951240556
STN010,03/08/2024 01:45,25.932754942446856,6.980997937791127,6.953803511873756,509.8218634560674,0.2,0.4351102855920568
STN010,03/08/2024 02:00,23.42952259645241,6.5,7.091377573160319,581.5600806209168,0.5,0.1326984606314526
STN010,03/08/2024 02:15,14.066394130158532,7.30935459668056,5.291720307426212,523.2588883498174,1.0,1.3522536220999497
STN010,03/08/2024 02:30,32.15538184251157,6.577620156926831,2.827361477116256,524.9918520094795,0.5,0.1726312623763531
STN010,03/08/2024 02:45,52.8229739524886,7.27642504459152,4.817172261044489,506.0108614263543,0.5,1.1714131912659291
STN010,03/08/2024 03:00,38.78009421348486,6.996935760158775,2.932277347218178,468.5051548684025,0.5,0.2673783980527229
STN010,03/08/2024 03:15,20.433244055807418,6.891166811774439,3.358306933467033,509.8333257072831,0.5,0.4248994668060439
STN010,03/08/2024 03:30,19.995270572209108,6.562561483800501,7.766536087010989,523.4401286068118,0.0,0.4540873157776635
STN010,03/08/2024 03:45,41.97217227734603,6.527413865927502,6.164538218024456,541.1648875142903,1.0,0.4376685278623433
STN010,03/08/2024 04:00,35.33890643787061,6.906005504751317,6.172356372457712,531.9245849998708,1.0,0.3226240788500954
STN010,03/08/2024 04:15,41.062031778922645,7.1005108137177375,4.025289400568178,477.4293561543265,0.2,0.4023951003067045
STN010,03/08/2024 04:30,39.12462842138392,7.392683154116775,4.22897856048328,520.9831243882529,1.0,0.4717808397287812
STN010,03/08/2024 04:45,18.17441990612277,6.792231070903283,4.504572360179963,506.2768291007999,0.5,1.2545121847992493
STN010,03/08/2024 05:00,23.47949766483824,6.854448890771325,6.792969379130671,556.8974608785824,0.2,0.2723482966049599
STN010,03/08/2024 05:15,21.223939887998736,6.53870211886854,3.636045286786838,527.6608244918801,1.0,0.0665965888608278
STN010,03/08/2024 05:30,38.049037258247495,7.012732294138115,1.2342731458710858,392.7326810405039,2.0,0.065983592243988
STN010,03/08/2024 05:45,29.824654976722684,7.072807522637545,2.016252006526547,461.5314590732453,1.0,0.1366538008617353
STN010,03/08/2024 06:00,11.09425145888592,7.208679152563362,5.075839246424419,502.9593986170742,1.0,0.8774469011319306
STN010,03/08/2024 06:15,35.94664150485721,7.418926322047167,7.038587341001594,572.8162168475444,0.5,0.4718784586045792
STN010,03/08/2024 06:30,67.62935156434413,6.712971431955153,3.659613199735022,461.07703694283,0.0,0.9822184996889624
STN010,03/08/2024 06:45,16.743440675128717,6.882574211012417,7.42281689270228,586.6400570529112,1.0,0.7209812855292759
STN010,03/08/2024 07:00,1.6726053377429495,6.964709645368249,3.3614237856559326,453.5375407812505,0.2,0.7798310438232716
STN010,03/08/2024 07:15,21.19879266429681,6.811754435038075,5.531072655842627,515.2000324816163,1.0,0.0828717757451498
STN010,03/08/2024 07:30,39.59075559143925,6.922021284505719,5.953973146316509,501.6307594135242,0.5,0.4263363983793206
STN010,03/08/2024 07:45,40.28557269288266,6.638673676220976,2.411746214313503,484.2193169527617,1.0,0.1248177993283253
STN010,03/08/2024 08:00,25.45321714355142,6.967199907240427,3.750287902387827,484.58009863266153,0.5,0.1541768505780552
STN010,03/08/2024 08:15,35.257660860255086,7.11689560605533,1.4979329333915874,451.4985825625407,2.0,0.3888462323453089
STN010,03/08/2024 08:30,39.76349150866578,6.5,1.853630986544477,438.07268724145786,2.0,0.1563066936481419
STN010,03/08/2024 08:45,36.35758812033876,6.5,7.884070351560091,590.0419753180889,0.0,0.4302069317185122
STN010,03/08/2024 09:00,1.106459397452546,6.653910289569409,7.297512659117926,512.225780420954,0.2,0.5588359436836243
STN010,03/08/2024 09:15,44.8685321145216,6.826968055735723,1.5558043335948286,409.3437370572319,2.0,0.388970235566257
STN010,03/08/2024 09:30,30.04721763210234,7.490448395164938,3.4603734705603717,511.1695644764277,0.5,0.4307854989489562
STN010,03/08/2024 09:45,33.151259450683234,6.562378294507293,7.286696852991155,527.8622784884351,0.5,0.270457389487628
STN010,03/08/2024 10:00,24.29458318859951,7.530147787398944,2.08938810467816,424.1055863517895,0.2,0.461265253632011
STN010,03/08/2024 10:15,35.49380362946558,6.645684742099686,5.096964640903533,525.3486775160669,0.5,0.3042436583331507
STN010,03/08/2024 10:30,28.68992451922788,7.059830779947874,3.4366873864380967,461.87696023475735,0.2,0.0477141249610636
STN010,03/08/2024 10:45,24.481768846064643,6.730796067772128,2.58901899639564,444.1058049914854,2.0,5.373302975830718e-05
STN010,03/08/2024 11:00,88.93436454265037,6.599880802364174,7.04245816411883,528.6081791259379,0.2,1.4939798939098787
STN010,03/08/2024 11:15,40.49045759876037,6.638515828768543,2.770282014370105,435.30556508709503,0.5,0.0972121278941787
STN010,03/08/2024 11:30,29.480388996918307,6.8584605059321575,7.180671222753311,496.5913931464058,0.0,0.2332019142954967
STN010,03/08/2024 11:45,37.87036488405568,6.5,3.221797467081892,448.65423703272353,0.5,0.1177202282683168
STN010,03/08/2024 12:00,39.98498121826886,7.112289779776406,0.8438476344349,404.64850982079145,2.0,0.2311986666460972
STN010,03/08/2024 12:15,41.47831305913621,6.5,5.7941871877610245,527.3497297613728,0.2,0.0596439364030575
STN010,03/08/2024 12:30,29.98717813220871,7.299833519809357,4.940613624751702,550.1120041575379,0.0,0.4332223426716149
STN010,03/08/2024 12:45,35.80115569598658,6.608181329336403,5.382261635680575,492.5320618315369,0.5,0.477623326326866
STN010,03/08/2024 13:00,26.870191212494277,6.807194321635429,2.8021461141363244,463.28924685063953,1.0,0.2027279187273682
STN010,03/08/2024 13:15,36.50468074055925,7.421734961710549,2.472201889914625,412.23309413861216,2.0,0.4888128660003506
STN010,03/08/2024 13:30,27.14332976900342,7.188211448932908,6.515316208681134,580.538600239611,0.0,0.2964990529163475
STN010,03/08/2024 13:45,12.299878022099763,6.753439166141005,4.405841386805694,492.94847667930776,1.0,0.648417619951168
STN010,03/08/2024 14:00,87.10435902947017,7.52912460277469,5.018248554129951,558.6312527957365,0.5,0.5736210975260423
STN010,03/08/2024 14:15,37.24097781160272,6.5,5.675296846214199,540.394172526246,0.2,0.109643036135448
STN010,03/08/2024 14:30,11.61895322411597,6.787255367260205,4.903654832407858,508.602555465091,0.2,0.4132355542614435
STN010,03/08/2024 14:45,22.75615285993372,7.666039196750395,2.8137904247818923,433.6618390591208,2.0,0.2846352243214033
STN010,03/08/2024 15:00,11.772907901965269,7.024988688637692,2.113063535610332,456.0408685520512,2.0,0.4921755453369544
STN010,03/08/2024 15:15,40.77602237895008,7.134791058186626,6.654030710998648,529.4885854063348,0.5,0.4702824680619614
STN010,03/08/2024 15:30,32.727025930466766,7.268167906087548,1.5670306179793998,468.7248615019609,2.0,0.4567828126642652
STN010,03/08/2024 15:45,29.5605872709371,6.972818535085843,4.842017047265223,531.6475277906799,0.2,0.1089312502805106
STN010,03/08/2024 16:00,42.46475783388276,7.320248913112276,7.158608282191124,524.9939295144205,0.5,0.2791456105410599
STN010,03/08/2024 16:15,16.55876717215331,6.810003807000065,5.012266961695603,522.4160936020061,1.0,0.8205823389512195
STN010,03/08/2024 16:30,59.84017303842791,7.017403581589614,0.6149439853696457,416.6239210389048,2.0,0.906207789752388
STN010,03/08/2024 16:45,20.586072473365363,6.988055572364272,5.504457671056413,512.1461040427108,0.5,0.105250043288702
STN010,03/08/2024 17:00,34.43300767739842,7.180746663374948,1.856701342933037,439.61358281484473,2.0,0.3283873233720381
STN010,03/08/2024 17:15,87.80173317750838,6.5,2.4142771299840438,456.1423757005121,2.0,0.3447481061948841
STN010,03/08/2024 17:30,22.138531812229893,6.784783755028973,4.187659501493602,492.7774452287787,0.0,0.3788050941148697
STN010,03/08/2024 17:45,39.70805369017423,6.923684212783242,6.830636689621475,527.554999612509,0.2,0.3210410701783089
STN010,03/08/2024 18:00,3.297734205588889,6.777143839642329,5.025120311770908,481.4833694164928,0.2,0.4750048319659212
STN010,03/08/2024 18:15,69.1501510844142,7.492327439411533,5.439549369992912,550.9125411969799,1.0,1.0026982167471652
STN010,03/08/2024 18:30,0.7734724755237954,6.719567759087,3.865360040422494,486.7022218820949,0.5,0.8258838743300316
STN010,03/08/2024 18:45,12.373979362059815,7.223387617258103,7.620560209183672,589.2525215996911,0.0,0.9341428399337888
STN010,03/08/2024 19:00,5.742189525071808,6.771856309070138,5.524666583447184,503.33829573905206,0.5,0.317225231101634
STN010,03/08/2024 19:15,22.141720370219836,7.091910392083504,7.132545157043347,569.5615758960846,0.5,0.444316046026929
STN010,03/08/2024 19:30,31.654501773933973,6.740970665434562,7.568076203397697,559.2402004433231,1.0,0.0233315812132907
STN010,03/08/2024 19:45,23.99518022506133,6.781698915290432,7.710652584530358,575.5596512944591,1.0,0.3595858397603921
STN010,03/08/2024 20:00,28.422887449763053,6.754027282501762,7.244261090296982,548.2750797708787,0.0,0.1533264183930823
STN010,03/08/2024 20:15,37.33167317816271,7.267394272035514,7.190969942797421,565.0240088587502,0.5,0.329930498000396
STN010,03/08/2024 20:30,70.42602539376205,6.930531449499268,5.736980098567817,559.8188626955574,0.2,1.4691432730683305
STN010,03/08/2024 20:45,25.720436699495774,6.749823860165191,7.922108760994293,526.4000018624537,1.0,0.2261930629456142
STN010,03/08/2024 21:00,23.95765967348032,7.089235826529922,6.405148542184613,550.6098651084376,1.0,0.2501727147889926
STN010,03/08/2024 21:15,68.79335138767124,6.907681815845223,2.7881916860110696,409.54083688126616,1.0,1.0823805933320192
STN010,03/08/2024 21:30,58.56375939927737,7.063259412017502,7.300582820133796,558.8810896973458,0.0,1.2396076083707983
STN010,03/08/2024 21:45,11.624665906461969,7.0868472135799205,5.922860496592025,514.1602916387577,0.5,1.099863200898945
STN010,03/08/2024 22:00,31.03513649679212,7.037489835427371,2.83489885195108,467.8687286922225,2.0,0.4042896774282289
STN010,03/08/2024 22:15,36.64380032460348,7.19102698648006,3.7546663285567705,419.0537563008114,1.0,0.1229528051423634
STN010,03/08/2024 22:30,41.235460598120326,6.627298922842203,2.7094309591313923,476.4577407462375,2.0,0.3044552712071701
STN010,03/08/2024 22:45,24.12538471576785,6.693152873900933,6.418434474401151,525.2541634211444,0.2,0.4215372165145186
STN010,03/08/2024 23:00,40.33635859711791,6.5,2.445954805812269,414.03300235399615,0.2,0.0708854817203349
STN010,03/08/2024 23:15,14.172860524567636,7.252700238205796,6.144277159816137,511.0704371493293,0.5,0.7061670436639181
STN010,03/08/2024 23:30,39.88938391166583,6.824219767018722,6.350383034922153,548.9402294656174,0.5,0.0844255223101064
STN010,03/08/2024 23:45,40.21025248235373,6.885874126624103,6.616240673944613,535.712831355635,0.2,0.258313669238606
STN010,04/08/2024 00:00,37.42030348757794,7.126466879623445,6.0416569023202,508.2521943925161,0.5,0.0225145126751525
STN010,04/08/2024 00:15,27.49782183668465,6.6027685196150525,3.133328507675668,461.0824184208371,1.0,0.0769050131361596
STN010,04/08/2024 00:30,32.613274288558536,7.2104588241787155,4.466070100838409,484.68135037044834,1.0,0.1575584525176644
STN010,04/08/2024 00:45,26.152599739217973,6.5,4.556164089576285,537.7954548061998,0.2,0.1868529397183822
STN010,04/08/2024 01:00,23.074732683152263,6.5,1.6140868119516376,435.54128069367925,2.0,0.2340760651404385
STN010,04/08/2024 01:15,32.402582008210906,6.749789417800101,5.00712232970875,491.5278661094065,0.5,0.0329684058668322
STN010,04/08/2024 01:30,24.064172548252778,7.052629030913092,7.287952248191851,504.1002891733213,0.5,0.0699354122552519
STN010,04/08/2024 01:45,35.22924055807691,7.007490052445488,2.597898183801416,462.1789128623353,2.0,0.4595406538228689
STN010,04/08/2024 02:00,59.04914260809934,7.106234073069777,2.104054850610848,420.8819886810567,0.2,0.7066303202135528
STN010,04/08/2024 02:15,44.88619094761808,6.689335725329875,7.204000079755014,479.85133334377423,0.5,0.08466278687123
STN010,04/08/2024 02:30,0.9768614353512906,7.128535430759699,0.7713640638114605,463.7467857349207,2.0,0.9574673671406492
STN010,04/08/2024 02:45,10.182335473778776,6.5,6.957171197597954,578.9861891069198,0.5,0.3888442884928456
STN010,04/08/2024 03:00,34.704676606148894,6.99552281731478,5.367467153339866,557.8441617667065,1.0,0.4937488030548628
STN010,04/08/2024 03:15,2.213286029659816,6.604807803394911,1.03225888454287,404.671625836437,2.0,0.5447825126201469
STN010,04/08/2024 03:30,37.939854680492616,7.015827847651497,6.941006682827885,562.3178541927696,0.2,0.373005456078441
STN010,04/08/2024 03:45,1.4088979968333382,7.120915368656227,5.263586548150048,526.6947339548828,0.2,1.3338775641156535
STN010,04/08/2024 04:00,9.47610862743269,7.210409974102347,3.448512905176282,499.00306617607566,0.5,1.3218114614301757
STN010,04/08/2024 04:15,41.78751468500774,7.128771236888279,6.529837543832662,534.816874640786,0.5,0.4362153082846451
STN010,04/08/2024 04:30,35.6412058577162,6.865716489723917,6.9552273400209454,505.7444613732639,0.2,0.3020537407477587
STN010,04/08/2024 04:45,64.4567102299892,6.858389963779031,2.1095995724229937,430.9767057186957,0.2,1.0387747504470906
STN010,04/08/2024 05:00,39.94162671520115,6.5,0.6291932187282535,468.9537386442303,2.0,0.320154638784672
STN010,04/08/2024 05:15,30.220894398973783,7.163966919649851,7.460155848477214,534.5628998896696,0.5,0.2662777450720695
STN010,04/08/2024 05:30,1.5256563878620932,7.42476379836142,7.236471990241649,602.3931767303627,0.2,0.7673495366058807
STN010,04/08/2024 05:45,75.29834283566122,6.64375439833115,1.3081110628539725,351.07969039101897,2.0,1.4291678088849775
STN010,04/08/2024 06:00,20.53752915857941,6.695271108462729,4.676052707742354,501.736753124308,1.0,0.1710424904351863
STN010,04/08/2024 06:15,24.358961579655517,6.540026138390979,4.053003013801552,448.4409123038972,0.5,0.1670884912542872
STN010,04/08/2024 06:30,24.302963931330435,6.8399746752183415,7.775561504235139,550.507478242768,1.0,0.0677362066707733
STN010,04/08/2024 06:45,21.018702956505223,6.624560890156513,6.808467693923904,521.8107731582297,0.5,0.2976217544919319
STN010,04/08/2024 07:00,12.899073879332938,6.6617338445109375,7.120957000392828,542.8087263769031,1.0,0.3553864172662297
STN010,04/08/2024 07:15,81.66437153973746,7.425299590725224,2.8292329945367003,464.7361920097088,0.5,0.92187703119987
STN010,04/08/2024 07:30,14.687997908019518,7.346183224651273,2.2304617855807924,480.83126937696943,0.2,1.4089577824161954
STN010,04/08/2024 07:45,28.14482626537305,6.92134617784998,6.183253133666906,548.4685979472705,0.2,0.0080498606209672
STN010,04/08/2024 08:00,43.9397191224562,7.211328156179482,4.74848613180652,513.1073828766495,0.0,0.1869442077168753
STN010,04/08/2024 08:15,22.83680893830887,6.782738929629903,3.3208198548890047,430.898261160635,0.5,0.216372517884094
STN010,04/08/2024 08:30,32.65441156617567,6.792985321531224,2.1235261785167374,448.7320640048322,0.5,0.1049870309253494
STN010,04/08/2024 08:45,57.04725026539568,6.973012860330435,4.252430335848533,482.3519809781289,0.0,0.3147482225849762
STN010,04/08/2024 09:00,93.52870907956157,7.2057516194587246,2.2742323420226858,465.4354846564317,2.0,0.5859815873543217
STN010,04/08/2024 09:15,42.21072798554195,7.633450518559846,2.02082448081366,462.2643291671528,1.0,0.1779370793713993
STN010,04/08/2024 09:30,6.7468156541281,7.267904800090555,2.941515946894161,440.66123236616767,0.5,0.5837513771848866
STN010,04/08/2024 09:45,31.83053414257993,6.5,0.9690208168169876,458.2312604235741,2.0,0.1579787866783996
STN010,04/08/2024 10:00,23.10242267022503,6.553004246896335,2.6892898855395666,467.9288465642014,2.0,0.1421873654553261
STN010,04/08/2024 10:15,87.55654152578978,6.5,5.883736285432722,502.6474252557277,0.0,1.1984474986003288
STN010,04/08/2024 10:30,9.930658738645125,7.099319372298497,4.828380957257927,524.0397695506648,1.0,0.988565062850174
STN010,04/08/2024 10:45,39.670033830132354,6.5,1.9134901162741584,453.8815827337668,2.0,0.3959204128597679
STN010,04/08/2024 11:00,30.37877983623772,6.808968622253278,2.9002599127709465,402.0621082260421,0.2,0.0364818397621506
STN010,04/08/2024 11:15,20.592137524202883,6.776296117129486,5.060951866159979,530.7752635769438,0.2,0.3225549404851516
STN010,04/08/2024 11:30,68.73210256929649,7.45381703681615,2.006208985033071,430.60953242643023,0.2,1.4157499025722131
STN010,04/08/2024 11:45,27.372356123294463,6.648645600167735,3.456708875007533,444.8798470645585,0.2,0.0278486892950095
STN010,04/08/2024 12:00,8.004276248948624,7.591960020344866,2.647745585829867,528.9127990388467,2.0,0.5748423976484629
STN010,04/08/2024 12:15,34.38511549531671,7.030725770761388,3.321461018926286,459.142156725199,1.0,0.3080889074911546
STN010,04/08/2024 12:30,8.346851217241069,7.0561156720887,4.095815144528684,449.6794377389024,0.0,1.2866654487663114
STN010,04/08/2024 12:45,15.707006770647434,6.5,4.373461343498097,456.7844411215168,1.0,1.3791782872375542
STN010,04/08/2024 13:00,88.760789776952,7.006512284958229,2.7316050679378963,456.55726437259705,0.2,1.4023747400457445
STN010,04/08/2024 13:15,53.20262867766237,6.808316389196589,6.793282622390951,525.7979914842575,0.5,1.371896907964253
STN010,04/08/2024 13:30,55.65132286306469,6.681797552625811,7.318996710180056,568.3234475218829,0.5,1.1227318999411462
STN010,04/08/2024 13:45,69.35576835438576,6.970500863042606,5.12820210095999,468.40935011390224,0.2,1.0751092932699566
STN010,04/08/2024 14:00,43.00597202918287,6.663617926353117,3.335771042406326,451.45951640336,0.5,0.3321919204633242
STN010,04/08/2024 14:15,6.382264062185632,7.097193540172684,2.052900152593329,423.6792824514732,1.0,0.8512201367429144
STN010,04/08/2024 14:30,19.123930222626683,7.488343777587324,3.5395673525361446,452.944099290951,0.2,1.2485347810345342
STN010,04/08/2024 14:45,34.242203887070744,6.88410861686357,2.3548144736294065,425.8918111098107,2.0,0.355197725369723
STN010,04/08/2024 15:00,3.843748563878071,7.595371212826706,6.364497628192512,500.6040146293912,0.0,1.1510493502307368
STN010,04/08/2024 15:15,0.7453450364630188,7.311416127764999,7.379177264804027,544.4203487731959,0.5,1.1102696894079185
STN010,04/08/2024 15:30,29.333327604811128,6.728900174528872,0.9862875065778952,452.56678570848567,2.0,0.0825983449512328
STN010,04/08/2024 15:45,37.90985981302552,6.875886698173201,2.467378062477667,432.1196082802371,0.0,0.0433478498059259
STN010,04/08/2024 16:00,31.70333537060836,6.523578508735403,7.6316418498002845,553.7778321526603,1.0,0.1922022662274543
STN010,04/08/2024 16:15,57.82482810217985,6.940095997300592,7.879221640026798,534.1573254847542,0.5,0.515953703327369
STN010,04/08/2024 16:30,40.56107373517867,6.5,5.144384422086225,525.3550792653522,0.5,0.3334506574721896
STN010,04/08/2024 16:45,8.823949033763931,6.5,5.954071869770125,503.3410301403299,0.2,0.8515223122715974
STN010,04/08/2024 17:00,92.83462462001911,6.524521040660844,2.4272729138597016,442.2572957322477,1.0,0.953314654258132
STN010,04/08/2024 17:15,26.43968305419862,6.737370826835874,4.322921063540919,503.017687186941,0.5,0.2613736332468339
STN010,04/08/2024 17:30,25.09094755994544,6.5,5.813611729000948,519.8767129084207,0.5,0.0323927461852083
STN010,04/08/2024 17:45,28.71992038441131,6.903865023858796,5.512674198001502,521.4158388743273,1.0,0.3276073000523573
STN010,04/08/2024 18:00,42.704059003350125,6.619465975462611,0.380116214087131,343.64963479941144,2.0,0.2009959993393971
STN010,04/08/2024 18:15,90.42530918284824,6.5,5.530150963002292,493.7108458203308,0.5,1.3579770146350658
STN010,04/08/2024 18:30,33.774619400020725,6.650029028849981,3.1862655164602085,415.9741029535637,1.0,0.3810234074766004
STN010,04/08/2024 18:45,32.68958236365943,7.578385441498958,0.5046040664795883,453.87532944285664,2.0,0.4989629307874479
STN010,04/08/2024 19:00,6.574728469902704,6.951477069161085,2.1912916443491177,418.0910588062183,0.0,1.2180917112449188
STN010,04/08/2024 19:15,61.46583709712522,7.618308732549575,5.263544994237269,475.8963775132698,0.5,0.537829322661993
STN010,04/08/2024 19:30,95.84205613810492,7.035039935500409,7.116657531733235,519.7432396660065,0.0,0.931891427884212
STN010,04/08/2024 19:45,28.13100735824753,6.5,2.860016883653852,499.7916705161675,2.0,0.095377779730214
STN010,04/08/2024 20:00,38.57031009437799,6.957266407911947,4.6983012065799175,484.3354782775103,0.2,0.2129095309017047
STN010,04/08/2024 20:15,42.9068693755494,6.5543322101459855,6.706148584390407,517.2506968606615,0.5,0.028435969212372
STN010,04/08/2024 20:30,25.66765342762816,6.582106990954871,7.624214123138271,598.7618649368585,1.0,0.2631877387951701
STN010,04/08/2024 20:45,29.257552434963365,6.950476383629298,4.764848025212652,525.272238472068,1.0,0.0361149199209359
STN010,04/08/2024 21:00,22.455597104888987,6.974577281600271,7.978128208780649,569.9244914016365,0.5,0.4638594893130218
STN010,04/08/2024 21:15,25.67336204517539,7.14132260932946,2.6513244847918056,481.97349597018274,1.0,0.3622275071892917
STN010,04/08/2024 21:30,19.207614648931465,7.166038779716517,1.4353455090820848,395.0441935127542,2.0,0.7555112150974963
STN010,04/08/2024 21:45,41.21899059698159,6.839667434847257,0.2233938918838551,420.5215214993409,2.0,0.2116566387723663
STN010,04/08/2024 22:00,1.834851458712268,7.234310891312954,6.8927955867544295,472.538095821566,1.0,0.5279568890616471
STN010,04/08/2024 22:15,33.68781479746485,7.134356004493517,0.3567765886500816,387.0568364811992,2.0,0.2963152717003895
STN010,04/08/2024 22:30,0.3537920314986054,7.670458868908056,0.9197343561283656,421.64335149661616,2.0,0.6716211473039211
STN010,04/08/2024 22:45,25.055634612053247,7.115818971868507,6.997516609969319,544.1701511297643,1.0,0.3982877368958956
STN010,04/08/2024 23:00,38.47424065603335,7.233873576873025,2.154206240878641,460.1601962782331,2.0,0.4970569092219359
STN010,04/08/2024 23:15,8.578531754371575,6.5905048378896005,2.4662312959133987,411.2881603297783,2.0,0.7358173626850684
STN010,04/08/2024 23:30,40.50940990319501,6.816583447156268,5.082296951155229,505.24623424454575,0.5,0.3223003328514087
STN010,04/08/2024 23:45,25.843275367331223,7.11931497848226,3.477797265528941,470.7089293526683,0.5,0.149270972567359
STN010,05/08/2024 00:00,61.0894254384553,6.588982235826958,2.042361988276032,413.1986445541616,0.0,1.31043524440965
STN010,05/08/2024 00:15,26.63501236556807,6.840133923122565,6.062515965872247,498.145441548118,0.0,0.3867605849105971
STN010,05/08/2024 00:30,28.8019227934088,6.6857407156342274,4.178145633319739,485.0749998952825,1.0,0.1306969642004398
STN010,05/08/2024 00:45,30.10714812206916,7.087915785222439,5.222358329434529,499.1943939779508,0.5,0.283210342406319
STN010,05/08/2024 01:00,17.550376102810898,6.812633161290567,6.94537414195759,515.4439289238011,1.0,1.4910971158331776
STN010,05/08/2024 01:15,25.267611079988228,6.647719724039683,1.238921011009421,385.4990868749484,2.0,0.1438554718139028
STN010,05/08/2024 01:30,44.89124632393384,6.536346787958757,3.555987500240594,515.288112041265,0.5,0.3287994983706248
STN010,05/08/2024 01:45,33.40929347623844,7.179871203549955,6.238180337306036,528.2636841289769,0.0,0.2785327003249507
STN010,05/08/2024 02:00,38.46872168018464,6.727274126237859,4.478443764234546,530.9885888352791,1.0,0.3978440029407181
STN010,05/08/2024 02:15,33.54464234834302,6.835900283258316,6.955016518821122,556.3965602568016,0.0,0.2898874286914393
STN010,05/08/2024 02:30,54.72516967290272,7.145473681354136,4.511387527088015,475.4815594006428,1.0,1.020078387207587
STN010,05/08/2024 02:45,37.50370446079295,7.423409222892154,5.615821082128259,475.4375756289429,0.5,0.1838193639277162
STN010,05/08/2024 03:00,87.45503151378578,6.807364912352477,6.795989786631937,571.8923731041904,1.0,0.8254141419441561
STN010,05/08/2024 03:15,18.855014730089465,7.447522586249036,6.524447546622821,568.2037504302498,0.5,0.9203636013713288
STN010,05/08/2024 03:30,24.02438403014584,6.5,4.656238985886627,485.6152529741027,0.2,0.2134345346590781
STN010,05/08/2024 03:45,30.57133491098807,7.520356513984559,4.796018779828917,487.2994208213241,0.2,0.4770684935854414
STN010,05/08/2024 04:00,35.770207614407546,7.362352442340642,3.3362063717732404,419.2589674468375,1.0,0.0358943190301543
STN010,05/08/2024 04:15,41.92332226368352,6.521399276212732,5.463326190136881,543.3372111504705,0.5,0.0731382905481622
STN010,05/08/2024 04:30,44.485203734454686,7.457190669861068,2.7341215117849758,435.7350253794005,0.5,0.4209909707889722
STN010,05/08/2024 04:45,32.67919496416618,6.672219831652902,4.299426484861067,464.74370391764535,0.5,0.2670343179154904
STN010,05/08/2024 05:00,26.73520137883049,6.5,0.3959674976288616,407.1412588768292,2.0,0.1206679161693164
STN010,05/08/2024 05:15,30.580221533575376,7.437788266145542,1.547430429479806,410.19821173531614,2.0,0.180031314245069
STN010,05/08/2024 05:30,38.63742098650762,6.812846981458936,7.097343246590341,550.9001556725659,0.5,0.4378939723521337
STN010,05/08/2024 05:45,32.7610071070549,6.523167347828815,2.7598885229166146,444.78919712058246,1.0,0.1877792805877563
STN010,05/08/2024 06:00,38.43485860236017,6.967353787449038,3.021961459606094,482.4252498300865,0.2,0.4843456028143467
STN010,05/08/2024 06:15,10.352481884386629,6.697396036146801,4.406806432890934,530.225232452978,1.0,0.9456516997640498
STN010,05/08/2024 06:30,31.221831949404333,6.915560234928181,7.891262093508839,531.7725185590525,0.5,0.4077587781259799
STN010,05/08/2024 06:45,11.086760281126054,7.749114170304701,3.033967282883697,427.56314424613294,1.0,1.2882967231467328
STN010,05/08/2024 07:00,39.140156741424384,6.591629423742784,2.8053505222577546,483.5340366598109,0.2,0.249961181508682
STN010,05/08/2024 07:15,32.28517521177221,6.842242061065678,1.2000645345636718,432.4356404905793,2.0,0.2230333416064394
STN010,05/08/2024 07:30,42.76014970532218,6.5,6.603503626621199,490.0343649971382,0.2,0.2869532153889918
STN010,05/08/2024 07:45,22.60079988489997,7.171719410088649,2.8435041676466177,533.3649170280731,2.0,0.2314146655486481
STN010,05/08/2024 08:00,32.79067432282806,6.787041917295974,2.3322172963566623,533.745054356962,0.0,0.0910946411599566
STN010,05/08/2024 08:15,38.22837140970486,7.38006542221745,3.9869593526948233,494.6916375851113,0.2,0.2970774092775998
STN010,05/08/2024 08:30,21.115013634796032,6.5,2.7791425585099776,438.05050211715167,0.5,0.1439319009072274
STN010,05/08/2024 08:45,24.413600746964512,6.71197578492821,0.5047634067851015,440.26428983104887,2.0,0.3424244049133622
STN010,05/08/2024 09:00,27.193494578783778,6.5,6.715577842085208,491.7292409524544,0.5,0.3236862192501815
STN010,05/08/2024 09:15,33.1118120048601,6.5,6.12014042544353,497.629088688165,0.2,0.0693313669691172
STN010,05/08/2024 09:30,35.40103300402316,6.526628986524648,0.8083981455072702,427.2740449167546,2.0,0.1901558251150053
STN010,05/08/2024 09:45,38.76680869280673,6.540439950436095,4.450904575092658,437.47633849740913,0.5,0.1637918763373719
STN010,05/08/2024 10:00,11.439497859318092,7.120717574898046,4.073597468108671,476.1729412179222,0.2,0.477680217345325
STN010,05/08/2024 10:15,30.5476266029824,6.638939678010228,7.256062188373372,556.2300777506418,0.5,0.4920240885131825
STN010,05/08/2024 10:30,36.133375987846925,7.112946660849649,6.443972913246077,565.8169981044701,1.0,0.1810765594833202
STN010,05/08/2024 10:45,8.910546400684819,7.023030252261595,7.5024237583425615,547.8684031262463,1.0,1.3567396381399386
STN010,05/08/2024 11:00,30.265395230083968,6.772885210220716,6.664365137727871,528.5666275041467,1.0,0.312508796003147
STN010,05/08/2024 11:15,43.77122503231738,6.746945608302047,0.753074467383789,413.7826462712698,2.0,0.3345128902756955
STN010,05/08/2024 11:30,8.12483037915873,7.495025952097437,1.3597195736481051,466.2083406818831,2.0,1.1503537069508631
STN010,05/08/2024 11:45,21.60779243225381,7.241308531982985,7.3149390970306,578.7547023154026,1.0,0.4875689428088649
STN010,05/08/2024 12:00,82.85049661740769,6.633016352461291,5.772996169570894,476.84108798625175,0.0,0.5595243614123002
STN010,05/08/2024 12:15,1.5788017203529647,6.640679838885933,5.401888970932494,507.266347163203,1.0,1.4873489080975832
STN010,05/08/2024 12:30,30.500862424566257,6.566137935005041,1.1620834802992317,392.4770818765626,2.0,0.3988867656553738
STN010,05/08/2024 12:45,39.15828199601808,6.5,3.163480759630445,492.0286491719094,0.5,0.3563259230163921
STN010,05/08/2024 13:00,34.8908345479573,6.849579858988725,5.938503336999011,576.2407435776281,1.0,0.4435374452773902
STN010,05/08/2024 13:15,16.449665520312074,7.11282143379516,6.404794767219967,561.3669074454788,1.0,1.0411761182395087
STN010,05/08/2024 13:30,11.819730852530393,7.036939977721756,4.768600104953356,486.7547439940364,1.0,0.613274972615038
STN010,05/08/2024 13:45,34.77175662239377,7.007951006222112,0.5165772450042498,375.57679069386734,2.0,0.3196819477934201
STN010,05/08/2024 14:00,12.790639654718492,6.972252116613472,3.3474228161917576,504.09712067447816,0.5,1.3620076290378396
STN010,05/08/2024 14:15,18.864173711805915,7.236702728186523,6.674786124246968,482.2012900395047,0.5,0.7280922407709212
STN010,05/08/2024 14:30,51.18757552360717,7.495857341704016,3.037974941774158,484.6586665057227,0.0,0.850236829088534
STN010,05/08/2024 14:45,15.140332437330528,7.123268822531884,1.959489666863616,430.8454944573736,2.0,1.4572759724962936
STN010,05/08/2024 15:00,58.17046214800425,6.5,6.882462744208045,489.1202054715949,0.2,0.551201339955181
STN010,05/08/2024 15:15,23.97653656549192,6.603811195344239,2.7585583136431344,424.0809262621689,2.0,0.3315933814812721
STN010,05/08/2024 15:30,35.50219819057792,6.643662873786077,7.936029582919063,543.3229857226883,0.2,0.490113926635742
STN010,05/08/2024 15:45,6.4015369187450455,6.981174980291353,6.222454373553824,467.5069487537324,0.2,0.8505510003207966
STN010,05/08/2024 16:00,21.821445318801047,6.75705339290092,2.57864554675318,404.8486618808024,0.5,0.1478879084832498
STN010,05/08/2024 16:15,22.703173029219013,6.5,7.077891366859469,571.226972972542,1.0,0.0809044580499292
STN010,05/08/2024 16:30,22.533898266850173,6.779216543115514,2.4373464944363405,417.846172117234,0.5,0.0925112550574317
STN010,05/08/2024 16:45,34.59408594571859,7.190793851188351,7.385691011087147,548.5221664928664,0.5,0.4149143454405947
STN010,05/08/2024 17:00,31.237474745787654,7.194520473895599,4.748708190497452,509.76277116156285,0.5,0.487519186695358
STN010,05/08/2024 17:15,31.001224742982263,6.595073233649516,1.7491049533339258,471.2696058504201,2.0,0.0767019021281046
STN010,05/08/2024 17:30,32.707440351875064,7.191475459569729,2.6970226937087727,435.7898071019744,2.0,0.4750811386668455
STN010,05/08/2024 17:45,29.031775904785576,7.039225770424582,7.302063303615168,526.61513098218,0.5,0.4332089545796803
STN010,05/08/2024 18:00,35.93451268182959,7.101102709223584,4.166089612260873,496.2662697550695,1.0,0.434750227184324
STN010,05/08/2024 18:15,41.81486249793768,6.722226686611337,4.492464066279675,521.9819632211382,1.0,0.0074918200282422
STN010,05/08/2024 18:30,13.08840334479087,6.816142780314287,5.886707728548666,509.27552360291446,1.0,0.9993884105380288
STN010,05/08/2024 18:45,30.38898976912646,6.5,7.397885976922211,526.8203177991088,0.2,0.3871473831255135
STN010,05/08/2024 19:00,28.686473156293808,6.8262181977669165,7.645190649556717,526.0160013012472,0.5,0.0349367750284321
STN010,05/08/2024 19:15,40.98831727052527,6.725243023661645,6.350432995434225,523.1802095437166,1.0,0.2574089792646769
STN010,05/08/2024 19:30,16.11712442690762,7.289667684844764,2.5206623012641725,385.22191475262855,0.2,0.4608371936087325
STN010,05/08/2024 19:45,26.248784089272224,6.822646373566681,2.678095233824898,463.86114181535663,0.5,0.3876382182038281
STN010,05/08/2024 20:00,35.72314072184628,6.931874568464363,5.518130933834746,492.5283225424458,0.2,0.0789914455903688
STN010,05/08/2024 20:15,32.66671456288328,7.058642435164811,0.2632869370531223,379.36729785881937,2.0,0.0239597180472171
STN010,05/08/2024 20:30,22.75974269409443,7.324070711733957,1.563656780621429,434.8143949183789,2.0,0.47479777102083
STN010,05/08/2024 20:45,36.28042706949664,6.928852521972179,6.227517920319794,510.7783846245012,0.2,0.0414262138037417
STN010,05/08/2024 21:00,8.537996556181549,6.60264364762181,5.079818413660294,579.1909504640826,1.0,1.0125006568990031
STN010,05/08/2024 21:15,18.846123710312167,7.451864783482303,7.6130102781929825,551.0531901130267,0.5,1.0047851275552693
STN010,05/08/2024 21:30,16.839707085918654,7.21617162007175,4.942896106201383,514.968115886793,1.0,1.0890041861301325
STN010,05/08/2024 21:45,29.11119560581918,7.360547821584777,7.409528581484456,553.4803369060593,0.5,0.2828052216153688
STN010,05/08/2024 22:00,36.85541980851208,7.050853942620521,4.461020894931839,457.8459944256717,0.5,0.4356532115966093
STN010,05/08/2024 22:15,39.500871240421205,7.393978395033718,2.63684342943148,507.5122306159868,2.0,0.4310494450106058
STN010,05/08/2024 22:30,33.76346761708987,6.97166699098904,5.6844002628826455,489.6005549060785,1.0,0.3503567366264781
STN010,05/08/2024 22:45,29.26239835024761,6.618340588728098,4.867994783040696,530.3230589311243,0.2,0.0437573426955183
STN010,05/08/2024 23:00,37.9817399911727,6.969820104087241,7.917584165902014,544.3058097055858,0.2,0.3601501963481406
STN010,05/08/2024 23:15,40.32392572217928,6.993519779219949,1.86333522151743,409.75393268848666,2.0,0.197736679550638
STN010,05/08/2024 23:30,38.340639747914665,7.114427149130596,3.664861547111932,445.2099736772482,0.2,0.4797661396498085
STN010,05/08/2024 23:45,41.9245946553128,6.716025951111326,3.536866632420509,480.5391397759435,1.0,0.1386008522454569
STN010,06/08/2024 00:00,42.70997344121926,7.01554145256841,7.193222676966137,558.6241216824128,0.5,0.3300574602203382
STN010,06/08/2024 00:15,29.86864537489124,6.5086333980751645,3.865136774508941,490.6302849972533,0.2,0.4006788572157562
STN010,06/08/2024 00:30,33.58582136438541,6.5,2.2259334215912734,443.15154653482455,1.0,0.3583427848937702
STN010,06/08/2024 00:45,38.39901649305212,7.333114184489569,0.4165676958862903,455.4335257514606,2.0,0.225696224761299
STN010,06/08/2024 01:00,38.73302348598448,6.694661192635612,5.418192474617055,480.0644621815499,0.2,0.251311184928673
STN010,06/08/2024 01:15,25.53445102285256,7.093022898034644,7.537415806384778,517.7262639846646,0.0,0.2826698714455518
STN010,06/08/2024 01:30,32.09093989592507,6.976640193103844,0.331559573311479,402.5752224024093,2.0,0.2606912938912509
STN010,06/08/2024 01:45,63.52379788309898,6.658587679041834,3.4379299474167966,506.3901411907816,0.5,1.3214382875495885
STN010,06/08/2024 02:00,34.36507948325295,6.921960611591214,6.375984332851095,531.4304648818977,1.0,0.0761262352885749
STN010,06/08/2024 02:15,20.43051926266817,6.686136115986469,7.490168936183148,586.9322926576993,0.5,0.2598242337550095
STN010,06/08/2024 02:30,40.93944783845174,6.6995127392032,5.500436309261813,529.1293202876401,0.5,0.1477561226336995
STN010,06/08/2024 02:45,71.58944709697971,6.5,7.27420720832486,545.3571667144444,0.2,0.6068001959312226
STN010,06/08/2024 03:00,12.882554719362757,6.868238628975705,2.5202765062629684,474.3241768733389,0.5,1.2011339799397656
STN010,06/08/2024 03:15,32.6800136121128,7.577571250380084,6.928532488735469,553.0987733068707,0.2,0.1389093106471923
STN010,06/08/2024 03:30,41.23636651635231,6.863099318741879,5.2366057303097024,468.4138017122983,1.0,0.1230397962324443
STN010,06/08/2024 03:45,32.85035485818963,6.820993300523452,5.316881992844198,515.0502469954913,0.5,0.2858492007402677
STN010,06/08/2024 04:00,44.30357215446673,6.765182119955649,1.3264773773329397,461.7544285436568,2.0,0.2410279364702309
STN010,06/08/2024 04:15,40.8328673858709,6.89179572906778,0.2840814988428502,424.09119992895256,2.0,0.2932726466544672
STN010,06/08/2024 04:30,34.91793839611953,6.721216051584268,1.3360659488436373,444.2508500227504,2.0,0.3454994999876501
STN010,06/08/2024 04:45,20.72625201599596,6.6799161666263815,6.241736755965992,517.5651568245378,1.0,0.0563620594920267
STN010,06/08/2024 05:00,5.266855389583505,6.916117335309215,6.937000903318807,516.560140072352,0.5,1.382198963292762
STN010,06/08/2024 05:15,32.768394475762925,6.637750002273283,7.93080754420246,530.3663944265173,0.5,0.224402117077144
STN010,06/08/2024 05:30,7.925171552114698,7.069926926318509,7.187341122408418,546.7273612077156,1.0,0.9301211262048624
STN010,06/08/2024 05:45,27.13990910070672,6.8513573297352455,7.8979593960861,561.8406037741961,1.0,0.2072773436424547
STN010,06/08/2024 06:00,24.532465623625164,7.076085307351599,3.2969655890948664,417.2183138094164,0.2,0.4224314427103692
STN010,06/08/2024 06:15,23.10917859308892,6.938167649956772,2.4057437142998257,483.36203401793136,2.0,0.1166253575007894
STN010,06/08/2024 06:30,24.637412477946377,6.708122293010793,5.581348828113888,476.94946501073736,0.2,0.2783819804739047
STN010,06/08/2024 06:45,31.97844964115717,6.989086412156825,2.691482591200785,485.9475740545028,1.0,0.1320118042250958
STN010,06/08/2024 07:00,30.60051791837099,6.601730740651837,6.287809110027797,542.8599820889802,0.5,0.2291758446394132
STN010,06/08/2024 07:15,26.73814617104421,6.990371811450287,6.306293612676706,563.1476641516915,0.5,0.2540175873534001
STN010,06/08/2024 07:30,43.09235277316014,7.081848115041558,6.16381536206312,453.89640077982415,0.5,0.0674350285651275
STN010,06/08/2024 07:45,22.99173867861746,7.233224856734817,5.867953290255338,585.1492364687102,0.0,0.4589032636048586
STN010,06/08/2024 08:00,39.26046331763585,7.07270179672967,1.8843993645005532,440.13290191444776,2.0,0.2105805971745681
STN010,06/08/2024 08:15,38.533741909064254,6.508140698987124,2.499668828485221,445.0205770893024,2.0,0.3798610081022208
STN010,06/08/2024 08:30,26.98586994373473,6.959065632353579,6.078940066827218,529.5389149155637,0.5,0.4946711684593208
STN010,06/08/2024 08:45,36.086887957750406,7.131437444742973,6.52747775839387,460.0480284187764,0.2,0.0906223781649503
STN010,06/08/2024 09:00,32.20076966551457,6.643621201847969,6.086957832055982,537.7807338414173,0.2,0.2655991857567586
STN010,06/08/2024 09:15,10.458633176082158,6.7806255692460295,4.5211535975993415,455.4936163045326,0.0,1.48584773286404
STN010,06/08/2024 09:30,24.282073301911435,7.089834392825586,5.589139546822012,526.8126138038892,1.0,0.2189968964103104
STN010,06/08/2024 09:45,44.2475813834631,7.014547150590249,3.2608261686266147,536.7125922067756,0.5,0.3714122632947042
STN010,06/08/2024 10:00,18.90492156759936,6.667506002206475,3.403462765642105,496.4984973951158,0.5,0.8574071027331591
STN010,06/08/2024 10:15,21.152061260131944,7.079329429502884,2.241377494068,484.4158359612856,0.5,0.486063665219134
STN010,06/08/2024 10:30,44.28151934046465,6.998959099693439,1.7391817852618845,470.9147870228685,2.0,0.1244172407144368
STN010,06/08/2024 10:45,5.692867907621149,6.997238444514746,7.823893184124848,566.3447462958972,0.0,0.6229994071542613
STN010,06/08/2024 11:00,20.573613475236943,7.110800602647139,4.083670862691902,507.6636170334466,0.5,0.2397656830296496
STN010,06/08/2024 11:15,37.45891420305671,7.069385230375209,4.139506503960375,491.3159503907131,1.0,0.2944316353245312
STN010,06/08/2024 11:30,32.16133083949998,6.6647397798264345,2.3017229029172794,407.6756929014555,2.0,0.1018559946343453
STN010,06/08/2024 11:45,10.466263302251193,6.789180131294388,2.3215222606785773,417.69456366077736,1.0,0.5115984701845748
STN010,06/08/2024 12:00,79.76906118382438,6.888087346683365,6.552753968160868,552.3171851893912,0.5,1.1454577819544125
STN010,06/08/2024 12:15,37.30126518031585,7.502182459989326,6.305430130847755,504.7209673302057,1.0,0.4332217951616519
STN010,06/08/2024 12:30,32.44530616460446,6.994319465483765,1.296176554590201,392.9380786458085,2.0,0.392095432099279
STN010,06/08/2024 12:45,27.93102713755751,6.670760418035237,0.9262316461260516,390.62865982448034,2.0,0.32992409320078
STN010,06/08/2024 13:00,28.61384436680392,6.857900777894421,4.06794101982141,509.5683749399981,0.0,0.0139239538166156
STN010,06/08/2024 13:15,76.57235406334661,7.331005705766371,7.3194451074155,521.707138810456,0.5,1.0787370926217807
STN010,06/08/2024 13:30,18.22674333304889,6.995134204757847,4.294149260602349,503.9053381088233,1.0,0.3021094446656623
STN010,06/08/2024 13:45,23.98078487922889,7.042370500540151,3.375029375328407,482.32408223728,1.0,0.25757743559986
STN010,06/08/2024 14:00,36.72183574917693,6.5263443986493535,4.605255156974176,491.6411401603833,0.5,0.1708973577089778
STN010,06/08/2024 14:15,38.8730171677872,7.041926091642668,2.9518968595916464,517.0190536477327,0.5,0.1661092593908687
STN010,06/08/2024 14:30,32.019446529122696,6.714027899319963,2.6871345909971334,486.8485354541237,1.0,0.2063611411807404
STN010,06/08/2024 14:45,40.70370588735239,7.17895120237206,7.143030904493714,578.4391541417041,0.5,0.1487766294823201
STN010,06/08/2024 15:00,22.06232296143649,6.586334041345333,2.164240207981842,417.1950205818547,0.5,0.1114798234339473
STN010,06/08/2024 15:15,34.45010564550324,6.979316818097137,2.2192485221287286,506.82542210984855,2.0,0.469272297167404
STN010,06/08/2024 15:30,20.52528843987508,6.5,2.6107595290236354,396.6632038006204,0.5,0.3503297782273865
STN010,06/08/2024 15:45,41.72177215308315,6.745360656689983,7.698721845822134,543.988717764642,1.0,0.0716433260550246
STN010,06/08/2024 16:00,44.20114947024301,7.016426108946622,1.0478895344292405,418.5373898653116,2.0,0.0407397347008229
STN010,06/08/2024 16:15,28.201028477091803,6.5691162076759655,6.98325023528691,500.13690861870185,1.0,0.2614004362369593
STN010,06/08/2024 16:30,3.3188636762542267,6.873278650089632,3.916556849758952,504.85601102762666,0.5,0.6895161833923436
STN010,06/08/2024 16:45,44.5042863622128,6.59966710412942,6.886654712730803,554.8222274882083,0.0,0.038755601256953
STN010,06/08/2024 17:00,30.471542188649003,7.212519999130945,3.66641976635496,483.9961468422567,1.0,0.4710346643858633
STN010,06/08/2024 17:15,17.615283441346122,6.882984140949939,2.2326773650722056,459.55949551564754,2.0,0.4289301939349442
STN010,06/08/2024 17:30,27.766629175487672,7.365379637347548,2.0617371933203863,432.64662629930814,2.0,0.4421073592645933
STN010,06/08/2024 17:45,29.26599683127784,6.745722846641948,5.557665482942451,552.7743174644459,1.0,0.3009578435258148
STN010,06/08/2024 18:00,90.52099767433636,6.984586957318999,7.744293957827348,556.2417534106588,0.5,0.4661977804598516
STN010,06/08/2024 18:15,33.804436223631754,6.934704447291667,6.790618850959228,583.0676585912906,0.2,0.4884262902581044
STN010,06/08/2024 18:30,41.24263016199016,6.819244950164239,5.254349730374832,482.4205849210645,1.0,0.0421922906715113
STN010,06/08/2024 18:45,41.99066507740852,7.32646164580412,6.71230470278799,523.6729979268537,0.2,0.2035827017166371
STN010,06/08/2024 19:00,8.790592859629683,7.692569539843956,2.8876274357933385,464.52988676791847,2.0,1.175649275020482
STN010,06/08/2024 19:15,31.76766012232062,6.9995074852961565,3.366854617495794,399.2070787755404,0.5,0.0517308393914157
STN010,06/08/2024 19:30,37.01580067815408,7.442186324593304,4.469336940133473,515.7682594140535,0.5,0.4336328466271867
STN010,06/08/2024 19:45,33.46328523759628,7.436088006108299,4.464973412926016,541.2241277608841,0.2,0.4950804751396588
STN010,06/08/2024 20:00,33.25162145498887,6.835113571596158,6.294636069156103,545.7824924517626,0.5,0.3944683001811772
STN010,06/08/2024 20:15,39.66540524703858,6.5,3.721085109975244,421.7697484304064,1.0,0.0239164328528923
STN010,06/08/2024 20:30,3.842960500854058,7.175806233887373,5.313050144899779,529.9991899972043,0.5,1.2243898737129482
STN010,06/08/2024 20:45,42.45651419435482,6.726482388113349,5.467621708780075,491.2252827939161,1.0,0.2118060177609251
STN010,06/08/2024 21:00,29.09247893070164,6.784896582577601,2.031165660331543,422.05262018619976,1.0,0.2791838450160251
STN010,06/08/2024 21:15,72.15432127798957,7.251002973102061,4.038059827018772,477.0059543396205,0.5,0.6320002668102936
STN010,06/08/2024 21:30,29.927472202668653,7.176847881606535,6.123282817147836,451.2857660017608,0.5,0.2132387784435577
STN010,06/08/2024 21:45,24.4209085797394,6.5561059318168295,2.457866354790455,423.8347173368337,2.0,0.1856348313361657
STN010,06/08/2024 22:00,41.56603084519355,7.086301615065189,7.162233759510164,558.708617637836,0.0,0.4943366362141239
STN010,06/08/2024 22:15,29.602841708076376,7.060338673147644,2.1335908951665044,474.4778065945655,1.0,0.2052912020343568
STN010,06/08/2024 22:30,26.762248493707936,6.772099034291373,4.656709567408583,473.6044366009376,0.5,0.3133743904391916
STN010,06/08/2024 22:45,21.00510647501778,6.5,5.11929849445135,497.37017585180985,1.0,0.2387849267005168
STN010,06/08/2024 23:00,44.48216647453637,7.058685366511121,4.750858489885596,482.1202744569721,0.5,0.4348535752719817
STN010,06/08/2024 23:15,31.06717439425165,7.258141477733493,5.948533726550068,550.2335691278939,0.0,0.0201058325851672
STN010,06/08/2024 23:30,41.63992571838409,7.047637896419053,1.9544611634735367,394.290240620926,2.0,0.3124142403943934
STN010,06/08/2024 23:45,39.38094465996622,6.539905147989433,6.3916965067487705,529.7856684697871,0.0,0.3353146431402426
STN010,07/08/2024 00:00,28.034119834826875,7.6591427430616354,5.989168878892756,526.9061369689567,0.2,0.4677139320809652
STN010,07/08/2024 00:15,31.81125202316189,6.5,2.5354392968823234,403.3154688275695,0.5,0.0309111452002266
STN010,07/08/2024 00:30,4.032607132271869,7.200965138858623,2.548948221619761,482.77006807843,2.0,0.553214149054309
STN010,07/08/2024 00:45,28.458108252026484,6.816142394997047,2.9497910939802257,481.57548692876594,0.2,0.098930139867975
STN010,07/08/2024 01:00,9.608991242826054,6.593494117171365,4.1811945607494,488.0003897939848,0.5,0.3980862165298853
STN010,07/08/2024 01:15,82.83574495521466,7.4822516370036976,6.582375213760118,543.1377162680357,0.5,0.4230727715752829
STN010,07/08/2024 01:30,3.7675584750573554,7.09542576654636,3.6474059718541927,470.9725464421056,0.5,1.03620056754344
STN010,07/08/2024 01:45,43.440857857103154,6.790987810177769,2.955246690788444,426.1402323729073,1.0,0.2964512026368853
STN010,07/08/2024 02:00,40.35387774399744,6.954375404742101,4.796316435243623,480.8370165935841,0.5,0.4894846644396962
STN010,07/08/2024 02:15,26.0367289805622,6.5,7.232039284960008,565.9050697750298,0.5,0.2860643800300149
STN010,07/08/2024 02:30,32.1122782455134,6.953662239042144,4.16888317107628,533.9101999851244,0.2,0.0821471275920078
STN010,07/08/2024 02:45,28.608585182705767,6.933496975300327,0.2698837564530523,437.3064225412555,2.0,0.1628174060650211
STN010,07/08/2024 03:00,33.59147697464114,6.679906987281944,4.13622689003636,443.3527491155017,0.2,0.0357081597870168
STN010,07/08/2024 03:15,26.491464754741383,6.9415797745782815,3.0708133295208926,461.0180393489059,1.0,0.3303423494568666
STN010,07/08/2024 03:30,37.79817881086953,6.723147309809861,2.5276918159949324,463.5338382021216,2.0,0.312032722386511
STN010,07/08/2024 03:45,21.85636573772927,7.084197869098741,5.391236996817021,532.7543413576469,0.0,0.0228282490783174
STN010,07/08/2024 04:00,54.01266067322036,7.14252123577876,4.007833405939306,486.2926924302884,0.0,0.7386370043788231
STN010,07/08/2024 04:15,26.99040573777046,6.5,6.017544755924769,531.019188991286,0.5,0.0775932499335033
STN010,07/08/2024 04:30,34.7937930384404,6.626979031845157,5.63176771467764,484.863151489492,1.0,0.3274080658615136
STN010,07/08/2024 04:45,10.51645654269425,7.126361189303437,6.278212658294235,492.92350367451576,1.0,0.6888808501269033
STN010,07/08/2024 05:00,11.336054770473735,7.504222299559198,1.6574355186108702,484.1966411821008,2.0,0.8544640772185275
STN010,07/08/2024 05:15,18.10811394873639,6.683388249692058,4.361742405500822,487.1292700844109,0.5,1.08338211008485
STN010,07/08/2024 05:30,33.22735292635951,7.701058462442981,2.499280695141045,478.37448395414026,2.0,0.403067023833581
STN010,07/08/2024 05:45,27.060990046248502,6.605314397283832,6.521809174790738,471.5229218648496,0.5,0.2010974881297677
STN010,07/08/2024 06:00,33.18163316401252,6.941558611145562,0.3571573659563615,416.7864270451501,2.0,0.0459087466757991
STN010,07/08/2024 06:15,33.94308677274134,6.728851338984318,7.004430878607397,497.7394989179029,0.5,0.0028015383941903
STN010,07/08/2024 06:30,97.82662437959338,6.531723666060832,4.708640090401804,472.19349289280746,0.2,1.23742040903133
STN010,07/08/2024 06:45,44.62528286636031,7.01175089897129,4.725697283253748,532.9287275738111,0.5,0.208103710240842
STN010,07/08/2024 07:00,22.254584753200444,7.203315935148559,2.302717562828949,515.6436094496273,0.2,0.459635457459745
STN010,07/08/2024 07:15,30.83602621918005,6.794661872560424,5.184343570294405,506.9260020210037,0.2,0.0894483294421485
STN010,07/08/2024 07:30,28.39767144073244,6.5,4.338131539546146,474.725452208154,0.5,0.3764084954431203
STN010,07/08/2024 07:45,23.62254717325283,6.949881832384144,6.538776227873574,595.182149310763,0.2,0.1241424095552348
STN010,07/08/2024 08:00,29.950479936205028,6.5,3.017171788172458,463.9993732908741,0.5,0.3366922833534531
STN010,07/08/2024 08:15,11.315619159472323,6.767094314205676,7.154861315740893,524.0683174767355,0.0,0.6284252846234801
STN010,07/08/2024 08:30,31.065715110361975,7.053981301862749,4.49750001498181,461.963625600929,0.5,0.3221137860514882
STN010,07/08/2024 08:45,38.65466818549373,6.5,2.484979878976612,527.937826868513,2.0,0.0609137990470822
STN010,07/08/2024 09:00,30.07758654918769,6.636152899681986,3.295168603793802,440.0998312512335,0.5,0.2805104039286811
STN010,07/08/2024 09:15,3.1870842692230106,6.765050950312648,3.034667952980635,458.294193763462,0.2,0.8364745263068603
STN010,07/08/2024 09:30,44.03851638563492,6.528922681988391,2.0127606765253927,472.5429495344503,0.5,0.161395541416179
STN010,07/08/2024 09:45,3.860651095689782,7.208459178126938,5.30785991845099,529.638501096535,1.0,1.4913533968075043
STN010,07/08/2024 10:00,6.376226376390315,6.989613916130365,5.289592891661284,536.555903961549,0.5,0.8034540511850152
STN010,07/08/2024 10:15,23.424786971431075,6.706240044283215,6.180147399496175,490.5063276996646,0.5,0.3622469979340645
STN010,07/08/2024 10:30,38.90191219873068,6.77572886044769,6.267176406176958,498.7704719487245,1.0,0.4653457089355249
STN010,07/08/2024 10:45,29.415026969240454,7.65389929483402,3.5413812466137147,403.1452683172018,0.2,0.4535970374034922
STN010,07/08/2024 11:00,36.233251285748935,6.920851841345266,4.35307296051516,525.6450686481886,0.5,0.1741053418934305
STN010,07/08/2024 11:15,71.20327328616816,7.056820792044886,7.0401046686532,523.9875117774259,0.0,0.9325716213705032
STN010,07/08/2024 11:30,27.8396382170806,6.5,4.867541310174211,496.1551838396454,0.2,0.3180489164319818
STN010,07/08/2024 11:45,20.023663869648523,6.729846085594782,2.359755188875549,444.0122465875347,0.2,0.1418906575558277
STN010,07/08/2024 12:00,10.041123192523198,6.890540985679101,6.061945011741793,551.5410399125443,0.5,1.0470080441681655
STN010,07/08/2024 12:15,21.60683236332641,6.829514056611049,0.8621903783586318,441.7438677185555,2.0,0.0568476356566223
STN010,07/08/2024 12:30,21.062173195946247,6.5,5.048979416761352,489.4236718344248,0.5,0.1833760483970759
STN010,07/08/2024 12:45,25.74500356899628,6.836533338663501,4.690186786490025,517.4734499913786,0.5,0.1264874181261194
STN010,07/08/2024 13:00,62.73057156846036,6.8478859195339865,2.0963151992386897,476.51437049415085,0.5,1.2267222546535677
STN010,07/08/2024 13:15,25.06068541254632,6.821127136891262,2.052412895430325,385.9570770823876,0.5,0.0792226358729494
STN010,07/08/2024 13:30,24.2156524761936,6.840806608556131,7.364317227962248,567.5911604806545,0.5,0.3043298038956842
STN010,07/08/2024 13:45,21.535689450626126,6.5,2.0436066554469448,446.1532887645204,2.0,0.0833148676788128
STN010,07/08/2024 14:00,27.13482178512698,6.692777328690282,2.0412915168839625,399.8638613714113,0.0,0.4588258139492711
STN010,07/08/2024 14:15,35.29680928840596,6.853619741227716,4.923799233542655,488.8390760376055,1.0,0.4720663220863336
STN010,07/08/2024 14:30,26.847567834525258,6.832603855610562,2.9035020934886635,466.7849233103585,2.0,0.1017714718891144
STN010,07/08/2024 14:45,15.441982388937795,6.994123036458933,3.6944798372222527,506.5643515193652,0.5,0.9941743620674276
STN010,07/08/2024 15:00,42.69533501860032,6.5,3.0700076909509084,479.4507413655237,1.0,0.103542057729154
STN010,07/08/2024 15:15,44.95761497218112,6.60182068220939,4.43139462356913,495.6739898065536,0.5,0.1490685939789585
STN010,07/08/2024 15:30,43.50188446604199,6.972311623355577,4.089752691340429,501.6392591015714,0.5,0.2826421200755834
STN010,07/08/2024 15:45,29.15264468462057,7.110639344058064,7.545196916335474,517.9899489211022,0.2,0.0733891470261478
STN010,07/08/2024 16:00,22.095267235103407,7.556894733876673,6.256945955812439,543.7901795018223,0.2,0.4664182516131508
STN010,07/08/2024 16:15,91.09493013865097,6.776287924720871,4.7690195176151855,472.13593117359375,0.0,1.0829577747928
STN010,07/08/2024 16:30,37.71469410846116,6.896258612402676,2.494093481792839,436.5821751643711,1.0,0.4625491277671981
STN010,07/08/2024 16:45,29.17080596437991,6.844361219437393,3.8434122095432217,475.3146788375634,0.5,0.1557260712512013
STN010,07/08/2024 17:00,36.544469989532345,6.548331642514566,6.038149713042936,530.9573383112548,1.0,0.2958977082075787
STN010,07/08/2024 17:15,3.360290875183192,6.905837095522192,4.610207903948277,511.3899011574068,0.2,1.363617966859169
STN010,07/08/2024 17:30,24.2955780775944,7.417416409206322,2.1074297905527306,470.6278951909275,2.0,0.4199318969252293
STN010,07/08/2024 17:45,40.47849852684152,6.987457328041391,6.153222778722638,495.23112723256935,0.5,0.3250987132376924
STN010,07/08/2024 18:00,38.89055324357077,6.5,4.634487976806462,492.3879636716874,0.2,0.1000432383086864
STN010,07/08/2024 18:15,28.15128569411379,7.317216944650292,2.5335798639285163,454.747543455177,0.5,0.0595611631663948
STN010,07/08/2024 18:30,25.684077079314207,7.051131213748794,1.6746082239590898,474.1540324777562,2.0,0.4799543893107968
STN010,07/08/2024 18:45,40.81881233769128,6.5,3.1121422131635708,511.6567297794774,0.5,0.2822334101265325
STN010,07/08/2024 19:00,28.34033222890969,6.757826061811216,7.232389677236853,605.3071417636429,0.5,0.0147307335816853
STN010,07/08/2024 19:15,51.92094814444999,6.796338138952709,4.974782143052483,517.1532240957155,0.5,1.3111763975953397
STN010,07/08/2024 19:30,36.50829351364696,6.749878183179111,2.3511423829503912,437.23339193695296,0.5,0.109994509401011
STN010,07/08/2024 19:45,33.6387857870298,6.615119135273839,2.5969387160965773,446.4015544310301,0.2,0.0959399104533952
STN010,07/08/2024 20:00,29.50336246342456,7.032328384546993,2.508672181719681,483.4133601054344,0.5,0.0348725642321455
STN010,07/08/2024 20:15,41.23265809541559,6.652834067460768,4.315216141545028,501.1325969856104,0.5,0.3772612668498344
STN010,07/08/2024 20:30,39.60172619215607,6.775819551026987,4.08146427822301,406.90428146316674,1.0,0.0841086774834468
STN010,07/08/2024 20:45,25.63933232190841,6.863357700514266,4.198411373096172,474.8693545481768,0.2,0.0150697857790986
STN010,07/08/2024 21:00,44.80041574882233,6.97522434999718,7.840980326227338,557.8610529240357,0.5,0.2426101986057291
STN010,07/08/2024 21:15,20.10072793340069,6.648237862692366,5.679074377776685,536.6777871535467,1.0,0.2554662093405394
STN010,07/08/2024 21:30,32.59417407395439,6.772569803907308,6.351684570993255,538.3649401660479,0.5,0.023978011007912
STN010,07/08/2024 21:45,21.600597727354828,6.83749718192009,7.208835507703876,546.484953144161,0.5,0.0883062808715871
STN010,07/08/2024 22:00,41.96227407141824,6.5,7.70301841656312,542.048526092133,1.0,0.0683730393593516
STN010,07/08/2024 22:15,39.53876556210245,6.752916344672234,6.180533932962051,578.837038588558,0.5,0.1091607570859534
STN010,07/08/2024 22:30,24.308119114121997,7.018380053249103,5.261016101833669,533.4067367222152,0.5,0.3935693549759894
STN010,07/08/2024 22:45,36.17611677327494,7.155484458443584,0.3939796886141943,411.9351708000714,2.0,0.0263607880103015
STN010,07/08/2024 23:00,24.55412664679131,6.906115649263936,2.4034466992650216,408.23996177793913,2.0,0.0963480349650232
STN010,07/08/2024 23:15,24.73581776353993,6.5,5.742391982226611,548.4905796720158,0.2,0.2544721874086622
STN010,07/08/2024 23:30,44.04259187037978,7.182686073887421,1.4569279503510555,460.36449051608207,2.0,0.4864511465311237
STN010,07/08/2024 23:45,27.48060453949754,6.759083223647692,6.375056336429047,505.4416438316844,0.5,0.3835014663168782
STN010,08/08/2024 00:00,34.21823978366937,6.622370518350731,4.471450713892203,483.0581255981517,0.5,0.2181318057860892
